2025-11-30T12:47:36.889380+01:00 esp32 Protocol: Connected to WiFi
2025-11-30T12:47:36.903808+01:00 esp32 Protocol: Failed to connect to server
2025-11-30T12:47:38.919708+01:00 esp32 Protocol: Failed to connect to server
2025-11-30T12:47:40.930824+01:00 esp32 Protocol: Failed to connect to server
2025-11-30T12:47:42.943874+01:00 esp32 Protocol: Failed to connect to server
2025-11-30T12:47:44.969267+01:00 esp32 Protocol: Failed to connect to server
2025-11-30T12:47:46.982173+01:00 esp32 Protocol: Failed to connect to server
2025-11-30T12:47:46.984497+01:00 esp32 Motor: INIT MOTORS - START
2025-11-30T12:47:47.000358+01:00 esp32 Motor: INIT MOTORS - END
2025-11-30T12:47:47.004375+01:00 esp32 Main: INIT I2C
2025-11-30T12:47:50.219172+01:00 esp32 Main: Battery: 18 , 13155 mV, 2384 raw
2025-11-30T12:47:50.231205+01:00 esp32 Protocol: Wifi 1, Server: 0, Latest millis: 0, Used: 0, Read header: 0, Sensors count: 0
2025-11-30T12:48:00.276574+01:00 esp32 Main: Battery: 20 , 13249 mV, 2401 raw
2025-11-30T12:48:00.291812+01:00 esp32 Protocol: Wifi 1, Server: 0, Latest millis: 0, Used: 0, Read header: 0, Sensors count: 0
2025-11-30T12:48:10.325130+01:00 esp32 Main: Battery: 20 , 13155 mV, 2400 raw
2025-11-30T12:48:10.337624+01:00 esp32 Protocol: Wifi 1, Server: 0, Latest millis: 0, Used: 0, Read header: 0, Sensors count: 0
2025-11-30T12:48:20.242600+01:00 esp32 Main: Battery: 18 , 13161 mV, 2369 raw
2025-11-30T12:48:20.259626+01:00 esp32 Protocol: Wifi 1, Server: 0, Latest millis: 0, Used: 0, Read header: 0, Sensors count: 0
2025-11-30T12:48:30.278700+01:00 esp32 Main: Battery: 20 , 13161 mV, 2384 raw
2025-11-30T12:48:30.294421+01:00 esp32 Protocol: Wifi 1, Server: 0, Latest millis: 0, Used: 0, Read header: 0, Sensors count: 0
2025-11-30T12:48:40.315843+01:00 esp32 Main: Battery: 20 , 13249 mV, 2385 raw
2025-11-30T12:48:40.328373+01:00 esp32 Protocol: Wifi 1, Server: 0, Latest millis: 0, Used: 0, Read header: 0, Sensors count: 0
2025-11-30T12:48:50.267168+01:00 esp32 Main: Battery: 16 , 13067 mV, 2369 raw
2025-11-30T12:48:50.280292+01:00 esp32 Protocol: Wifi 1, Server: 0, Latest millis: 0, Used: 0, Read header: 0, Sensors count: 0
2025-11-30T12:49:00.268181+01:00 esp32 Main: Battery: 37 , 13956 mV, 2513 raw
2025-11-30T12:49:00.280466+01:00 esp32 Protocol: Wifi 1, Server: 0, Latest millis: 0, Used: 0, Read header: 0, Sensors count: 0
2025-11-30T12:49:10.267493+01:00 esp32 Main: Battery: 35 , 13867 mV, 2513 raw
2025-11-30T12:49:10.280997+01:00 esp32 Protocol: Wifi 1, Server: 0, Latest millis: 0, Used: 0, Read header: 0, Sensors count: 0
2025-11-30T12:49:48.093300+01:00 esp32 Protocol: Connected to WiFi
2025-11-30T12:49:48.101631+01:00 esp32 Protocol: Connected to server
2025-11-30T12:49:48.104072+01:00 esp32 Motor: INIT MOTORS - START
2025-11-30T12:49:48.116795+01:00 esp32 Motor: INIT MOTORS - END
2025-11-30T12:49:48.118849+01:00 esp32 Main: INIT I2C
2025-11-30T12:49:50.066474+01:00 esp32 Main: Battery: 26 , 13509 mV, 2448 raw
2025-11-30T12:49:50.078930+01:00 esp32 Protocol: Wifi 1, Server: 1, Latest millis: 0, Used: 0, Read header: 0, Sensors count: 0
2025-11-30T12:49:50.093191+01:00 esp32 Protocol: Parsed header. Millis 0 Type: 0 Size: 10
2025-11-30T12:49:50.108062+01:00 esp32 Main: Received motor move
2025-11-30T12:49:50.109764+01:00 esp32 Protocol: Motor DX: 0 0.000000, SX: 0 0.000000
2025-11-30T12:50:00.054628+01:00 esp32 Main: Battery: 26 , 13685 mV, 2496 raw
2025-11-30T12:50:00.066579+01:00 esp32 Protocol: Wifi 1, Server: 0, Latest millis: 0, Used: 0, Read header: 0, Sensors count: 0
2025-11-30T12:50:23.774635+01:00 esp32 Protocol: Connected to WiFi
2025-11-30T12:50:23.786198+01:00 esp32 Protocol: Connected to server
2025-11-30T12:50:23.788935+01:00 esp32 Motor: INIT MOTORS - START
2025-11-30T12:50:23.790808+01:00 esp32 Motor: INIT MOTORS - END
2025-11-30T12:50:23.806812+01:00 esp32 Main: INIT I2C
2025-11-30T12:50:25.753392+01:00 esp32 Main: Battery: 33 , 13779 mV, 2480 raw
2025-11-30T12:50:25.766000+01:00 esp32 Protocol: Wifi 1, Server: 1, Latest millis: 0, Used: 0, Read header: 0, Sensors count: 0
2025-11-30T12:50:25.779628+01:00 esp32 Protocol: Parsed header. Millis 0 Type: 0 Size: 10
2025-11-30T12:50:25.794868+01:00 esp32 Main: Received motor move
2025-11-30T12:50:25.796843+01:00 esp32 Protocol: Motor DX: 0 0.000000, SX: 0 0.000000
2025-11-30T12:50:35.745351+01:00 esp32 Main: Battery: 31 , 13773 mV, 2465 raw
2025-11-30T12:50:35.758017+01:00 esp32 Protocol: Wifi 1, Server: 1, Latest millis: 0, Used: 0, Read header: 0, Sensors count: 0
2025-11-30T12:50:45.745190+01:00 esp32 Main: Battery: 28 , 13691 mV, 2481 raw
2025-11-30T12:50:45.757186+01:00 esp32 Protocol: Wifi 1, Server: 1, Latest millis: 0, Used: 0, Read header: 0, Sensors count: 0
2025-11-30T12:50:55.745628+01:00 esp32 Main: Battery: 31 , 13691 mV, 2481 raw
2025-11-30T12:50:55.757593+01:00 esp32 Protocol: Wifi 1, Server: 1, Latest millis: 0, Used: 0, Read header: 0, Sensors count: 0
2025-11-30T12:51:05.745316+01:00 esp32 Main: Battery: 29 , 13691 mV, 2496 raw
2025-11-30T12:51:05.757130+01:00 esp32 Protocol: Wifi 1, Server: 1, Latest millis: 0, Used: 0, Read header: 0, Sensors count: 0
2025-11-30T12:51:05.760915+01:00 esp32 Protocol: Parsed header. Millis 41879 Type: 0 Size: 10
2025-11-30T12:51:05.762137+01:00 esp32 Main: Received motor move
2025-11-30T12:51:05.774811+01:00 esp32 Protocol: Motor DX: 148 1.000000, SX: 41 -1.000000
2025-11-30T12:51:05.791118+01:00 esp32 Protocol: Parsed header. Millis 41979 Type: 0 Size: 10
2025-11-30T12:51:05.791118+01:00 esp32 Main: Received motor move
2025-11-30T12:51:05.805879+01:00 esp32 Protocol: Motor DX: 255 1.000000, SX: 33 -1.000000
2025-11-30T12:51:06.032318+01:00 esp32 Protocol: Parsed header. Millis 42079 Type: 0 Size: 10
2025-11-30T12:51:06.034821+01:00 esp32 Main: Received motor move
2025-11-30T12:51:06.047031+01:00 esp32 Protocol: Motor DX: 232 1.000000, SX: 255 1.000000
2025-11-30T12:51:06.049934+01:00 esp32 Protocol: Parsed header. Millis 42179 Type: 0 Size: 10
2025-11-30T12:51:06.052734+01:00 esp32 Main: Received motor move
2025-11-30T12:51:06.067080+01:00 esp32 Protocol: Motor DX: 169 -1.000000, SX: 255 1.000000
2025-11-30T12:51:06.286091+01:00 esp32 Protocol: Parsed header. Millis 42279 Type: 0 Size: 10
2025-11-30T12:51:06.287765+01:00 esp32 Main: Received motor move
2025-11-30T12:51:06.301853+01:00 esp32 Protocol: Motor DX: 0 1.000000, SX: 2 1.000000
2025-11-30T12:51:10.954400+01:00 esp32 Protocol: Parsed header. Millis 47082 Type: 0 Size: 10
2025-11-30T12:51:10.959343+01:00 esp32 Main: Received motor move
2025-11-30T12:51:10.960790+01:00 esp32 Protocol: Motor DX: 10 1.000000, SX: 12 1.000000
2025-11-30T12:51:11.025978+01:00 esp32 Protocol: Parsed header. Millis 47182 Type: 0 Size: 10
2025-11-30T12:51:11.029789+01:00 esp32 Main: Received motor move
2025-11-30T12:51:11.033821+01:00 esp32 Protocol: Motor DX: 166 1.000000, SX: 132 1.000000
2025-11-30T12:51:11.276998+01:00 esp32 Protocol: Parsed header. Millis 47283 Type: 0 Size: 10
2025-11-30T12:51:11.278800+01:00 esp32 Main: Received motor move
2025-11-30T12:51:11.284748+01:00 esp32 Protocol: Motor DX: 255 1.000000, SX: 112 1.000000
2025-11-30T12:51:11.297844+01:00 esp32 Protocol: Parsed header. Millis 47383 Type: 0 Size: 10
2025-11-30T12:51:11.300722+01:00 esp32 Main: Received motor move
2025-11-30T12:51:11.302787+01:00 esp32 Protocol: Motor DX: 255 1.000000, SX: 174 1.000000
2025-11-30T12:51:11.525233+01:00 esp32 Protocol: Parsed header. Millis 47583 Type: 0 Size: 10
2025-11-30T12:51:11.527783+01:00 esp32 Main: Received motor move
2025-11-30T12:51:11.540791+01:00 esp32 Protocol: Motor DX: 255 1.000000, SX: 180 1.000000
2025-11-30T12:51:11.543802+01:00 esp32 Protocol: Parsed header. Millis 47683 Type: 0 Size: 10
2025-11-30T12:51:11.546841+01:00 esp32 Main: Received motor move
2025-11-30T12:51:11.565189+01:00 esp32 Protocol: Motor DX: 255 1.000000, SX: 178 1.000000
2025-11-30T12:51:11.784099+01:00 esp32 Protocol: Parsed header. Millis 47783 Type: 0 Size: 10
2025-11-30T12:51:11.787800+01:00 esp32 Main: Received motor move
2025-11-30T12:51:11.794735+01:00 esp32 Protocol: Motor DX: 255 1.000000, SX: 12 1.000000
2025-11-30T12:51:11.796751+01:00 esp32 Protocol: Parsed header. Millis 47883 Type: 0 Size: 10
2025-11-30T12:51:11.809877+01:00 esp32 Main: Received motor move
2025-11-30T12:51:11.812741+01:00 esp32 Protocol: Motor DX: 255 1.000000, SX: 213 -1.000000
2025-11-30T12:51:11.815749+01:00 esp32 Protocol: Parsed header. Millis 47983 Type: 0 Size: 10
2025-11-30T12:51:11.827795+01:00 esp32 Main: Received motor move
2025-11-30T12:51:11.829783+01:00 esp32 Protocol: Motor DX: 255 1.000000, SX: 253 -1.000000
2025-11-30T12:51:12.033273+01:00 esp32 Protocol: Parsed header. Millis 48083 Type: 0 Size: 10
2025-11-30T12:51:12.036780+01:00 esp32 Main: Received motor move
2025-11-30T12:51:12.039774+01:00 esp32 Protocol: Motor DX: 242 1.000000, SX: 255 -1.000000
2025-11-30T12:51:12.052811+01:00 esp32 Protocol: Parsed header. Millis 48183 Type: 0 Size: 10
2025-11-30T12:51:12.055787+01:00 esp32 Main: Received motor move
2025-11-30T12:51:12.057822+01:00 esp32 Protocol: Motor DX: 210 1.000000, SX: 255 -1.000000
2025-11-30T12:51:12.279142+01:00 esp32 Protocol: Parsed header. Millis 48283 Type: 0 Size: 10
2025-11-30T12:51:12.280814+01:00 esp32 Main: Received motor move
2025-11-30T12:51:12.293856+01:00 esp32 Protocol: Motor DX: 166 1.000000, SX: 211 -1.000000
2025-11-30T12:51:12.297786+01:00 esp32 Protocol: Parsed header. Millis 48384 Type: 0 Size: 10
2025-11-30T12:51:12.299808+01:00 esp32 Main: Received motor move
2025-11-30T12:51:12.312899+01:00 esp32 Protocol: Motor DX: 52 -1.000000, SX: 98 1.000000
2025-11-30T12:51:12.314844+01:00 esp32 Protocol: Parsed header. Millis 48484 Type: 0 Size: 10
2025-11-30T12:51:12.317900+01:00 esp32 Main: Received motor move
2025-11-30T12:51:12.329867+01:00 esp32 Protocol: Motor DX: 237 -1.000000, SX: 255 1.000000
2025-11-30T12:51:12.527138+01:00 esp32 Protocol: Parsed header. Millis 48584 Type: 0 Size: 10
2025-11-30T12:51:12.528836+01:00 esp32 Main: Received motor move
2025-11-30T12:51:12.541997+01:00 esp32 Protocol: Motor DX: 235 -1.000000, SX: 255 1.000000
2025-11-30T12:51:12.544953+01:00 esp32 Protocol: Parsed header. Millis 48684 Type: 0 Size: 10
2025-11-30T12:51:12.548909+01:00 esp32 Main: Received motor move
2025-11-30T12:51:12.560948+01:00 esp32 Protocol: Motor DX: 227 -1.000000, SX: 255 1.000000
2025-11-30T12:51:12.776116+01:00 esp32 Protocol: Parsed header. Millis 48784 Type: 0 Size: 10
2025-11-30T12:51:12.779814+01:00 esp32 Main: Received motor move
2025-11-30T12:51:12.793881+01:00 esp32 Protocol: Motor DX: 225 -1.000000, SX: 255 1.000000
2025-11-30T12:51:12.796774+01:00 esp32 Protocol: Parsed header. Millis 48884 Type: 0 Size: 10
2025-11-30T12:51:12.801641+01:00 esp32 Main: Received motor move
2025-11-30T12:51:12.811860+01:00 esp32 Protocol: Motor DX: 221 -1.000000, SX: 255 1.000000
2025-11-30T12:51:12.816812+01:00 esp32 Protocol: Parsed header. Millis 48984 Type: 0 Size: 10
2025-11-30T12:51:12.821720+01:00 esp32 Main: Received motor move
2025-11-30T12:51:12.825037+01:00 esp32 Protocol: Motor DX: 220 -1.000000, SX: 222 1.000000
2025-11-30T12:51:13.034593+01:00 esp32 Protocol: Parsed header. Millis 49084 Type: 0 Size: 10
2025-11-30T12:51:13.038794+01:00 esp32 Main: Received motor move
2025-11-30T12:51:13.040747+01:00 esp32 Protocol: Motor DX: 2 -1.000000, SX: 4 1.000000
2025-11-30T12:51:13.283563+01:00 esp32 Protocol: Parsed header. Millis 49484 Type: 0 Size: 10
2025-11-30T12:51:13.285823+01:00 esp32 Main: Received motor move
2025-11-30T12:51:13.300570+01:00 esp32 Protocol: Motor DX: 42 1.000000, SX: 36 1.000000
2025-11-30T12:51:13.535364+01:00 esp32 Protocol: Parsed header. Millis 49585 Type: 0 Size: 10
2025-11-30T12:51:13.537838+01:00 esp32 Main: Received motor move
2025-11-30T12:51:13.542807+01:00 esp32 Protocol: Motor DX: 2 -1.000000, SX: 4 1.000000
2025-11-30T12:51:13.776073+01:00 esp32 Protocol: Parsed header. Millis 49785 Type: 0 Size: 10
2025-11-30T12:51:13.777796+01:00 esp32 Main: Received motor move
2025-11-30T12:51:13.790860+01:00 esp32 Protocol: Motor DX: 40 1.000000, SX: 18 1.000000
2025-11-30T12:51:13.794742+01:00 esp32 Protocol: Parsed header. Millis 49885 Type: 0 Size: 10
2025-11-30T12:51:13.796768+01:00 esp32 Main: Received motor move
2025-11-30T12:51:13.811029+01:00 esp32 Protocol: Motor DX: 255 1.000000, SX: 212 1.000000
2025-11-30T12:51:13.814899+01:00 esp32 Protocol: Parsed header. Millis 49985 Type: 0 Size: 10
2025-11-30T12:51:13.818737+01:00 esp32 Main: Received motor move
2025-11-30T12:51:13.832843+01:00 esp32 Protocol: Motor DX: 255 1.000000, SX: 210 1.000000
2025-11-30T12:51:14.027081+01:00 esp32 Protocol: Parsed header. Millis 50185 Type: 0 Size: 10
2025-11-30T12:51:14.028771+01:00 esp32 Main: Received motor move
2025-11-30T12:51:14.041821+01:00 esp32 Protocol: Motor DX: 255 1.000000, SX: 208 1.000000
2025-11-30T12:51:14.284311+01:00 esp32 Protocol: Parsed header. Millis 50285 Type: 0 Size: 10
2025-11-30T12:51:14.288857+01:00 esp32 Main: Received motor move
2025-11-30T12:51:14.290824+01:00 esp32 Protocol: Motor DX: 255 1.000000, SX: 210 1.000000
2025-11-30T12:51:14.304886+01:00 esp32 Protocol: Parsed header. Millis 50485 Type: 0 Size: 10
2025-11-30T12:51:14.306830+01:00 esp32 Main: Received motor move
2025-11-30T12:51:14.308842+01:00 esp32 Protocol: Motor DX: 255 1.000000, SX: 228 1.000000
2025-11-30T12:51:14.525640+01:00 esp32 Protocol: Parsed header. Millis 50585 Type: 0 Size: 10
2025-11-30T12:51:14.528867+01:00 esp32 Main: Received motor move
2025-11-30T12:51:14.542806+01:00 esp32 Protocol: Motor DX: 92 1.000000, SX: 255 1.000000
2025-11-30T12:51:14.545839+01:00 esp32 Protocol: Parsed header. Millis 50685 Type: 0 Size: 10
2025-11-30T12:51:14.549802+01:00 esp32 Main: Received motor move
2025-11-30T12:51:14.561906+01:00 esp32 Protocol: Motor DX: 86 -1.000000, SX: 255 1.000000
2025-11-30T12:51:14.778517+01:00 esp32 Protocol: Parsed header. Millis 50786 Type: 0 Size: 10
2025-11-30T12:51:14.780796+01:00 esp32 Main: Received motor move
2025-11-30T12:51:14.792792+01:00 esp32 Protocol: Motor DX: 111 -1.000000, SX: 255 1.000000
2025-11-30T12:51:14.794778+01:00 esp32 Protocol: Parsed header. Millis 50886 Type: 0 Size: 10
2025-11-30T12:51:14.796743+01:00 esp32 Main: Received motor move
2025-11-30T12:51:14.808839+01:00 esp32 Protocol: Motor DX: 113 -1.000000, SX: 255 1.000000
2025-11-30T12:51:15.033509+01:00 esp32 Protocol: Parsed header. Millis 51086 Type: 0 Size: 10
2025-11-30T12:51:15.037439+01:00 esp32 Main: Received motor move
2025-11-30T12:51:15.039788+01:00 esp32 Protocol: Motor DX: 98 -1.000000, SX: 255 1.000000
2025-11-30T12:51:15.055769+01:00 esp32 Protocol: Parsed header. Millis 51186 Type: 0 Size: 10
2025-11-30T12:51:15.060768+01:00 esp32 Main: Received motor move
2025-11-30T12:51:15.063778+01:00 esp32 Protocol: Motor DX: 255 1.000000, SX: 105 -1.000000
2025-11-30T12:51:15.276077+01:00 esp32 Protocol: Parsed header. Millis 51286 Type: 0 Size: 10
2025-11-30T12:51:15.277790+01:00 esp32 Main: Received motor move
2025-11-30T12:51:15.289880+01:00 esp32 Protocol: Motor DX: 255 1.000000, SX: 204 1.000000
2025-11-30T12:51:15.291773+01:00 esp32 Protocol: Parsed header. Millis 51386 Type: 0 Size: 10
2025-11-30T12:51:15.293760+01:00 esp32 Main: Received motor move
2025-11-30T12:51:15.306948+01:00 esp32 Protocol: Motor DX: 255 1.000000, SX: 212 1.000000
2025-11-30T12:51:15.308921+01:00 esp32 Protocol: Parsed header. Millis 51486 Type: 0 Size: 10
2025-11-30T12:51:15.312884+01:00 esp32 Main: Received motor move
2025-11-30T12:51:15.326970+01:00 esp32 Protocol: Motor DX: 255 1.000000, SX: 202 1.000000
2025-11-30T12:51:15.534057+01:00 esp32 Protocol: Parsed header. Millis 51586 Type: 0 Size: 10
2025-11-30T12:51:15.535772+01:00 esp32 Main: Received motor move
2025-11-30T12:51:15.552658+01:00 esp32 Protocol: Motor DX: 255 1.000000, SX: 216 1.000000
2025-11-30T12:51:15.556840+01:00 esp32 Protocol: Parsed header. Millis 51686 Type: 0 Size: 10
2025-11-30T12:51:15.559813+01:00 esp32 Main: Received motor move
2025-11-30T12:51:15.561766+01:00 esp32 Protocol: Motor DX: 255 1.000000, SX: 226 1.000000
2025-11-30T12:51:15.745641+01:00 esp32 Main: Battery: 24 , 13509 mV, 2448 raw
2025-11-30T12:51:15.758952+01:00 esp32 Protocol: Wifi 1, Server: 1, Latest millis: 51686, Used: 0, Read header: 0, Sensors count: 0
2025-11-30T12:51:15.783337+01:00 esp32 Protocol: Parsed header. Millis 51786 Type: 0 Size: 10
2025-11-30T12:51:15.785841+01:00 esp32 Main: Received motor move
2025-11-30T12:51:15.799382+01:00 esp32 Protocol: Motor DX: 217 1.000000, SX: 255 1.000000
2025-11-30T12:51:15.800759+01:00 esp32 Protocol: Parsed header. Millis 51887 Type: 0 Size: 10
2025-11-30T12:51:15.802780+01:00 esp32 Main: Received motor move
2025-11-30T12:51:15.808812+01:00 esp32 Protocol: Motor DX: 255 1.000000, SX: 180 1.000000
2025-11-30T12:51:15.823908+01:00 esp32 Protocol: Parsed header. Millis 51987 Type: 0 Size: 10
2025-11-30T12:51:15.827809+01:00 esp32 Main: Received motor move
2025-11-30T12:51:15.830814+01:00 esp32 Protocol: Motor DX: 255 1.000000, SX: 186 1.000000
2025-11-30T12:51:16.034107+01:00 esp32 Protocol: Parsed header. Millis 52087 Type: 0 Size: 10
2025-11-30T12:51:16.035873+01:00 esp32 Main: Received motor move
2025-11-30T12:51:16.041892+01:00 esp32 Protocol: Motor DX: 255 1.000000, SX: 208 1.000000
2025-11-30T12:51:16.056035+01:00 esp32 Protocol: Parsed header. Millis 52187 Type: 0 Size: 10
2025-11-30T12:51:16.057890+01:00 esp32 Main: Received motor move
2025-11-30T12:51:16.059874+01:00 esp32 Protocol: Motor DX: 255 1.000000, SX: 206 1.000000
2025-11-30T12:51:16.287262+01:00 esp32 Protocol: Parsed header. Millis 52287 Type: 0 Size: 10
2025-11-30T12:51:16.287262+01:00 esp32 Main: Received motor move
2025-11-30T12:51:16.297831+01:00 esp32 Protocol: Motor DX: 255 1.000000, SX: 198 1.000000
2025-11-30T12:51:16.299752+01:00 esp32 Protocol: Parsed header. Millis 52387 Type: 0 Size: 10
2025-11-30T12:51:16.302768+01:00 esp32 Main: Received motor move
2025-11-30T12:51:16.314833+01:00 esp32 Protocol: Motor DX: 255 1.000000, SX: 190 1.000000
2025-11-30T12:51:16.316767+01:00 esp32 Protocol: Parsed header. Millis 52487 Type: 0 Size: 10
2025-11-30T12:51:16.329738+01:00 esp32 Main: Received motor move
2025-11-30T12:51:16.331762+01:00 esp32 Protocol: Motor DX: 255 1.000000, SX: 110 1.000000
2025-11-30T12:51:16.536049+01:00 esp32 Protocol: Parsed header. Millis 52587 Type: 0 Size: 10
2025-11-30T12:51:16.540809+01:00 esp32 Main: Received motor move
2025-11-30T12:51:16.543771+01:00 esp32 Protocol: Motor DX: 255 1.000000, SX: 26 1.000000
2025-11-30T12:51:16.555817+01:00 esp32 Protocol: Parsed header. Millis 52687 Type: 0 Size: 10
2025-11-30T12:51:16.561889+01:00 esp32 Main: Received motor move
2025-11-30T12:51:16.563770+01:00 esp32 Protocol: Motor DX: 255 1.000000, SX: 25 -1.000000
2025-11-30T12:51:16.784180+01:00 esp32 Protocol: Parsed header. Millis 52787 Type: 0 Size: 10
2025-11-30T12:51:16.786801+01:00 esp32 Main: Received motor move
2025-11-30T12:51:16.791897+01:00 esp32 Protocol: Motor DX: 255 1.000000, SX: 216 1.000000
2025-11-30T12:51:16.806814+01:00 esp32 Protocol: Parsed header. Millis 52887 Type: 0 Size: 10
2025-11-30T12:51:16.809782+01:00 esp32 Main: Received motor move
2025-11-30T12:51:16.813793+01:00 esp32 Protocol: Motor DX: 76 -1.000000, SX: 255 1.000000
2025-11-30T12:51:16.818369+01:00 esp32 Protocol: Parsed header. Millis 52988 Type: 0 Size: 10
2025-11-30T12:51:16.829836+01:00 esp32 Main: Received motor move
2025-11-30T12:51:16.832931+01:00 esp32 Protocol: Motor DX: 119 -1.000000, SX: 255 1.000000
2025-11-30T12:51:17.035311+01:00 esp32 Protocol: Parsed header. Millis 53088 Type: 0 Size: 10
2025-11-30T12:51:17.039792+01:00 esp32 Main: Received motor move
2025-11-30T12:51:17.041824+01:00 esp32 Protocol: Motor DX: 113 -1.000000, SX: 255 1.000000
2025-11-30T12:51:17.055821+01:00 esp32 Protocol: Parsed header. Millis 53188 Type: 0 Size: 10
2025-11-30T12:51:17.060778+01:00 esp32 Main: Received motor move
2025-11-30T12:51:17.062813+01:00 esp32 Protocol: Motor DX: 117 -1.000000, SX: 255 1.000000
2025-11-30T12:51:17.285369+01:00 esp32 Protocol: Parsed header. Millis 53288 Type: 0 Size: 10
2025-11-30T12:51:17.287876+01:00 esp32 Main: Received motor move
2025-11-30T12:51:17.301525+01:00 esp32 Protocol: Motor DX: 115 -1.000000, SX: 255 1.000000
2025-11-30T12:51:17.308544+01:00 esp32 Protocol: Parsed header. Millis 53388 Type: 0 Size: 10
2025-11-30T12:51:17.308544+01:00 esp32 Main: Received motor move
2025-11-30T12:51:17.321862+01:00 esp32 Protocol: Motor DX: 90 1.000000, SX: 255 1.000000
2025-11-30T12:51:17.324776+01:00 esp32 Protocol: Parsed header. Millis 53488 Type: 0 Size: 10
2025-11-30T12:51:17.327824+01:00 esp32 Main: Received motor move
2025-11-30T12:51:17.330925+01:00 esp32 Protocol: Motor DX: 201 1.000000, SX: 255 1.000000
2025-11-30T12:51:17.535298+01:00 esp32 Protocol: Parsed header. Millis 53588 Type: 0 Size: 10
2025-11-30T12:51:17.537830+01:00 esp32 Main: Received motor move
2025-11-30T12:51:17.550855+01:00 esp32 Protocol: Motor DX: 225 1.000000, SX: 255 1.000000
2025-11-30T12:51:17.553829+01:00 esp32 Protocol: Parsed header. Millis 53688 Type: 0 Size: 10
2025-11-30T12:51:17.555840+01:00 esp32 Main: Received motor move
2025-11-30T12:51:17.568916+01:00 esp32 Protocol: Motor DX: 215 1.000000, SX: 255 1.000000
2025-11-30T12:51:17.786250+01:00 esp32 Protocol: Parsed header. Millis 53788 Type: 0 Size: 10
2025-11-30T12:51:17.788890+01:00 esp32 Main: Received motor move
2025-11-30T12:51:17.801140+01:00 esp32 Protocol: Motor DX: 221 1.000000, SX: 255 1.000000
2025-11-30T12:51:17.804730+01:00 esp32 Protocol: Parsed header. Millis 53888 Type: 0 Size: 10
2025-11-30T12:51:17.807729+01:00 esp32 Main: Received motor move
2025-11-30T12:51:17.821851+01:00 esp32 Protocol: Motor DX: 225 1.000000, SX: 255 1.000000
2025-11-30T12:51:18.030066+01:00 esp32 Protocol: Parsed header. Millis 54089 Type: 0 Size: 10
2025-11-30T12:51:18.032772+01:00 esp32 Main: Received motor move
2025-11-30T12:51:18.048252+01:00 esp32 Protocol: Motor DX: 171 1.000000, SX: 255 1.000000
2025-11-30T12:51:18.049733+01:00 esp32 Protocol: Parsed header. Millis 54189 Type: 0 Size: 10
2025-11-30T12:51:18.052057+01:00 esp32 Main: Received motor move
2025-11-30T12:51:18.063792+01:00 esp32 Protocol: Motor DX: 90 1.000000, SX: 255 1.000000
2025-11-30T12:51:18.278384+01:00 esp32 Protocol: Parsed header. Millis 54289 Type: 0 Size: 10
2025-11-30T12:51:18.280789+01:00 esp32 Main: Received motor move
2025-11-30T12:51:18.292798+01:00 esp32 Protocol: Motor DX: 54 1.000000, SX: 255 1.000000
2025-11-30T12:51:18.294778+01:00 esp32 Protocol: Parsed header. Millis 54389 Type: 0 Size: 10
2025-11-30T12:51:18.296744+01:00 esp32 Main: Received motor move
2025-11-30T12:51:18.310711+01:00 esp32 Protocol: Motor DX: 18 -1.000000, SX: 255 1.000000
2025-11-30T12:51:18.317413+01:00 esp32 Protocol: Parsed header. Millis 54489 Type: 0 Size: 10
2025-11-30T12:51:18.323841+01:00 esp32 Main: Received motor move
2025-11-30T12:51:18.325769+01:00 esp32 Protocol: Motor DX: 78 -1.000000, SX: 255 1.000000
2025-11-30T12:51:18.537200+01:00 esp32 Protocol: Parsed header. Millis 54589 Type: 0 Size: 10
2025-11-30T12:51:18.539947+01:00 esp32 Main: Received motor move
2025-11-30T12:51:18.553934+01:00 esp32 Protocol: Motor DX: 98 -1.000000, SX: 255 1.000000
2025-11-30T12:51:18.559402+01:00 esp32 Protocol: Parsed header. Millis 54689 Type: 0 Size: 10
2025-11-30T12:51:18.559827+01:00 esp32 Main: Received motor move
2025-11-30T12:51:18.571944+01:00 esp32 Protocol: Motor DX: 10 1.000000, SX: 255 1.000000
2025-11-30T12:51:18.787107+01:00 esp32 Protocol: Parsed header. Millis 54789 Type: 0 Size: 10
2025-11-30T12:51:18.789814+01:00 esp32 Main: Received motor move
2025-11-30T12:51:18.802871+01:00 esp32 Protocol: Motor DX: 255 1.000000, SX: 81 -1.000000
2025-11-30T12:51:18.806807+01:00 esp32 Protocol: Parsed header. Millis 54889 Type: 0 Size: 10
2025-11-30T12:51:18.809832+01:00 esp32 Main: Received motor move
2025-11-30T12:51:18.822714+01:00 esp32 Protocol: Motor DX: 255 1.000000, SX: 125 -1.000000
2025-11-30T12:51:18.825040+01:00 esp32 Protocol: Parsed header. Millis 54989 Type: 0 Size: 10
2025-11-30T12:51:18.826932+01:00 esp32 Main: Received motor move
2025-11-30T12:51:18.838885+01:00 esp32 Protocol: Motor DX: 255 1.000000, SX: 161 -1.000000
2025-11-30T12:51:19.036125+01:00 esp32 Protocol: Parsed header. Millis 55090 Type: 0 Size: 10
2025-11-30T12:51:19.037797+01:00 esp32 Main: Received motor move
2025-11-30T12:51:19.050828+01:00 esp32 Protocol: Motor DX: 255 1.000000, SX: 229 -1.000000
2025-11-30T12:51:19.052800+01:00 esp32 Protocol: Parsed header. Millis 55190 Type: 0 Size: 10
2025-11-30T12:51:19.054847+01:00 esp32 Main: Received motor move
2025-11-30T12:51:19.067872+01:00 esp32 Protocol: Motor DX: 206 1.000000, SX: 255 -1.000000
2025-11-30T12:51:19.288354+01:00 esp32 Protocol: Parsed header. Millis 55290 Type: 0 Size: 10
2025-11-30T12:51:19.290774+01:00 esp32 Main: Received motor move
2025-11-30T12:51:19.295818+01:00 esp32 Protocol: Motor DX: 182 1.000000, SX: 255 -1.000000
2025-11-30T12:51:19.308841+01:00 esp32 Protocol: Parsed header. Millis 55390 Type: 0 Size: 10
2025-11-30T12:51:19.311895+01:00 esp32 Main: Received motor move
2025-11-30T12:51:19.313785+01:00 esp32 Protocol: Motor DX: 196 1.000000, SX: 255 -1.000000
2025-11-30T12:51:19.326847+01:00 esp32 Protocol: Parsed header. Millis 55490 Type: 0 Size: 10
2025-11-30T12:51:19.328827+01:00 esp32 Main: Received motor move
2025-11-30T12:51:19.331830+01:00 esp32 Protocol: Motor DX: 252 1.000000, SX: 255 -1.000000
2025-11-30T12:51:19.537143+01:00 esp32 Protocol: Parsed header. Millis 55590 Type: 0 Size: 10
2025-11-30T12:51:19.538965+01:00 esp32 Main: Received motor move
2025-11-30T12:51:19.550915+01:00 esp32 Protocol: Motor DX: 50 -1.000000, SX: 24 1.000000
2025-11-30T12:51:19.552781+01:00 esp32 Protocol: Parsed header. Millis 55690 Type: 0 Size: 10
2025-11-30T12:51:19.554826+01:00 esp32 Main: Received motor move
2025-11-30T12:51:19.566886+01:00 esp32 Protocol: Motor DX: 2 -1.000000, SX: 4 1.000000
2025-11-30T12:51:20.174305+01:00 esp32 Protocol: Parsed header. Millis 56290 Type: 0 Size: 10
2025-11-30T12:51:20.174688+01:00 esp32 Main: Received motor move
2025-11-30T12:51:20.191125+01:00 esp32 Protocol: Motor DX: 120 1.000000, SX: 78 1.000000
2025-11-30T12:51:20.193738+01:00 esp32 Protocol: Parsed header. Millis 56391 Type: 0 Size: 10
2025-11-30T12:51:20.196670+01:00 esp32 Main: Received motor move
2025-11-30T12:51:20.209750+01:00 esp32 Protocol: Motor DX: 184 1.000000, SX: 105 -1.000000
2025-11-30T12:51:20.288252+01:00 esp32 Protocol: Parsed header. Millis 56491 Type: 0 Size: 10
2025-11-30T12:51:20.291724+01:00 esp32 Main: Received motor move
2025-11-30T12:51:20.304833+01:00 esp32 Protocol: Motor DX: 230 1.000000, SX: 255 -1.000000
2025-11-30T12:51:20.538283+01:00 esp32 Protocol: Parsed header. Millis 56591 Type: 0 Size: 10
2025-11-30T12:51:20.541773+01:00 esp32 Main: Received motor move
2025-11-30T12:51:20.544762+01:00 esp32 Protocol: Motor DX: 2 -1.000000, SX: 4 1.000000
2025-11-30T12:51:20.788783+01:00 esp32 Protocol: Parsed header. Millis 56991 Type: 0 Size: 10
2025-11-30T12:51:20.790943+01:00 esp32 Main: Received motor move
2025-11-30T12:51:20.804860+01:00 esp32 Protocol: Motor DX: 164 -1.000000, SX: 202 1.000000
2025-11-30T12:51:21.038425+01:00 esp32 Protocol: Parsed header. Millis 57091 Type: 0 Size: 10
2025-11-30T12:51:21.040833+01:00 esp32 Main: Received motor move
2025-11-30T12:51:21.043839+01:00 esp32 Protocol: Motor DX: 223 -1.000000, SX: 255 1.000000
2025-11-30T12:51:21.057897+01:00 esp32 Protocol: Parsed header. Millis 57191 Type: 0 Size: 10
2025-11-30T12:51:21.059816+01:00 esp32 Main: Received motor move
2025-11-30T12:51:21.061823+01:00 esp32 Protocol: Motor DX: 213 -1.000000, SX: 255 1.000000
2025-11-30T12:51:21.282073+01:00 esp32 Protocol: Parsed header. Millis 57291 Type: 0 Size: 10
2025-11-30T12:51:21.284756+01:00 esp32 Main: Received motor move
2025-11-30T12:51:21.287791+01:00 esp32 Protocol: Motor DX: 2 -1.000000, SX: 4 1.000000
2025-11-30T12:51:21.300754+01:00 esp32 Protocol: Parsed header. Millis 57391 Type: 0 Size: 10
2025-11-30T12:51:21.302803+01:00 esp32 Main: Received motor move
2025-11-30T12:51:21.305714+01:00 esp32 Protocol: Motor DX: 0 1.000000, SX: 2 1.000000
2025-11-30T12:51:21.802147+01:00 esp32 Protocol: Parsed header. Millis 57992 Type: 0 Size: 10
2025-11-30T12:51:21.803792+01:00 esp32 Main: Received motor move
2025-11-30T12:51:21.817985+01:00 esp32 Protocol: Motor DX: 34 1.000000, SX: 40 1.000000
2025-11-30T12:51:22.041734+01:00 esp32 Protocol: Parsed header. Millis 58092 Type: 0 Size: 10
2025-11-30T12:51:22.041889+01:00 esp32 Main: Received motor move
2025-11-30T12:51:22.054815+01:00 esp32 Protocol: Motor DX: 188 1.000000, SX: 198 1.000000
2025-11-30T12:51:22.056803+01:00 esp32 Protocol: Parsed header. Millis 58192 Type: 0 Size: 10
2025-11-30T12:51:22.058829+01:00 esp32 Main: Received motor move
2025-11-30T12:51:22.071825+01:00 esp32 Protocol: Motor DX: 247 1.000000, SX: 255 1.000000
2025-11-30T12:51:22.289505+01:00 esp32 Protocol: Parsed header. Millis 58292 Type: 0 Size: 10
2025-11-30T12:51:22.290784+01:00 esp32 Main: Received motor move
2025-11-30T12:51:22.302836+01:00 esp32 Protocol: Motor DX: 249 1.000000, SX: 255 1.000000
2025-11-30T12:51:22.531127+01:00 esp32 Protocol: Parsed header. Millis 58592 Type: 0 Size: 10
2025-11-30T12:51:22.535740+01:00 esp32 Main: Received motor move
2025-11-30T12:51:22.538864+01:00 esp32 Protocol: Motor DX: 245 1.000000, SX: 255 1.000000
2025-11-30T12:51:22.550798+01:00 esp32 Protocol: Parsed header. Millis 58693 Type: 0 Size: 10
2025-11-30T12:51:22.552802+01:00 esp32 Main: Received motor move
2025-11-30T12:51:22.557581+01:00 esp32 Protocol: Motor DX: 247 1.000000, SX: 255 1.000000
2025-11-30T12:51:22.789174+01:00 esp32 Protocol: Parsed header. Millis 58793 Type: 0 Size: 10
2025-11-30T12:51:22.791825+01:00 esp32 Main: Received motor move
2025-11-30T12:51:22.794806+01:00 esp32 Protocol: Motor DX: 245 1.000000, SX: 255 1.000000
2025-11-30T12:51:23.651254+01:00 esp32 Protocol: Parsed header. Millis 59793 Type: 0 Size: 10
2025-11-30T12:51:23.656257+01:00 esp32 Main: Received motor move
2025-11-30T12:51:23.660759+01:00 esp32 Protocol: Motor DX: 247 1.000000, SX: 255 1.000000
2025-11-30T12:51:23.790336+01:00 esp32 Protocol: Parsed header. Millis 59893 Type: 0 Size: 10
2025-11-30T12:51:23.793140+01:00 esp32 Main: Received motor move
2025-11-30T12:51:23.795885+01:00 esp32 Protocol: Motor DX: 255 1.000000, SX: 222 1.000000
2025-11-30T12:51:24.030279+01:00 esp32 Protocol: Parsed header. Millis 59994 Type: 0 Size: 10
2025-11-30T12:51:24.032820+01:00 esp32 Main: Received motor move
2025-11-30T12:51:24.045903+01:00 esp32 Protocol: Motor DX: 255 1.000000, SX: 220 1.000000
2025-11-30T12:51:24.048598+01:00 esp32 Protocol: Parsed header. Millis 60094 Type: 0 Size: 10
2025-11-30T12:51:24.050770+01:00 esp32 Main: Received motor move
2025-11-30T12:51:24.065617+01:00 esp32 Protocol: Motor DX: 255 1.000000, SX: 208 1.000000
2025-11-30T12:51:24.066340+01:00 esp32 Protocol: Parsed header. Millis 60194 Type: 0 Size: 10
2025-11-30T12:51:24.069720+01:00 esp32 Main: Received motor move
2025-11-30T12:51:24.082833+01:00 esp32 Protocol: Motor DX: 255 1.000000, SX: 162 1.000000
2025-11-30T12:51:24.287118+01:00 esp32 Protocol: Parsed header. Millis 60294 Type: 0 Size: 10
2025-11-30T12:51:24.288723+01:00 esp32 Main: Received motor move
2025-11-30T12:51:24.301776+01:00 esp32 Protocol: Motor DX: 255 1.000000, SX: 182 1.000000
2025-11-30T12:51:24.303754+01:00 esp32 Protocol: Parsed header. Millis 60394 Type: 0 Size: 10
2025-11-30T12:51:24.306717+01:00 esp32 Main: Received motor move
2025-11-30T12:51:24.318783+01:00 esp32 Protocol: Motor DX: 195 1.000000, SX: 255 1.000000
2025-11-30T12:51:24.536190+01:00 esp32 Protocol: Parsed header. Millis 60494 Type: 0 Size: 10
2025-11-30T12:51:24.536190+01:00 esp32 Main: Received motor move
2025-11-30T12:51:24.546790+01:00 esp32 Protocol: Motor DX: 211 1.000000, SX: 255 1.000000
2025-11-30T12:51:24.548735+01:00 esp32 Protocol: Parsed header. Millis 60594 Type: 0 Size: 10
2025-11-30T12:51:24.553729+01:00 esp32 Main: Received motor move
2025-11-30T12:51:24.555792+01:00 esp32 Protocol: Motor DX: 237 1.000000, SX: 255 1.000000
2025-11-30T12:51:24.568824+01:00 esp32 Protocol: Parsed header. Millis 60694 Type: 0 Size: 10
2025-11-30T12:51:24.572075+01:00 esp32 Main: Received motor move
2025-11-30T12:51:24.573776+01:00 esp32 Protocol: Motor DX: 231 1.000000, SX: 255 1.000000
2025-11-30T12:51:24.787137+01:00 esp32 Protocol: Parsed header. Millis 60794 Type: 0 Size: 10
2025-11-30T12:51:24.788779+01:00 esp32 Main: Received motor move
2025-11-30T12:51:24.802149+01:00 esp32 Protocol: Motor DX: 219 1.000000, SX: 255 1.000000
2025-11-30T12:51:24.802660+01:00 esp32 Protocol: Parsed header. Millis 60894 Type: 0 Size: 10
2025-11-30T12:51:24.805722+01:00 esp32 Main: Received motor move
2025-11-30T12:51:24.817837+01:00 esp32 Protocol: Motor DX: 233 1.000000, SX: 255 1.000000
2025-11-30T12:51:25.038228+01:00 esp32 Protocol: Parsed header. Millis 60995 Type: 0 Size: 10
2025-11-30T12:51:25.044273+01:00 esp32 Main: Received motor move
2025-11-30T12:51:25.047758+01:00 esp32 Protocol: Motor DX: 255 1.000000, SX: 172 1.000000
2025-11-30T12:51:25.053769+01:00 esp32 Protocol: Parsed header. Millis 61095 Type: 0 Size: 10
2025-11-30T12:51:25.055761+01:00 esp32 Main: Received motor move
2025-11-30T12:51:25.069110+01:00 esp32 Protocol: Motor DX: 255 1.000000, SX: 174 1.000000
2025-11-30T12:51:25.070801+01:00 esp32 Protocol: Parsed header. Millis 61195 Type: 0 Size: 10
2025-11-30T12:51:25.074772+01:00 esp32 Main: Received motor move
2025-11-30T12:51:25.090649+01:00 esp32 Protocol: Motor DX: 255 1.000000, SX: 160 1.000000
2025-11-30T12:51:25.288235+01:00 esp32 Protocol: Parsed header. Millis 61295 Type: 0 Size: 10
2025-11-30T12:51:25.295532+01:00 esp32 Main: Received motor move
2025-11-30T12:51:25.296691+01:00 esp32 Protocol: Motor DX: 255 1.000000, SX: 154 1.000000
2025-11-30T12:51:25.309772+01:00 esp32 Protocol: Parsed header. Millis 61395 Type: 0 Size: 10
2025-11-30T12:51:25.311758+01:00 esp32 Main: Received motor move
2025-11-30T12:51:25.313788+01:00 esp32 Protocol: Motor DX: 255 1.000000, SX: 142 1.000000
2025-11-30T12:51:25.532063+01:00 esp32 Protocol: Parsed header. Millis 61495 Type: 0 Size: 10
2025-11-30T12:51:25.533774+01:00 esp32 Main: Received motor move
2025-11-30T12:51:25.546766+01:00 esp32 Protocol: Motor DX: 255 1.000000, SX: 62 1.000000
2025-11-30T12:51:25.550728+01:00 esp32 Protocol: Parsed header. Millis 61595 Type: 0 Size: 10
2025-11-30T12:51:25.553136+01:00 esp32 Main: Received motor move
2025-11-30T12:51:25.566304+01:00 esp32 Protocol: Motor DX: 255 1.000000, SX: 54 1.000000
2025-11-30T12:51:25.566695+01:00 esp32 Protocol: Parsed header. Millis 61695 Type: 0 Size: 10
2025-11-30T12:51:25.568813+01:00 esp32 Main: Received motor move
2025-11-30T12:51:25.581924+01:00 esp32 Protocol: Motor DX: 255 1.000000, SX: 56 1.000000
2025-11-30T12:51:25.744349+01:00 esp32 Main: Battery: 18 , 13155 mV, 2385 raw
2025-11-30T12:51:25.756965+01:00 esp32 Protocol: Wifi 1, Server: 1, Latest millis: 61695, Used: 0, Read header: 0, Sensors count: 0
2025-11-30T12:51:25.781143+01:00 esp32 Protocol: Parsed header. Millis 61895 Type: 0 Size: 10
2025-11-30T12:51:25.784802+01:00 esp32 Main: Received motor move
2025-11-30T12:51:25.787914+01:00 esp32 Protocol: Motor DX: 255 1.000000, SX: 54 1.000000
2025-11-30T12:51:26.032091+01:00 esp32 Protocol: Parsed header. Millis 61995 Type: 0 Size: 10
2025-11-30T12:51:26.034872+01:00 esp32 Main: Received motor move
2025-11-30T12:51:26.046871+01:00 esp32 Protocol: Motor DX: 255 1.000000, SX: 50 1.000000
2025-11-30T12:51:26.048806+01:00 esp32 Protocol: Parsed header. Millis 62096 Type: 0 Size: 10
2025-11-30T12:51:26.051773+01:00 esp32 Main: Received motor move
2025-11-30T12:51:26.063882+01:00 esp32 Protocol: Motor DX: 255 1.000000, SX: 142 1.000000
2025-11-30T12:51:26.065824+01:00 esp32 Protocol: Parsed header. Millis 62196 Type: 0 Size: 10
2025-11-30T12:51:26.069786+01:00 esp32 Main: Received motor move
2025-11-30T12:51:26.082904+01:00 esp32 Protocol: Motor DX: 241 1.000000, SX: 255 1.000000
2025-11-30T12:51:26.283133+01:00 esp32 Protocol: Parsed header. Millis 62296 Type: 0 Size: 10
2025-11-30T12:51:26.284819+01:00 esp32 Main: Received motor move
2025-11-30T12:51:26.296885+01:00 esp32 Protocol: Motor DX: 209 1.000000, SX: 255 1.000000
2025-11-30T12:51:26.538198+01:00 esp32 Protocol: Parsed header. Millis 62496 Type: 0 Size: 10
2025-11-30T12:51:26.540771+01:00 esp32 Main: Received motor move
2025-11-30T12:51:26.553828+01:00 esp32 Protocol: Motor DX: 129 1.000000, SX: 255 1.000000
2025-11-30T12:51:26.555761+01:00 esp32 Protocol: Parsed header. Millis 62596 Type: 0 Size: 10
2025-11-30T12:51:26.558780+01:00 esp32 Main: Received motor move
2025-11-30T12:51:26.571791+01:00 esp32 Protocol: Motor DX: 127 1.000000, SX: 255 1.000000
2025-11-30T12:51:26.575428+01:00 esp32 Protocol: Parsed header. Millis 62696 Type: 0 Size: 10
2025-11-30T12:51:26.578722+01:00 esp32 Main: Received motor move
2025-11-30T12:51:26.593815+01:00 esp32 Protocol: Motor DX: 107 1.000000, SX: 255 1.000000
2025-11-30T12:51:26.788183+01:00 esp32 Protocol: Parsed header. Millis 62796 Type: 0 Size: 10
2025-11-30T12:51:26.791739+01:00 esp32 Main: Received motor move
2025-11-30T12:51:26.794772+01:00 esp32 Protocol: Motor DX: 149 1.000000, SX: 255 1.000000
2025-11-30T12:51:26.806785+01:00 esp32 Protocol: Parsed header. Millis 62896 Type: 0 Size: 10
2025-11-30T12:51:26.808773+01:00 esp32 Main: Received motor move
2025-11-30T12:51:26.811900+01:00 esp32 Protocol: Motor DX: 99 1.000000, SX: 255 1.000000
2025-11-30T12:51:27.032074+01:00 esp32 Protocol: Parsed header. Millis 62996 Type: 0 Size: 10
2025-11-30T12:51:27.033836+01:00 esp32 Main: Received motor move
2025-11-30T12:51:27.046813+01:00 esp32 Protocol: Motor DX: 123 1.000000, SX: 255 1.000000
2025-11-30T12:51:27.049788+01:00 esp32 Protocol: Parsed header. Millis 63097 Type: 0 Size: 10
2025-11-30T12:51:27.051747+01:00 esp32 Main: Received motor move
2025-11-30T12:51:27.063797+01:00 esp32 Protocol: Motor DX: 253 1.000000, SX: 255 1.000000
2025-11-30T12:51:27.066787+01:00 esp32 Protocol: Parsed header. Millis 63197 Type: 0 Size: 10
2025-11-30T12:51:27.069717+01:00 esp32 Main: Received motor move
2025-11-30T12:51:27.076733+01:00 esp32 Protocol: Motor DX: 255 1.000000, SX: 234 1.000000
2025-11-30T12:51:27.289090+01:00 esp32 Protocol: Parsed header. Millis 63297 Type: 0 Size: 10
2025-11-30T12:51:27.291012+01:00 esp32 Main: Received motor move
2025-11-30T12:51:27.305734+01:00 esp32 Protocol: Motor DX: 255 1.000000, SX: 190 1.000000
2025-11-30T12:51:27.307771+01:00 esp32 Protocol: Parsed header. Millis 63397 Type: 0 Size: 10
2025-11-30T12:51:27.311706+01:00 esp32 Main: Received motor move
2025-11-30T12:51:27.323918+01:00 esp32 Protocol: Motor DX: 255 1.000000, SX: 140 1.000000
2025-11-30T12:51:27.543112+01:00 esp32 Protocol: Parsed header. Millis 63597 Type: 0 Size: 10
2025-11-30T12:51:27.547791+01:00 esp32 Main: Received motor move
2025-11-30T12:51:27.550718+01:00 esp32 Protocol: Motor DX: 255 1.000000, SX: 146 1.000000
2025-11-30T12:51:27.562867+01:00 esp32 Protocol: Parsed header. Millis 63697 Type: 0 Size: 10
2025-11-30T12:51:27.564803+01:00 esp32 Main: Received motor move
2025-11-30T12:51:27.566787+01:00 esp32 Protocol: Motor DX: 231 1.000000, SX: 255 1.000000
2025-11-30T12:51:27.791258+01:00 esp32 Protocol: Parsed header. Millis 63797 Type: 0 Size: 10
2025-11-30T12:51:27.793820+01:00 esp32 Main: Received motor move
2025-11-30T12:51:27.805919+01:00 esp32 Protocol: Motor DX: 183 1.000000, SX: 255 1.000000
2025-11-30T12:51:27.810794+01:00 esp32 Protocol: Parsed header. Millis 63897 Type: 0 Size: 10
2025-11-30T12:51:27.814396+01:00 esp32 Main: Received motor move
2025-11-30T12:51:27.826945+01:00 esp32 Protocol: Motor DX: 155 1.000000, SX: 255 1.000000
2025-11-30T12:51:28.040171+01:00 esp32 Protocol: Parsed header. Millis 63997 Type: 0 Size: 10
2025-11-30T12:51:28.042228+01:00 esp32 Main: Received motor move
2025-11-30T12:51:28.056421+01:00 esp32 Protocol: Motor DX: 137 1.000000, SX: 255 1.000000
2025-11-30T12:51:28.058892+01:00 esp32 Protocol: Parsed header. Millis 64098 Type: 0 Size: 10
2025-11-30T12:51:28.061511+01:00 esp32 Main: Received motor move
2025-11-30T12:51:28.074819+01:00 esp32 Protocol: Motor DX: 121 1.000000, SX: 255 1.000000
2025-11-30T12:51:28.077825+01:00 esp32 Protocol: Parsed header. Millis 64198 Type: 0 Size: 10
2025-11-30T12:51:28.079788+01:00 esp32 Main: Received motor move
2025-11-30T12:51:28.091938+01:00 esp32 Protocol: Motor DX: 119 1.000000, SX: 255 1.000000
2025-11-30T12:51:28.289166+01:00 esp32 Protocol: Parsed header. Millis 64298 Type: 0 Size: 10
2025-11-30T12:51:28.291874+01:00 esp32 Main: Received motor move
2025-11-30T12:51:28.305131+01:00 esp32 Protocol: Motor DX: 115 1.000000, SX: 255 1.000000
2025-11-30T12:51:28.306762+01:00 esp32 Protocol: Parsed header. Millis 64398 Type: 0 Size: 10
2025-11-30T12:51:28.308755+01:00 esp32 Main: Received motor move
2025-11-30T12:51:28.321829+01:00 esp32 Protocol: Motor DX: 60 1.000000, SX: 255 1.000000
2025-11-30T12:51:28.533199+01:00 esp32 Protocol: Parsed header. Millis 64498 Type: 0 Size: 10
2025-11-30T12:51:28.535052+01:00 esp32 Main: Received motor move
2025-11-30T12:51:28.548880+01:00 esp32 Protocol: Motor DX: 26 1.000000, SX: 255 1.000000
2025-11-30T12:51:28.551882+01:00 esp32 Protocol: Parsed header. Millis 64598 Type: 0 Size: 10
2025-11-30T12:51:28.554414+01:00 esp32 Main: Received motor move
2025-11-30T12:51:28.567887+01:00 esp32 Protocol: Motor DX: 20 -1.000000, SX: 255 1.000000
2025-11-30T12:51:28.571802+01:00 esp32 Protocol: Parsed header. Millis 64698 Type: 0 Size: 10
2025-11-30T12:51:28.573790+01:00 esp32 Main: Received motor move
2025-11-30T12:51:28.589528+01:00 esp32 Protocol: Motor DX: 62 1.000000, SX: 255 1.000000
2025-11-30T12:51:28.789119+01:00 esp32 Protocol: Parsed header. Millis 64798 Type: 0 Size: 10
2025-11-30T12:51:28.793595+01:00 esp32 Main: Received motor move
2025-11-30T12:51:28.806398+01:00 esp32 Protocol: Motor DX: 255 1.000000, SX: 212 1.000000
2025-11-30T12:51:28.808753+01:00 esp32 Protocol: Parsed header. Millis 64898 Type: 0 Size: 10
2025-11-30T12:51:28.811454+01:00 esp32 Main: Received motor move
2025-11-30T12:51:28.826817+01:00 esp32 Protocol: Motor DX: 255 1.000000, SX: 220 1.000000
2025-11-30T12:51:29.039077+01:00 esp32 Protocol: Parsed header. Millis 64998 Type: 0 Size: 10
2025-11-30T12:51:29.041006+01:00 esp32 Main: Received motor move
2025-11-30T12:51:29.055779+01:00 esp32 Protocol: Motor DX: 255 1.000000, SX: 242 1.000000
2025-11-30T12:51:29.057794+01:00 esp32 Protocol: Parsed header. Millis 65099 Type: 0 Size: 10
2025-11-30T12:51:29.059746+01:00 esp32 Main: Received motor move
2025-11-30T12:51:29.073861+01:00 esp32 Protocol: Motor DX: 237 1.000000, SX: 255 1.000000
2025-11-30T12:51:29.076803+01:00 esp32 Protocol: Parsed header. Millis 65199 Type: 0 Size: 10
2025-11-30T12:51:29.080718+01:00 esp32 Main: Received motor move
2025-11-30T12:51:29.083770+01:00 esp32 Protocol: Motor DX: 229 1.000000, SX: 255 1.000000
2025-11-30T12:51:29.291196+01:00 esp32 Protocol: Parsed header. Millis 65299 Type: 0 Size: 10
2025-11-30T12:51:29.295121+01:00 esp32 Main: Received motor move
2025-11-30T12:51:29.297822+01:00 esp32 Protocol: Motor DX: 247 1.000000, SX: 255 1.000000
2025-11-30T12:51:29.309855+01:00 esp32 Protocol: Parsed header. Millis 65399 Type: 0 Size: 10
2025-11-30T12:51:29.311891+01:00 esp32 Main: Received motor move
2025-11-30T12:51:29.316017+01:00 esp32 Protocol: Motor DX: 255 1.000000, SX: 238 1.000000
2025-11-30T12:51:29.534143+01:00 esp32 Protocol: Parsed header. Millis 65499 Type: 0 Size: 10
2025-11-30T12:51:29.535828+01:00 esp32 Main: Received motor move
2025-11-30T12:51:29.548823+01:00 esp32 Protocol: Motor DX: 255 1.000000, SX: 252 1.000000
2025-11-30T12:51:29.551039+01:00 esp32 Protocol: Parsed header. Millis 65599 Type: 0 Size: 10
2025-11-30T12:51:29.553245+01:00 esp32 Main: Received motor move
2025-11-30T12:51:29.565906+01:00 esp32 Protocol: Motor DX: 249 1.000000, SX: 255 1.000000
2025-11-30T12:51:29.567863+01:00 esp32 Protocol: Parsed header. Millis 65699 Type: 0 Size: 10
2025-11-30T12:51:29.573109+01:00 esp32 Main: Received motor move
2025-11-30T12:51:29.575788+01:00 esp32 Protocol: Motor DX: 255 1.000000, SX: 250 1.000000
2025-11-30T12:51:29.790187+01:00 esp32 Protocol: Parsed header. Millis 65799 Type: 0 Size: 10
2025-11-30T12:51:29.793793+01:00 esp32 Main: Received motor move
2025-11-30T12:51:29.796760+01:00 esp32 Protocol: Motor DX: 255 1.000000, SX: 178 1.000000
2025-11-30T12:51:29.809835+01:00 esp32 Protocol: Parsed header. Millis 65899 Type: 0 Size: 10
2025-11-30T12:51:29.811768+01:00 esp32 Main: Received motor move
2025-11-30T12:51:29.813757+01:00 esp32 Protocol: Motor DX: 255 1.000000, SX: 160 1.000000
2025-11-30T12:51:30.035071+01:00 esp32 Protocol: Parsed header. Millis 65999 Type: 0 Size: 10
2025-11-30T12:51:30.038782+01:00 esp32 Main: Received motor move
2025-11-30T12:51:30.041023+01:00 esp32 Protocol: Motor DX: 255 1.000000, SX: 168 1.000000
2025-11-30T12:51:30.053114+01:00 esp32 Protocol: Parsed header. Millis 66099 Type: 0 Size: 10
2025-11-30T12:51:30.055729+01:00 esp32 Main: Received motor move
2025-11-30T12:51:30.059059+01:00 esp32 Protocol: Motor DX: 255 1.000000, SX: 160 1.000000
2025-11-30T12:51:30.069840+01:00 esp32 Protocol: Parsed header. Millis 66200 Type: 0 Size: 10
2025-11-30T12:51:30.071810+01:00 esp32 Main: Received motor move
2025-11-30T12:51:30.074963+01:00 esp32 Protocol: Motor DX: 255 1.000000, SX: 166 1.000000
2025-11-30T12:51:30.283061+01:00 esp32 Protocol: Parsed header. Millis 66300 Type: 0 Size: 10
2025-11-30T12:51:30.285105+01:00 esp32 Main: Received motor move
2025-11-30T12:51:30.298994+01:00 esp32 Protocol: Motor DX: 255 1.000000, SX: 202 1.000000
2025-11-30T12:51:30.301003+01:00 esp32 Protocol: Parsed header. Millis 66400 Type: 0 Size: 10
2025-11-30T12:51:30.305712+01:00 esp32 Main: Received motor move
2025-11-30T12:51:30.309080+01:00 esp32 Protocol: Motor DX: 255 1.000000, SX: 250 1.000000
2025-11-30T12:51:30.539167+01:00 esp32 Protocol: Parsed header. Millis 66500 Type: 0 Size: 10
2025-11-30T12:51:30.544625+01:00 esp32 Main: Received motor move
2025-11-30T12:51:30.547726+01:00 esp32 Protocol: Motor DX: 251 1.000000, SX: 255 1.000000
2025-11-30T12:51:30.561824+01:00 esp32 Protocol: Parsed header. Millis 66600 Type: 0 Size: 10
2025-11-30T12:51:30.564933+01:00 esp32 Main: Received motor move
2025-11-30T12:51:30.566780+01:00 esp32 Protocol: Motor DX: 255 1.000000, SX: 248 1.000000
2025-11-30T12:51:30.578783+01:00 esp32 Protocol: Parsed header. Millis 66700 Type: 0 Size: 10
2025-11-30T12:51:30.581702+01:00 esp32 Main: Received motor move
2025-11-30T12:51:30.586808+01:00 esp32 Protocol: Motor DX: 255 1.000000, SX: 250 1.000000
2025-11-30T12:51:30.790425+01:00 esp32 Protocol: Parsed header. Millis 66800 Type: 0 Size: 10
2025-11-30T12:51:30.793047+01:00 esp32 Main: Received motor move
2025-11-30T12:51:30.798845+01:00 esp32 Protocol: Motor DX: 249 1.000000, SX: 255 1.000000
2025-11-30T12:51:30.811133+01:00 esp32 Protocol: Parsed header. Millis 66900 Type: 0 Size: 10
2025-11-30T12:51:30.815867+01:00 esp32 Main: Received motor move
2025-11-30T12:51:30.818774+01:00 esp32 Protocol: Motor DX: 255 1.000000, SX: 252 1.000000
2025-11-30T12:51:31.041929+01:00 esp32 Protocol: Parsed header. Millis 67000 Type: 0 Size: 10
2025-11-30T12:51:31.045060+01:00 esp32 Main: Received motor move
2025-11-30T12:51:31.056835+01:00 esp32 Protocol: Motor DX: 145 1.000000, SX: 255 1.000000
2025-11-30T12:51:31.058770+01:00 esp32 Protocol: Parsed header. Millis 67100 Type: 0 Size: 10
2025-11-30T12:51:31.061776+01:00 esp32 Main: Received motor move
2025-11-30T12:51:31.073816+01:00 esp32 Protocol: Motor DX: 72 1.000000, SX: 255 1.000000
2025-11-30T12:51:31.075806+01:00 esp32 Protocol: Parsed header. Millis 67200 Type: 0 Size: 10
2025-11-30T12:51:31.079711+01:00 esp32 Main: Received motor move
2025-11-30T12:51:31.093063+01:00 esp32 Protocol: Motor DX: 20 -1.000000, SX: 255 1.000000
2025-11-30T12:51:31.101870+01:00 esp32 Protocol: Parsed header. Millis 67301 Type: 0 Size: 10
2025-11-30T12:51:31.103745+01:00 esp32 Main: Received motor move
2025-11-30T12:51:31.115903+01:00 esp32 Protocol: Motor DX: 109 -1.000000, SX: 255 1.000000
2025-11-30T12:51:31.289084+01:00 esp32 Protocol: Parsed header. Millis 67401 Type: 0 Size: 10
2025-11-30T12:51:31.292997+01:00 esp32 Main: Received motor move
2025-11-30T12:51:31.305003+01:00 esp32 Protocol: Motor DX: 129 -1.000000, SX: 255 1.000000
2025-11-30T12:51:31.533065+01:00 esp32 Protocol: Parsed header. Millis 67501 Type: 0 Size: 10
2025-11-30T12:51:31.534965+01:00 esp32 Main: Received motor move
2025-11-30T12:51:31.546845+01:00 esp32 Protocol: Motor DX: 143 -1.000000, SX: 255 1.000000
2025-11-30T12:51:31.548749+01:00 esp32 Protocol: Parsed header. Millis 67701 Type: 0 Size: 10
2025-11-30T12:51:31.551758+01:00 esp32 Main: Received motor move
2025-11-30T12:51:31.563822+01:00 esp32 Protocol: Motor DX: 131 -1.000000, SX: 255 1.000000
2025-11-30T12:51:31.783051+01:00 esp32 Protocol: Parsed header. Millis 67801 Type: 0 Size: 10
2025-11-30T12:51:31.784967+01:00 esp32 Main: Received motor move
2025-11-30T12:51:31.798880+01:00 esp32 Protocol: Motor DX: 137 -1.000000, SX: 255 1.000000
2025-11-30T12:51:32.032246+01:00 esp32 Protocol: Parsed header. Millis 68001 Type: 0 Size: 10
2025-11-30T12:51:32.036898+01:00 esp32 Main: Received motor move
2025-11-30T12:51:32.039823+01:00 esp32 Protocol: Motor DX: 62 -1.000000, SX: 255 1.000000
2025-11-30T12:51:32.053896+01:00 esp32 Protocol: Parsed header. Millis 68101 Type: 0 Size: 10
2025-11-30T12:51:32.055889+01:00 esp32 Main: Received motor move
2025-11-30T12:51:32.058161+01:00 esp32 Protocol: Motor DX: 233 1.000000, SX: 255 1.000000
2025-11-30T12:51:32.070217+01:00 esp32 Protocol: Parsed header. Millis 68201 Type: 0 Size: 10
2025-11-30T12:51:32.075935+01:00 esp32 Main: Received motor move
2025-11-30T12:51:32.080770+01:00 esp32 Protocol: Motor DX: 243 1.000000, SX: 255 1.000000
2025-11-30T12:51:32.283079+01:00 esp32 Protocol: Parsed header. Millis 68401 Type: 0 Size: 10
2025-11-30T12:51:32.285785+01:00 esp32 Main: Received motor move
2025-11-30T12:51:32.298112+01:00 esp32 Protocol: Motor DX: 253 1.000000, SX: 255 1.000000
2025-11-30T12:51:32.539071+01:00 esp32 Protocol: Parsed header. Millis 68602 Type: 0 Size: 10
2025-11-30T12:51:32.542972+01:00 esp32 Main: Received motor move
2025-11-30T12:51:32.546776+01:00 esp32 Protocol: Motor DX: 255 1.000000, SX: 163 -1.000000
2025-11-30T12:51:32.562031+01:00 esp32 Protocol: Parsed header. Millis 68702 Type: 0 Size: 10
2025-11-30T12:51:32.565060+01:00 esp32 Main: Received motor move
2025-11-30T12:51:32.568333+01:00 esp32 Protocol: Motor DX: 255 1.000000, SX: 251 -1.000000
2025-11-30T12:51:32.789093+01:00 esp32 Protocol: Parsed header. Millis 68802 Type: 0 Size: 10
2025-11-30T12:51:32.791755+01:00 esp32 Main: Received motor move
2025-11-30T12:51:32.805140+01:00 esp32 Protocol: Motor DX: 230 1.000000, SX: 255 -1.000000
2025-11-30T12:51:32.806815+01:00 esp32 Protocol: Parsed header. Millis 68902 Type: 0 Size: 10
2025-11-30T12:51:32.808782+01:00 esp32 Main: Received motor move
2025-11-30T12:51:32.820922+01:00 esp32 Protocol: Motor DX: 222 1.000000, SX: 255 -1.000000
2025-11-30T12:51:33.039124+01:00 esp32 Protocol: Parsed header. Millis 69202 Type: 0 Size: 10
2025-11-30T12:51:33.043082+01:00 esp32 Main: Received motor move
2025-11-30T12:51:33.055138+01:00 esp32 Protocol: Motor DX: 198 1.000000, SX: 255 -1.000000
2025-11-30T12:51:33.289134+01:00 esp32 Protocol: Parsed header. Millis 69402 Type: 0 Size: 10
2025-11-30T12:51:33.291804+01:00 esp32 Main: Received motor move
2025-11-30T12:51:33.305023+01:00 esp32 Protocol: Motor DX: 40 -1.000000, SX: 42 1.000000
2025-11-30T12:51:33.539140+01:00 esp32 Protocol: Parsed header. Millis 69502 Type: 0 Size: 10
2025-11-30T12:51:33.543777+01:00 esp32 Main: Received motor move
2025-11-30T12:51:33.545770+01:00 esp32 Protocol: Motor DX: 0 1.000000, SX: 2 1.000000
2025-11-30T12:51:33.794737+01:00 esp32 Protocol: Parsed header. Millis 69803 Type: 0 Size: 10
2025-11-30T12:51:33.794869+01:00 esp32 Main: Received motor move
2025-11-30T12:51:33.796780+01:00 esp32 Protocol: Motor DX: 238 1.000000, SX: 243 -1.000000
2025-11-30T12:51:33.808856+01:00 esp32 Protocol: Parsed header. Millis 69903 Type: 0 Size: 10
2025-11-30T12:51:33.810837+01:00 esp32 Main: Received motor move
2025-11-30T12:51:33.823054+01:00 esp32 Protocol: Motor DX: 255 1.000000, SX: 217 -1.000000
2025-11-30T12:51:34.043080+01:00 esp32 Protocol: Parsed header. Millis 70003 Type: 0 Size: 10
2025-11-30T12:51:34.045751+01:00 esp32 Main: Received motor move
2025-11-30T12:51:34.058816+01:00 esp32 Protocol: Motor DX: 255 1.000000, SX: 195 -1.000000
2025-11-30T12:51:34.060730+01:00 esp32 Protocol: Parsed header. Millis 70103 Type: 0 Size: 10
2025-11-30T12:51:34.062877+01:00 esp32 Main: Received motor move
2025-11-30T12:51:34.075728+01:00 esp32 Protocol: Motor DX: 2 -1.000000, SX: 4 1.000000
2025-11-30T12:51:34.319211+01:00 esp32 Protocol: Parsed header. Millis 70503 Type: 0 Size: 10
2025-11-30T12:51:34.334768+01:00 esp32 Main: Received motor move
2025-11-30T12:51:34.334768+01:00 esp32 Protocol: Motor DX: 247 1.000000, SX: 255 1.000000
2025-11-30T12:51:34.539044+01:00 esp32 Protocol: Parsed header. Millis 70603 Type: 0 Size: 10
2025-11-30T12:51:34.541697+01:00 esp32 Main: Received motor move
2025-11-30T12:51:34.554891+01:00 esp32 Protocol: Motor DX: 237 1.000000, SX: 255 1.000000
2025-11-30T12:51:34.791048+01:00 esp32 Protocol: Parsed header. Millis 70803 Type: 0 Size: 10
2025-11-30T12:51:34.792880+01:00 esp32 Main: Received motor move
2025-11-30T12:51:34.805095+01:00 esp32 Protocol: Motor DX: 243 1.000000, SX: 255 1.000000
2025-11-30T12:51:34.809949+01:00 esp32 Protocol: Parsed header. Millis 70904 Type: 0 Size: 10
2025-11-30T12:51:34.811870+01:00 esp32 Main: Received motor move
2025-11-30T12:51:34.823915+01:00 esp32 Protocol: Motor DX: 255 1.000000, SX: 214 1.000000
2025-11-30T12:51:35.032114+01:00 esp32 Protocol: Parsed header. Millis 71004 Type: 0 Size: 10
2025-11-30T12:51:35.036346+01:00 esp32 Main: Received motor move
2025-11-30T12:51:35.045838+01:00 esp32 Protocol: Motor DX: 255 1.000000, SX: 54 1.000000
2025-11-30T12:51:35.048036+01:00 esp32 Protocol: Parsed header. Millis 71104 Type: 0 Size: 10
2025-11-30T12:51:35.050775+01:00 esp32 Main: Received motor move
2025-11-30T12:51:35.063057+01:00 esp32 Protocol: Motor DX: 255 1.000000, SX: 119 -1.000000
2025-11-30T12:51:35.068029+01:00 esp32 Protocol: Parsed header. Millis 71204 Type: 0 Size: 10
2025-11-30T12:51:35.072938+01:00 esp32 Main: Received motor move
2025-11-30T12:51:35.074982+01:00 esp32 Protocol: Motor DX: 255 1.000000, SX: 147 -1.000000
2025-11-30T12:51:35.332274+01:00 esp32 Protocol: Parsed header. Millis 71304 Type: 0 Size: 10
2025-11-30T12:51:35.332409+01:00 esp32 Main: Received motor move
2025-11-30T12:51:35.334509+01:00 esp32 Protocol: Motor DX: 255 1.000000, SX: 57 -1.000000
2025-11-30T12:51:35.337996+01:00 esp32 Protocol: Parsed header. Millis 71404 Type: 0 Size: 10
2025-11-30T12:51:35.341738+01:00 esp32 Main: Received motor move
2025-11-30T12:51:35.353773+01:00 esp32 Protocol: Motor DX: 255 1.000000, SX: 105 -1.000000
2025-11-30T12:51:35.744332+01:00 esp32 Main: Battery: 16 , 13073 mV, 2385 raw
2025-11-30T12:51:35.758147+01:00 esp32 Protocol: Wifi 1, Server: 1, Latest millis: 71404, Used: 0, Read header: 0, Sensors count: 0
2025-11-30T12:51:36.140171+01:00 esp32 Protocol: Parsed header. Millis 72305 Type: 0 Size: 10
2025-11-30T12:51:36.143775+01:00 esp32 Main: Received motor move
2025-11-30T12:51:36.155851+01:00 esp32 Protocol: Motor DX: 163 -1.000000, SX: 255 1.000000
2025-11-30T12:51:38.602362+01:00 esp32 Protocol: Parsed header. Millis 74706 Type: 0 Size: 10
2025-11-30T12:51:38.606353+01:00 esp32 Main: Received motor move
2025-11-30T12:51:38.608748+01:00 esp32 Protocol: Motor DX: 0 1.000000, SX: 2 1.000000
2025-11-30T12:51:45.744479+01:00 esp32 Main: Battery: 20 , 13337 mV, 2416 raw
2025-11-30T12:51:45.757584+01:00 esp32 Protocol: Wifi 1, Server: 1, Latest millis: 74706, Used: 0, Read header: 0, Sensors count: 0
2025-11-30T12:51:55.744577+01:00 esp32 Main: Battery: 20 , 13249 mV, 2400 raw
2025-11-30T12:51:55.757862+01:00 esp32 Protocol: Wifi 1, Server: 1, Latest millis: 74706, Used: 0, Read header: 0, Sensors count: 0
2025-11-30T12:52:05.744380+01:00 esp32 Main: Battery: 20 , 13249 mV, 2369 raw
2025-11-30T12:52:05.750862+01:00 esp32 Protocol: Wifi 1, Server: 0, Latest millis: 74706, Used: 0, Read header: 0, Sensors count: 0
2025-11-30T12:52:15.744476+01:00 esp32 Main: Battery: 20 , 13337 mV, 2401 raw
2025-11-30T12:52:15.757020+01:00 esp32 Protocol: Wifi 1, Server: 0, Latest millis: 74706, Used: 0, Read header: 0, Sensors count: 0
2025-11-30T12:52:44.651414+01:00 esp32 Protocol: Connected to WiFi
2025-11-30T12:52:44.658486+01:00 esp32 Protocol: Connected to server
2025-11-30T12:52:44.660685+01:00 esp32 Motor: INIT MOTORS - START
2025-11-30T12:52:44.663064+01:00 esp32 Motor: INIT MOTORS - END
2025-11-30T12:52:44.677996+01:00 esp32 Main: INIT I2C
2025-11-30T12:52:46.623128+01:00 esp32 Main: Battery: 22 , 13337 mV, 2417 raw
2025-11-30T12:52:46.636419+01:00 esp32 Protocol: Wifi 1, Server: 1, Latest millis: 0, Used: 0, Read header: 0, Sensors count: 0
2025-11-30T12:52:46.650494+01:00 esp32 Protocol: Parsed header. Millis 0 Type: 0 Size: 10
2025-11-30T12:52:46.665253+01:00 esp32 Main: Received motor move
2025-11-30T12:52:46.666998+01:00 esp32 Protocol: Motor DX: 2 -1.000000, SX: 4 1.000000
2025-11-30T12:52:47.824449+01:00 esp32 Protocol: Parsed header. Millis 3102 Type: 0 Size: 10
2025-11-30T12:52:47.830008+01:00 esp32 Main: Received motor move
2025-11-30T12:52:47.830717+01:00 esp32 Protocol: Motor DX: 255 1.000000, SX: 155 -1.000000
2025-11-30T12:52:47.900120+01:00 esp32 Protocol: Parsed header. Millis 3202 Type: 0 Size: 10
2025-11-30T12:52:47.901799+01:00 esp32 Main: Received motor move
2025-11-30T12:52:47.916009+01:00 esp32 Protocol: Motor DX: 255 1.000000, SX: 117 -1.000000
2025-11-30T12:52:48.157182+01:00 esp32 Protocol: Parsed header. Millis 3302 Type: 0 Size: 10
2025-11-30T12:52:48.159047+01:00 esp32 Main: Received motor move
2025-11-30T12:52:48.171892+01:00 esp32 Protocol: Motor DX: 90 1.000000, SX: 23 -1.000000
2025-11-30T12:52:48.174803+01:00 esp32 Protocol: Parsed header. Millis 3402 Type: 0 Size: 10
2025-11-30T12:52:48.177780+01:00 esp32 Main: Received motor move
2025-11-30T12:52:48.190988+01:00 esp32 Protocol: Motor DX: 2 -1.000000, SX: 4 1.000000
2025-11-30T12:52:48.643290+01:00 esp32 Protocol: Parsed header. Millis 3903 Type: 0 Size: 10
2025-11-30T12:52:48.644877+01:00 esp32 Main: Received motor move
2025-11-30T12:52:48.657007+01:00 esp32 Protocol: Motor DX: 190 -1.000000, SX: 208 1.000000
2025-11-30T12:52:48.665106+01:00 esp32 Protocol: Parsed header. Millis 4003 Type: 0 Size: 10
2025-11-30T12:52:48.667798+01:00 esp32 Main: Received motor move
2025-11-30T12:52:48.679947+01:00 esp32 Protocol: Motor DX: 138 -1.000000, SX: 152 1.000000
2025-11-30T12:52:48.908197+01:00 esp32 Protocol: Parsed header. Millis 4103 Type: 0 Size: 10
2025-11-30T12:52:48.909853+01:00 esp32 Main: Received motor move
2025-11-30T12:52:48.921982+01:00 esp32 Protocol: Motor DX: 0 1.000000, SX: 2 1.000000
2025-11-30T12:52:49.359246+01:00 esp32 Protocol: Parsed header. Millis 4604 Type: 0 Size: 10
2025-11-30T12:52:49.361760+01:00 esp32 Main: Received motor move
2025-11-30T12:52:49.373873+01:00 esp32 Protocol: Motor DX: 50 1.000000, SX: 64 1.000000
2025-11-30T12:52:49.407065+01:00 esp32 Protocol: Parsed header. Millis 4704 Type: 0 Size: 10
2025-11-30T12:52:49.409757+01:00 esp32 Main: Received motor move
2025-11-30T12:52:49.421880+01:00 esp32 Protocol: Motor DX: 247 1.000000, SX: 255 1.000000
2025-11-30T12:52:49.659274+01:00 esp32 Protocol: Parsed header. Millis 4804 Type: 0 Size: 10
2025-11-30T12:52:49.661989+01:00 esp32 Main: Received motor move
2025-11-30T12:52:49.666179+01:00 esp32 Protocol: Motor DX: 255 1.000000, SX: 244 1.000000
2025-11-30T12:52:49.678489+01:00 esp32 Protocol: Parsed header. Millis 4904 Type: 0 Size: 10
2025-11-30T12:52:49.683921+01:00 esp32 Main: Received motor move
2025-11-30T12:52:49.688105+01:00 esp32 Protocol: Motor DX: 255 1.000000, SX: 226 1.000000
2025-11-30T12:52:49.901284+01:00 esp32 Protocol: Parsed header. Millis 5004 Type: 0 Size: 10
2025-11-30T12:52:49.903759+01:00 esp32 Main: Received motor move
2025-11-30T12:52:49.918179+01:00 esp32 Protocol: Motor DX: 255 1.000000, SX: 224 1.000000
2025-11-30T12:52:49.921048+01:00 esp32 Protocol: Parsed header. Millis 5104 Type: 0 Size: 10
2025-11-30T12:52:49.923995+01:00 esp32 Main: Received motor move
2025-11-30T12:52:49.927976+01:00 esp32 Protocol: Motor DX: 255 1.000000, SX: 226 1.000000
2025-11-30T12:52:50.157086+01:00 esp32 Protocol: Parsed header. Millis 5304 Type: 0 Size: 10
2025-11-30T12:52:50.158853+01:00 esp32 Main: Received motor move
2025-11-30T12:52:50.172120+01:00 esp32 Protocol: Motor DX: 255 1.000000, SX: 224 1.000000
2025-11-30T12:52:50.407091+01:00 esp32 Protocol: Parsed header. Millis 5605 Type: 0 Size: 10
2025-11-30T12:52:50.408898+01:00 esp32 Main: Received motor move
2025-11-30T12:52:50.423756+01:00 esp32 Protocol: Motor DX: 255 1.000000, SX: 248 1.000000
2025-11-30T12:52:50.426725+01:00 esp32 Protocol: Parsed header. Millis 5705 Type: 0 Size: 10
2025-11-30T12:52:50.428819+01:00 esp32 Main: Received motor move
2025-11-30T12:52:50.441822+01:00 esp32 Protocol: Motor DX: 255 1.000000, SX: 250 1.000000
2025-11-30T12:52:50.658175+01:00 esp32 Protocol: Parsed header. Millis 5805 Type: 0 Size: 10
2025-11-30T12:52:50.660990+01:00 esp32 Main: Received motor move
2025-11-30T12:52:50.673840+01:00 esp32 Protocol: Motor DX: 241 1.000000, SX: 255 1.000000
2025-11-30T12:52:50.676800+01:00 esp32 Protocol: Parsed header. Millis 5905 Type: 0 Size: 10
2025-11-30T12:52:50.679386+01:00 esp32 Main: Received motor move
2025-11-30T12:52:50.682935+01:00 esp32 Protocol: Motor DX: 245 1.000000, SX: 255 1.000000
2025-11-30T12:52:51.100352+01:00 esp32 Protocol: Parsed header. Millis 6405 Type: 0 Size: 10
2025-11-30T12:52:51.104736+01:00 esp32 Main: Received motor move
2025-11-30T12:52:51.108534+01:00 esp32 Protocol: Motor DX: 243 1.000000, SX: 255 1.000000
2025-11-30T12:52:51.171171+01:00 esp32 Protocol: Parsed header. Millis 6505 Type: 0 Size: 10
2025-11-30T12:52:51.173010+01:00 esp32 Main: Received motor move
2025-11-30T12:52:51.191560+01:00 esp32 Protocol: Motor DX: 231 1.000000, SX: 255 1.000000
2025-11-30T12:52:51.401163+01:00 esp32 Protocol: Parsed header. Millis 6605 Type: 0 Size: 10
2025-11-30T12:52:51.404868+01:00 esp32 Main: Received motor move
2025-11-30T12:52:51.419114+01:00 esp32 Protocol: Motor DX: 221 1.000000, SX: 255 1.000000
2025-11-30T12:52:51.421861+01:00 esp32 Protocol: Parsed header. Millis 6705 Type: 0 Size: 10
2025-11-30T12:52:51.424864+01:00 esp32 Main: Received motor move
2025-11-30T12:52:51.436892+01:00 esp32 Protocol: Motor DX: 229 1.000000, SX: 255 1.000000
2025-11-30T12:52:51.657278+01:00 esp32 Protocol: Parsed header. Millis 6806 Type: 0 Size: 10
2025-11-30T12:52:51.658926+01:00 esp32 Main: Received motor move
2025-11-30T12:52:51.671066+01:00 esp32 Protocol: Motor DX: 227 1.000000, SX: 255 1.000000
2025-11-30T12:52:51.674867+01:00 esp32 Protocol: Parsed header. Millis 6906 Type: 0 Size: 10
2025-11-30T12:52:51.679903+01:00 esp32 Main: Received motor move
2025-11-30T12:52:51.682939+01:00 esp32 Protocol: Motor DX: 144 1.000000, SX: 82 1.000000
2025-11-30T12:52:51.908230+01:00 esp32 Protocol: Parsed header. Millis 7006 Type: 0 Size: 10
2025-11-30T12:52:51.909949+01:00 esp32 Main: Received motor move
2025-11-30T12:52:51.923281+01:00 esp32 Protocol: Motor DX: 2 -1.000000, SX: 4 1.000000
2025-11-30T12:52:52.330183+01:00 esp32 Protocol: Parsed header. Millis 7606 Type: 0 Size: 10
2025-11-30T12:52:52.333883+01:00 esp32 Main: Received motor move
2025-11-30T12:52:52.349015+01:00 esp32 Protocol: Motor DX: 231 -1.000000, SX: 255 1.000000
2025-11-30T12:52:52.408049+01:00 esp32 Protocol: Parsed header. Millis 7706 Type: 0 Size: 10
2025-11-30T12:52:52.410952+01:00 esp32 Main: Received motor move
2025-11-30T12:52:52.413892+01:00 esp32 Protocol: Motor DX: 243 -1.000000, SX: 255 1.000000
2025-11-30T12:52:52.657256+01:00 esp32 Protocol: Parsed header. Millis 7806 Type: 0 Size: 10
2025-11-30T12:52:52.658869+01:00 esp32 Main: Received motor move
2025-11-30T12:52:52.671846+01:00 esp32 Protocol: Motor DX: 249 -1.000000, SX: 255 1.000000
2025-11-30T12:52:52.674829+01:00 esp32 Protocol: Parsed header. Millis 7906 Type: 0 Size: 10
2025-11-30T12:52:52.676813+01:00 esp32 Main: Received motor move
2025-11-30T12:52:52.688993+01:00 esp32 Protocol: Motor DX: 2 -1.000000, SX: 4 1.000000
2025-11-30T12:52:52.907098+01:00 esp32 Protocol: Parsed header. Millis 8006 Type: 0 Size: 10
2025-11-30T12:52:52.910829+01:00 esp32 Main: Received motor move
2025-11-30T12:52:52.913795+01:00 esp32 Protocol: Motor DX: 0 1.000000, SX: 2 1.000000
2025-11-30T12:52:52.925846+01:00 esp32 Protocol: Parsed header. Millis 8107 Type: 0 Size: 10
2025-11-30T12:52:52.928532+01:00 esp32 Main: Received motor move
2025-11-30T12:52:52.931002+01:00 esp32 Protocol: Motor DX: 4 1.000000, SX: 1 -1.000000
2025-11-30T12:52:52.943852+01:00 esp32 Protocol: Parsed header. Millis 8207 Type: 0 Size: 10
2025-11-30T12:52:52.951631+01:00 esp32 Main: Received motor move
2025-11-30T12:52:52.951807+01:00 esp32 Protocol: Motor DX: 222 1.000000, SX: 255 -1.000000
2025-11-30T12:52:53.160067+01:00 esp32 Protocol: Parsed header. Millis 8307 Type: 0 Size: 10
2025-11-30T12:52:53.161987+01:00 esp32 Main: Received motor move
2025-11-30T12:52:53.166788+01:00 esp32 Protocol: Motor DX: 220 1.000000, SX: 255 -1.000000
2025-11-30T12:52:53.180070+01:00 esp32 Protocol: Parsed header. Millis 8407 Type: 0 Size: 10
2025-11-30T12:52:53.181777+01:00 esp32 Main: Received motor move
2025-11-30T12:52:53.184751+01:00 esp32 Protocol: Motor DX: 206 1.000000, SX: 255 -1.000000
2025-11-30T12:52:53.402007+01:00 esp32 Protocol: Parsed header. Millis 8507 Type: 0 Size: 10
2025-11-30T12:52:53.403832+01:00 esp32 Main: Received motor move
2025-11-30T12:52:53.415943+01:00 esp32 Protocol: Motor DX: 200 1.000000, SX: 255 -1.000000
2025-11-30T12:52:53.418897+01:00 esp32 Protocol: Parsed header. Millis 8607 Type: 0 Size: 10
2025-11-30T12:52:53.420844+01:00 esp32 Main: Received motor move
2025-11-30T12:52:53.425901+01:00 esp32 Protocol: Motor DX: 210 1.000000, SX: 255 -1.000000
2025-11-30T12:52:53.437856+01:00 esp32 Protocol: Parsed header. Millis 8707 Type: 0 Size: 10
2025-11-30T12:52:53.441888+01:00 esp32 Main: Received motor move
2025-11-30T12:52:53.445976+01:00 esp32 Protocol: Motor DX: 116 1.000000, SX: 137 -1.000000
2025-11-30T12:52:53.659227+01:00 esp32 Protocol: Parsed header. Millis 8807 Type: 0 Size: 10
2025-11-30T12:52:53.660917+01:00 esp32 Main: Received motor move
2025-11-30T12:52:53.674858+01:00 esp32 Protocol: Motor DX: 2 -1.000000, SX: 4 1.000000
2025-11-30T12:52:53.908187+01:00 esp32 Protocol: Parsed header. Millis 9007 Type: 0 Size: 10
2025-11-30T12:52:53.909951+01:00 esp32 Main: Received motor move
2025-11-30T12:52:53.912953+01:00 esp32 Protocol: Motor DX: 102 1.000000, SX: 99 -1.000000
2025-11-30T12:52:53.926223+01:00 esp32 Protocol: Parsed header. Millis 9107 Type: 0 Size: 10
2025-11-30T12:52:53.927823+01:00 esp32 Main: Received motor move
2025-11-30T12:52:53.929822+01:00 esp32 Protocol: Motor DX: 254 1.000000, SX: 255 -1.000000
2025-11-30T12:52:53.941853+01:00 esp32 Protocol: Parsed header. Millis 9207 Type: 0 Size: 10
2025-11-30T12:52:53.943795+01:00 esp32 Main: Received motor move
2025-11-30T12:52:53.946797+01:00 esp32 Protocol: Motor DX: 30 -1.000000, SX: 36 1.000000
2025-11-30T12:52:54.158263+01:00 esp32 Protocol: Parsed header. Millis 9308 Type: 0 Size: 10
2025-11-30T12:52:54.159957+01:00 esp32 Main: Received motor move
2025-11-30T12:52:54.171904+01:00 esp32 Protocol: Motor DX: 2 -1.000000, SX: 4 1.000000
2025-11-30T12:52:54.409003+01:00 esp32 Protocol: Parsed header. Millis 9708 Type: 0 Size: 10
2025-11-30T12:52:54.411792+01:00 esp32 Main: Received motor move
2025-11-30T12:52:54.423812+01:00 esp32 Protocol: Motor DX: 252 1.000000, SX: 255 -1.000000
2025-11-30T12:52:54.651243+01:00 esp32 Protocol: Parsed header. Millis 9808 Type: 0 Size: 10
2025-11-30T12:52:54.654873+01:00 esp32 Main: Received motor move
2025-11-30T12:52:54.666851+01:00 esp32 Protocol: Motor DX: 248 1.000000, SX: 255 -1.000000
2025-11-30T12:52:54.668798+01:00 esp32 Protocol: Parsed header. Millis 9908 Type: 0 Size: 10
2025-11-30T12:52:54.670897+01:00 esp32 Main: Received motor move
2025-11-30T12:52:54.684842+01:00 esp32 Protocol: Motor DX: 242 1.000000, SX: 255 -1.000000
2025-11-30T12:52:54.907140+01:00 esp32 Protocol: Parsed header. Millis 10008 Type: 0 Size: 10
2025-11-30T12:52:54.909816+01:00 esp32 Main: Received motor move
2025-11-30T12:52:54.922819+01:00 esp32 Protocol: Motor DX: 2 -1.000000, SX: 4 1.000000
2025-11-30T12:52:55.151135+01:00 esp32 Protocol: Parsed header. Millis 10409 Type: 0 Size: 10
2025-11-30T12:52:55.156869+01:00 esp32 Main: Received motor move
2025-11-30T12:52:55.158941+01:00 esp32 Protocol: Motor DX: 184 -1.000000, SX: 190 1.000000
2025-11-30T12:52:55.407252+01:00 esp32 Protocol: Parsed header. Millis 10509 Type: 0 Size: 10
2025-11-30T12:52:55.409879+01:00 esp32 Main: Received motor move
2025-11-30T12:52:55.422206+01:00 esp32 Protocol: Motor DX: 249 -1.000000, SX: 255 1.000000
2025-11-30T12:52:55.424949+01:00 esp32 Protocol: Parsed header. Millis 10709 Type: 0 Size: 10
2025-11-30T12:52:55.426925+01:00 esp32 Main: Received motor move
2025-11-30T12:52:55.438960+01:00 esp32 Protocol: Motor DX: 0 1.000000, SX: 2 1.000000
2025-11-30T12:52:55.676147+01:00 esp32 Protocol: Parsed header. Millis 11009 Type: 0 Size: 10
2025-11-30T12:52:55.680801+01:00 esp32 Main: Received motor move
2025-11-30T12:52:55.683728+01:00 esp32 Protocol: Motor DX: 16 -1.000000, SX: 18 1.000000
2025-11-30T12:52:55.905063+01:00 esp32 Protocol: Parsed header. Millis 11109 Type: 0 Size: 10
2025-11-30T12:52:55.906821+01:00 esp32 Main: Received motor move
2025-11-30T12:52:55.909017+01:00 esp32 Protocol: Motor DX: 229 -1.000000, SX: 255 1.000000
2025-11-30T12:52:55.922857+01:00 esp32 Protocol: Parsed header. Millis 11209 Type: 0 Size: 10
2025-11-30T12:52:55.925785+01:00 esp32 Main: Received motor move
2025-11-30T12:52:55.928868+01:00 esp32 Protocol: Motor DX: 20 -1.000000, SX: 14 1.000000
2025-11-30T12:52:56.150092+01:00 esp32 Protocol: Parsed header. Millis 11309 Type: 0 Size: 10
2025-11-30T12:52:56.153792+01:00 esp32 Main: Received motor move
2025-11-30T12:52:56.155825+01:00 esp32 Protocol: Motor DX: 0 1.000000, SX: 2 1.000000
2025-11-30T12:52:56.167893+01:00 esp32 Protocol: Parsed header. Millis 11409 Type: 0 Size: 10
2025-11-30T12:52:56.169803+01:00 esp32 Main: Received motor move
2025-11-30T12:52:56.182859+01:00 esp32 Protocol: Motor DX: 56 -1.000000, SX: 58 1.000000
2025-11-30T12:52:56.411205+01:00 esp32 Protocol: Parsed header. Millis 11510 Type: 0 Size: 10
2025-11-30T12:52:56.413765+01:00 esp32 Main: Received motor move
2025-11-30T12:52:56.415814+01:00 esp32 Protocol: Motor DX: 130 -1.000000, SX: 184 1.000000
2025-11-30T12:52:56.427797+01:00 esp32 Protocol: Parsed header. Millis 11610 Type: 0 Size: 10
2025-11-30T12:52:56.429792+01:00 esp32 Main: Received motor move
2025-11-30T12:52:56.432851+01:00 esp32 Protocol: Motor DX: 66 -1.000000, SX: 156 1.000000
2025-11-30T12:52:56.446821+01:00 esp32 Protocol: Parsed header. Millis 11710 Type: 0 Size: 10
2025-11-30T12:52:56.449764+01:00 esp32 Main: Received motor move
2025-11-30T12:52:56.452831+01:00 esp32 Protocol: Motor DX: 48 -1.000000, SX: 170 1.000000
2025-11-30T12:52:56.615333+01:00 esp32 Main: Battery: 20 , 13161 mV, 2384 raw
2025-11-30T12:52:56.626991+01:00 esp32 Protocol: Wifi 1, Server: 1, Latest millis: 11710, Used: 0, Read header: 0, Sensors count: 0
2025-11-30T12:52:56.657180+01:00 esp32 Protocol: Parsed header. Millis 11810 Type: 0 Size: 10
2025-11-30T12:52:56.658796+01:00 esp32 Main: Received motor move
2025-11-30T12:52:56.671850+01:00 esp32 Protocol: Motor DX: 30 -1.000000, SX: 152 1.000000
2025-11-30T12:52:56.673784+01:00 esp32 Protocol: Parsed header. Millis 11910 Type: 0 Size: 10
2025-11-30T12:52:56.675802+01:00 esp32 Main: Received motor move
2025-11-30T12:52:56.688839+01:00 esp32 Protocol: Motor DX: 10 1.000000, SX: 196 1.000000
2025-11-30T12:52:56.907130+01:00 esp32 Protocol: Parsed header. Millis 12010 Type: 0 Size: 10
2025-11-30T12:52:56.909776+01:00 esp32 Main: Received motor move
2025-11-30T12:52:56.922204+01:00 esp32 Protocol: Motor DX: 6 1.000000, SX: 200 1.000000
2025-11-30T12:52:56.927272+01:00 esp32 Protocol: Parsed header. Millis 12110 Type: 0 Size: 10
2025-11-30T12:52:56.934507+01:00 esp32 Main: Received motor move
2025-11-30T12:52:56.937730+01:00 esp32 Protocol: Motor DX: 4 1.000000, SX: 182 1.000000
2025-11-30T12:52:56.943673+01:00 esp32 Protocol: Parsed header. Millis 12210 Type: 0 Size: 10
2025-11-30T12:52:56.944447+01:00 esp32 Main: Received motor move
2025-11-30T12:52:56.957943+01:00 esp32 Protocol: Motor DX: 4 1.000000, SX: 178 1.000000
2025-11-30T12:52:57.159402+01:00 esp32 Protocol: Parsed header. Millis 12310 Type: 0 Size: 10
2025-11-30T12:52:57.162898+01:00 esp32 Main: Received motor move
2025-11-30T12:52:57.174891+01:00 esp32 Protocol: Motor DX: 20 1.000000, SX: 50 1.000000
2025-11-30T12:52:57.177790+01:00 esp32 Protocol: Parsed header. Millis 12410 Type: 0 Size: 10
2025-11-30T12:52:57.180849+01:00 esp32 Main: Received motor move
2025-11-30T12:52:57.183856+01:00 esp32 Protocol: Motor DX: 0 1.000000, SX: 2 1.000000
2025-11-30T12:52:57.407403+01:00 esp32 Protocol: Parsed header. Millis 12510 Type: 0 Size: 10
2025-11-30T12:52:57.408874+01:00 esp32 Main: Received motor move
2025-11-30T12:52:57.421921+01:00 esp32 Protocol: Motor DX: 6 1.000000, SX: 3 -1.000000
2025-11-30T12:52:57.423830+01:00 esp32 Protocol: Parsed header. Millis 12610 Type: 0 Size: 10
2025-11-30T12:52:57.426863+01:00 esp32 Main: Received motor move
2025-11-30T12:52:57.438961+01:00 esp32 Protocol: Motor DX: 60 1.000000, SX: 14 1.000000
2025-11-30T12:52:57.440871+01:00 esp32 Protocol: Parsed header. Millis 12711 Type: 0 Size: 10
2025-11-30T12:52:57.442905+01:00 esp32 Main: Received motor move
2025-11-30T12:52:57.455807+01:00 esp32 Protocol: Motor DX: 62 1.000000, SX: 56 1.000000
2025-11-30T12:52:57.653086+01:00 esp32 Protocol: Parsed header. Millis 12811 Type: 0 Size: 10
2025-11-30T12:52:57.654834+01:00 esp32 Main: Received motor move
2025-11-30T12:52:57.659198+01:00 esp32 Protocol: Motor DX: 108 1.000000, SX: 70 1.000000
2025-11-30T12:52:57.663917+01:00 esp32 Protocol: Parsed header. Millis 12911 Type: 0 Size: 10
2025-11-30T12:52:57.675851+01:00 esp32 Main: Received motor move
2025-11-30T12:52:57.679751+01:00 esp32 Protocol: Motor DX: 170 1.000000, SX: 104 1.000000
2025-11-30T12:52:57.907149+01:00 esp32 Protocol: Parsed header. Millis 13011 Type: 0 Size: 10
2025-11-30T12:52:57.908822+01:00 esp32 Main: Received motor move
2025-11-30T12:52:57.921818+01:00 esp32 Protocol: Motor DX: 234 1.000000, SX: 156 1.000000
2025-11-30T12:52:57.926003+01:00 esp32 Protocol: Parsed header. Millis 13111 Type: 0 Size: 10
2025-11-30T12:52:57.928882+01:00 esp32 Main: Received motor move
2025-11-30T12:52:57.941768+01:00 esp32 Protocol: Motor DX: 255 1.000000, SX: 202 1.000000
2025-11-30T12:52:57.944778+01:00 esp32 Protocol: Parsed header. Millis 13211 Type: 0 Size: 10
2025-11-30T12:52:57.946795+01:00 esp32 Main: Received motor move
2025-11-30T12:52:57.959172+01:00 esp32 Protocol: Motor DX: 255 1.000000, SX: 220 1.000000
2025-11-30T12:52:58.158957+01:00 esp32 Protocol: Parsed header. Millis 13311 Type: 0 Size: 10
2025-11-30T12:52:58.160878+01:00 esp32 Main: Received motor move
2025-11-30T12:52:58.172987+01:00 esp32 Protocol: Motor DX: 255 1.000000, SX: 222 1.000000
2025-11-30T12:52:58.174884+01:00 esp32 Protocol: Parsed header. Millis 13411 Type: 0 Size: 10
2025-11-30T12:52:58.176924+01:00 esp32 Main: Received motor move
2025-11-30T12:52:58.188986+01:00 esp32 Protocol: Motor DX: 255 1.000000, SX: 240 1.000000
2025-11-30T12:52:58.408228+01:00 esp32 Protocol: Parsed header. Millis 13511 Type: 0 Size: 10
2025-11-30T12:52:58.409870+01:00 esp32 Main: Received motor move
2025-11-30T12:52:58.421918+01:00 esp32 Protocol: Motor DX: 255 1.000000, SX: 242 1.000000
2025-11-30T12:52:58.425873+01:00 esp32 Protocol: Parsed header. Millis 13611 Type: 0 Size: 10
2025-11-30T12:52:58.427826+01:00 esp32 Main: Received motor move
2025-11-30T12:52:58.439937+01:00 esp32 Protocol: Motor DX: 247 1.000000, SX: 255 1.000000
2025-11-30T12:52:58.443859+01:00 esp32 Protocol: Parsed header. Millis 13711 Type: 0 Size: 10
2025-11-30T12:52:58.448895+01:00 esp32 Main: Received motor move
2025-11-30T12:52:58.451826+01:00 esp32 Protocol: Motor DX: 229 1.000000, SX: 255 1.000000
2025-11-30T12:52:58.651091+01:00 esp32 Protocol: Parsed header. Millis 13811 Type: 0 Size: 10
2025-11-30T12:52:58.652814+01:00 esp32 Main: Received motor move
2025-11-30T12:52:58.666511+01:00 esp32 Protocol: Motor DX: 221 1.000000, SX: 255 1.000000
2025-11-30T12:52:58.668787+01:00 esp32 Protocol: Parsed header. Millis 13912 Type: 0 Size: 10
2025-11-30T12:52:58.671738+01:00 esp32 Main: Received motor move
2025-11-30T12:52:58.674782+01:00 esp32 Protocol: Motor DX: 217 1.000000, SX: 255 1.000000
2025-11-30T12:52:58.907119+01:00 esp32 Protocol: Parsed header. Millis 14012 Type: 0 Size: 10
2025-11-30T12:52:58.909239+01:00 esp32 Main: Received motor move
2025-11-30T12:52:58.922812+01:00 esp32 Protocol: Motor DX: 205 1.000000, SX: 255 1.000000
2025-11-30T12:52:58.927800+01:00 esp32 Protocol: Parsed header. Millis 14112 Type: 0 Size: 10
2025-11-30T12:52:58.930805+01:00 esp32 Main: Received motor move
2025-11-30T12:52:58.943830+01:00 esp32 Protocol: Motor DX: 189 1.000000, SX: 255 1.000000
2025-11-30T12:52:58.946804+01:00 esp32 Protocol: Parsed header. Millis 14212 Type: 0 Size: 10
2025-11-30T12:52:58.948809+01:00 esp32 Main: Received motor move
2025-11-30T12:52:58.961867+01:00 esp32 Protocol: Motor DX: 217 1.000000, SX: 255 1.000000
2025-11-30T12:52:59.150992+01:00 esp32 Protocol: Parsed header. Millis 14312 Type: 0 Size: 10
2025-11-30T12:52:59.154769+01:00 esp32 Main: Received motor move
2025-11-30T12:52:59.158856+01:00 esp32 Protocol: Motor DX: 255 1.000000, SX: 92 1.000000
2025-11-30T12:52:59.170959+01:00 esp32 Protocol: Parsed header. Millis 14412 Type: 0 Size: 10
2025-11-30T12:52:59.183960+01:00 esp32 Main: Received motor move
2025-11-30T12:52:59.185871+01:00 esp32 Protocol: Motor DX: 255 1.000000, SX: 64 1.000000
2025-11-30T12:52:59.194846+01:00 esp32 Protocol: Parsed header. Millis 14512 Type: 0 Size: 10
2025-11-30T12:52:59.197795+01:00 esp32 Main: Received motor move
2025-11-30T12:52:59.199790+01:00 esp32 Protocol: Motor DX: 255 1.000000, SX: 48 1.000000
2025-11-30T12:52:59.402790+01:00 esp32 Protocol: Parsed header. Millis 14612 Type: 0 Size: 10
2025-11-30T12:52:59.403732+01:00 esp32 Main: Received motor move
2025-11-30T12:52:59.415860+01:00 esp32 Protocol: Motor DX: 255 1.000000, SX: 30 1.000000
2025-11-30T12:52:59.417806+01:00 esp32 Protocol: Parsed header. Millis 14712 Type: 0 Size: 10
2025-11-30T12:52:59.422197+01:00 esp32 Main: Received motor move
2025-11-30T12:52:59.427786+01:00 esp32 Protocol: Motor DX: 255 1.000000, SX: 3 -1.000000
2025-11-30T12:52:59.651135+01:00 esp32 Protocol: Parsed header. Millis 14812 Type: 0 Size: 10
2025-11-30T12:52:59.653012+01:00 esp32 Main: Received motor move
2025-11-30T12:52:59.666166+01:00 esp32 Protocol: Motor DX: 255 1.000000, SX: 49 -1.000000
2025-11-30T12:52:59.668873+01:00 esp32 Protocol: Parsed header. Millis 14912 Type: 0 Size: 10
2025-11-30T12:52:59.670875+01:00 esp32 Main: Received motor move
2025-11-30T12:52:59.683079+01:00 esp32 Protocol: Motor DX: 2 -1.000000, SX: 4 1.000000
2025-11-30T12:53:00.017224+01:00 esp32 Protocol: Parsed header. Millis 15313 Type: 0 Size: 10
2025-11-30T12:53:00.017293+01:00 esp32 Main: Received motor move
2025-11-30T12:53:00.019878+01:00 esp32 Protocol: Motor DX: 96 1.000000, SX: 90 1.000000
2025-11-30T12:53:00.157133+01:00 esp32 Protocol: Parsed header. Millis 15413 Type: 0 Size: 10
2025-11-30T12:53:00.159801+01:00 esp32 Main: Received motor move
2025-11-30T12:53:00.163810+01:00 esp32 Protocol: Motor DX: 239 1.000000, SX: 255 1.000000
2025-11-30T12:53:00.400065+01:00 esp32 Protocol: Parsed header. Millis 15513 Type: 0 Size: 10
2025-11-30T12:53:00.401924+01:00 esp32 Main: Received motor move
2025-11-30T12:53:00.413936+01:00 esp32 Protocol: Motor DX: 233 1.000000, SX: 255 1.000000
2025-11-30T12:53:00.416858+01:00 esp32 Protocol: Parsed header. Millis 15613 Type: 0 Size: 10
2025-11-30T12:53:00.419793+01:00 esp32 Main: Received motor move
2025-11-30T12:53:00.431911+01:00 esp32 Protocol: Motor DX: 237 1.000000, SX: 255 1.000000
2025-11-30T12:53:00.658163+01:00 esp32 Protocol: Parsed header. Millis 15813 Type: 0 Size: 10
2025-11-30T12:53:00.660832+01:00 esp32 Main: Received motor move
2025-11-30T12:53:00.673849+01:00 esp32 Protocol: Motor DX: 235 1.000000, SX: 255 1.000000
2025-11-30T12:53:00.675784+01:00 esp32 Protocol: Parsed header. Millis 15913 Type: 0 Size: 10
2025-11-30T12:53:00.681772+01:00 esp32 Main: Received motor move
2025-11-30T12:53:00.683764+01:00 esp32 Protocol: Motor DX: 219 1.000000, SX: 255 1.000000
2025-11-30T12:53:00.907128+01:00 esp32 Protocol: Parsed header. Millis 16013 Type: 0 Size: 10
2025-11-30T12:53:00.908812+01:00 esp32 Main: Received motor move
2025-11-30T12:53:00.921041+01:00 esp32 Protocol: Motor DX: 245 1.000000, SX: 255 1.000000
2025-11-30T12:53:00.923798+01:00 esp32 Protocol: Parsed header. Millis 16113 Type: 0 Size: 10
2025-11-30T12:53:00.925811+01:00 esp32 Main: Received motor move
2025-11-30T12:53:00.938851+01:00 esp32 Protocol: Motor DX: 255 1.000000, SX: 252 1.000000
2025-11-30T12:53:01.344123+01:00 esp32 Protocol: Parsed header. Millis 16614 Type: 0 Size: 10
2025-11-30T12:53:01.346047+01:00 esp32 Main: Received motor move
2025-11-30T12:53:01.349783+01:00 esp32 Protocol: Motor DX: 255 1.000000, SX: 238 1.000000
2025-11-30T12:53:01.408002+01:00 esp32 Protocol: Parsed header. Millis 16714 Type: 0 Size: 10
2025-11-30T12:53:01.414778+01:00 esp32 Main: Received motor move
2025-11-30T12:53:01.417763+01:00 esp32 Protocol: Motor DX: 255 1.000000, SX: 212 1.000000
2025-11-30T12:53:01.650933+01:00 esp32 Protocol: Parsed header. Millis 16814 Type: 0 Size: 10
2025-11-30T12:53:01.652814+01:00 esp32 Main: Received motor move
2025-11-30T12:53:01.664917+01:00 esp32 Protocol: Motor DX: 255 1.000000, SX: 154 1.000000
2025-11-30T12:53:01.667748+01:00 esp32 Protocol: Parsed header. Millis 16914 Type: 0 Size: 10
2025-11-30T12:53:01.670799+01:00 esp32 Main: Received motor move
2025-11-30T12:53:01.673778+01:00 esp32 Protocol: Motor DX: 255 1.000000, SX: 126 1.000000
2025-11-30T12:53:01.900142+01:00 esp32 Protocol: Parsed header. Millis 17014 Type: 0 Size: 10
2025-11-30T12:53:01.901832+01:00 esp32 Main: Received motor move
2025-11-30T12:53:01.913847+01:00 esp32 Protocol: Motor DX: 255 1.000000, SX: 68 1.000000
2025-11-30T12:53:01.915786+01:00 esp32 Protocol: Parsed header. Millis 17114 Type: 0 Size: 10
2025-11-30T12:53:01.917803+01:00 esp32 Main: Received motor move
2025-11-30T12:53:01.931778+01:00 esp32 Protocol: Motor DX: 255 1.000000, SX: 1 -1.000000
2025-11-30T12:53:01.933797+01:00 esp32 Protocol: Parsed header. Millis 17214 Type: 0 Size: 10
2025-11-30T12:53:01.937889+01:00 esp32 Main: Received motor move
2025-11-30T12:53:01.949900+01:00 esp32 Protocol: Motor DX: 255 1.000000, SX: 7 -1.000000
2025-11-30T12:53:02.158196+01:00 esp32 Protocol: Parsed header. Millis 17314 Type: 0 Size: 10
2025-11-30T12:53:02.159841+01:00 esp32 Main: Received motor move
2025-11-30T12:53:02.171953+01:00 esp32 Protocol: Motor DX: 255 1.000000, SX: 17 -1.000000
2025-11-30T12:53:02.174860+01:00 esp32 Protocol: Parsed header. Millis 17415 Type: 0 Size: 10
2025-11-30T12:53:02.176841+01:00 esp32 Main: Received motor move
2025-11-30T12:53:02.188866+01:00 esp32 Protocol: Motor DX: 94 1.000000, SX: 96 1.000000
2025-11-30T12:53:02.404063+01:00 esp32 Protocol: Parsed header. Millis 17515 Type: 0 Size: 10
2025-11-30T12:53:02.406901+01:00 esp32 Main: Received motor move
2025-11-30T12:53:02.408846+01:00 esp32 Protocol: Motor DX: 4 1.000000, SX: 134 1.000000
2025-11-30T12:53:02.422850+01:00 esp32 Protocol: Parsed header. Millis 17615 Type: 0 Size: 10
2025-11-30T12:53:02.427797+01:00 esp32 Main: Received motor move
2025-11-30T12:53:02.429843+01:00 esp32 Protocol: Motor DX: 197 -1.000000, SX: 255 1.000000
2025-11-30T12:53:02.431821+01:00 esp32 Protocol: Parsed header. Millis 17715 Type: 0 Size: 10
2025-11-30T12:53:02.444880+01:00 esp32 Main: Received motor move
2025-11-30T12:53:02.446831+01:00 esp32 Protocol: Motor DX: 213 -1.000000, SX: 255 1.000000
2025-11-30T12:53:02.650129+01:00 esp32 Protocol: Parsed header. Millis 17815 Type: 0 Size: 10
2025-11-30T12:53:02.651793+01:00 esp32 Main: Received motor move
2025-11-30T12:53:02.663918+01:00 esp32 Protocol: Motor DX: 219 -1.000000, SX: 255 1.000000
2025-11-30T12:53:02.667829+01:00 esp32 Protocol: Parsed header. Millis 17915 Type: 0 Size: 10
2025-11-30T12:53:02.671778+01:00 esp32 Main: Received motor move
2025-11-30T12:53:02.676810+01:00 esp32 Protocol: Motor DX: 221 -1.000000, SX: 255 1.000000
2025-11-30T12:53:02.907968+01:00 esp32 Protocol: Parsed header. Millis 18015 Type: 0 Size: 10
2025-11-30T12:53:02.909816+01:00 esp32 Main: Received motor move
2025-11-30T12:53:02.923788+01:00 esp32 Protocol: Motor DX: 217 -1.000000, SX: 255 1.000000
2025-11-30T12:53:02.926734+01:00 esp32 Protocol: Parsed header. Millis 18115 Type: 0 Size: 10
2025-11-30T12:53:02.928787+01:00 esp32 Main: Received motor move
2025-11-30T12:53:02.940816+01:00 esp32 Protocol: Motor DX: 188 -1.000000, SX: 246 1.000000
2025-11-30T12:53:02.943733+01:00 esp32 Protocol: Parsed header. Millis 18215 Type: 0 Size: 10
2025-11-30T12:53:02.946728+01:00 esp32 Main: Received motor move
2025-11-30T12:53:02.958884+01:00 esp32 Protocol: Motor DX: 0 1.000000, SX: 2 1.000000
2025-11-30T12:53:03.491172+01:00 esp32 Protocol: Parsed header. Millis 18716 Type: 0 Size: 10
2025-11-30T12:53:03.495091+01:00 esp32 Main: Received motor move
2025-11-30T12:53:03.506862+01:00 esp32 Protocol: Motor DX: 230 1.000000, SX: 216 1.000000
2025-11-30T12:53:03.657105+01:00 esp32 Protocol: Parsed header. Millis 18816 Type: 0 Size: 10
2025-11-30T12:53:03.658814+01:00 esp32 Main: Received motor move
2025-11-30T12:53:03.671840+01:00 esp32 Protocol: Motor DX: 251 1.000000, SX: 255 1.000000
2025-11-30T12:53:03.675770+01:00 esp32 Protocol: Parsed header. Millis 18916 Type: 0 Size: 10
2025-11-30T12:53:03.677783+01:00 esp32 Main: Received motor move
2025-11-30T12:53:03.689871+01:00 esp32 Protocol: Motor DX: 255 1.000000, SX: 240 1.000000
2025-11-30T12:53:03.907133+01:00 esp32 Protocol: Parsed header. Millis 19116 Type: 0 Size: 10
2025-11-30T12:53:03.910791+01:00 esp32 Main: Received motor move
2025-11-30T12:53:03.923776+01:00 esp32 Protocol: Motor DX: 255 1.000000, SX: 236 1.000000
2025-11-30T12:53:04.158205+01:00 esp32 Protocol: Parsed header. Millis 19316 Type: 0 Size: 10
2025-11-30T12:53:04.159835+01:00 esp32 Main: Received motor move
2025-11-30T12:53:04.171906+01:00 esp32 Protocol: Motor DX: 255 1.000000, SX: 214 1.000000
2025-11-30T12:53:04.175875+01:00 esp32 Protocol: Parsed header. Millis 19416 Type: 0 Size: 10
2025-11-30T12:53:04.177870+01:00 esp32 Main: Received motor move
2025-11-30T12:53:04.190936+01:00 esp32 Protocol: Motor DX: 255 1.000000, SX: 216 1.000000
2025-11-30T12:53:04.402510+01:00 esp32 Protocol: Parsed header. Millis 19516 Type: 0 Size: 10
2025-11-30T12:53:04.405730+01:00 esp32 Main: Received motor move
2025-11-30T12:53:04.408964+01:00 esp32 Protocol: Motor DX: 255 1.000000, SX: 220 1.000000
2025-11-30T12:53:04.653065+01:00 esp32 Protocol: Parsed header. Millis 19816 Type: 0 Size: 10
2025-11-30T12:53:04.655918+01:00 esp32 Main: Received motor move
2025-11-30T12:53:04.668863+01:00 esp32 Protocol: Motor DX: 255 1.000000, SX: 214 1.000000
2025-11-30T12:53:04.671814+01:00 esp32 Protocol: Parsed header. Millis 19917 Type: 0 Size: 10
2025-11-30T12:53:04.674832+01:00 esp32 Main: Received motor move
2025-11-30T12:53:04.678899+01:00 esp32 Protocol: Motor DX: 255 1.000000, SX: 220 1.000000
2025-11-30T12:53:04.907123+01:00 esp32 Protocol: Parsed header. Millis 20017 Type: 0 Size: 10
2025-11-30T12:53:04.908996+01:00 esp32 Main: Received motor move
2025-11-30T12:53:04.921068+01:00 esp32 Protocol: Motor DX: 255 1.000000, SX: 236 1.000000
2025-11-30T12:53:04.922899+01:00 esp32 Protocol: Parsed header. Millis 20117 Type: 0 Size: 10
2025-11-30T12:53:04.924785+01:00 esp32 Main: Received motor move
2025-11-30T12:53:04.936833+01:00 esp32 Protocol: Motor DX: 255 1.000000, SX: 234 1.000000
2025-11-30T12:53:04.941746+01:00 esp32 Protocol: Parsed header. Millis 20217 Type: 0 Size: 10
2025-11-30T12:53:04.946733+01:00 esp32 Main: Received motor move
2025-11-30T12:53:04.949763+01:00 esp32 Protocol: Motor DX: 255 1.000000, SX: 232 1.000000
2025-11-30T12:53:05.152099+01:00 esp32 Protocol: Parsed header. Millis 20417 Type: 0 Size: 10
2025-11-30T12:53:05.154780+01:00 esp32 Main: Received motor move
2025-11-30T12:53:05.156791+01:00 esp32 Protocol: Motor DX: 255 1.000000, SX: 230 1.000000
2025-11-30T12:53:05.400089+01:00 esp32 Protocol: Parsed header. Millis 20517 Type: 0 Size: 10
2025-11-30T12:53:05.404806+01:00 esp32 Main: Received motor move
2025-11-30T12:53:05.408749+01:00 esp32 Protocol: Motor DX: 255 1.000000, SX: 228 1.000000
2025-11-30T12:53:05.423855+01:00 esp32 Protocol: Parsed header. Millis 20617 Type: 0 Size: 10
2025-11-30T12:53:05.427864+01:00 esp32 Main: Received motor move
2025-11-30T12:53:05.430731+01:00 esp32 Protocol: Motor DX: 255 1.000000, SX: 216 1.000000
2025-11-30T12:53:05.443084+01:00 esp32 Protocol: Parsed header. Millis 20717 Type: 0 Size: 10
2025-11-30T12:53:05.444781+01:00 esp32 Main: Received motor move
2025-11-30T12:53:05.446805+01:00 esp32 Protocol: Motor DX: 255 1.000000, SX: 166 1.000000
2025-11-30T12:53:05.651512+01:00 esp32 Protocol: Parsed header. Millis 20817 Type: 0 Size: 10
2025-11-30T12:53:05.656849+01:00 esp32 Main: Received motor move
2025-11-30T12:53:05.660913+01:00 esp32 Protocol: Motor DX: 255 1.000000, SX: 162 1.000000
2025-11-30T12:53:05.672993+01:00 esp32 Protocol: Parsed header. Millis 20918 Type: 0 Size: 10
2025-11-30T12:53:05.674770+01:00 esp32 Main: Received motor move
2025-11-30T12:53:05.676791+01:00 esp32 Protocol: Motor DX: 255 1.000000, SX: 156 1.000000
2025-11-30T12:53:05.909116+01:00 esp32 Protocol: Parsed header. Millis 21018 Type: 0 Size: 10
2025-11-30T12:53:05.910958+01:00 esp32 Main: Received motor move
2025-11-30T12:53:05.923884+01:00 esp32 Protocol: Motor DX: 255 1.000000, SX: 150 1.000000
2025-11-30T12:53:05.925975+01:00 esp32 Protocol: Parsed header. Millis 21118 Type: 0 Size: 10
2025-11-30T12:53:05.928771+01:00 esp32 Main: Received motor move
2025-11-30T12:53:05.940930+01:00 esp32 Protocol: Motor DX: 255 1.000000, SX: 186 1.000000
2025-11-30T12:53:05.943787+01:00 esp32 Protocol: Parsed header. Millis 21218 Type: 0 Size: 10
2025-11-30T12:53:05.947733+01:00 esp32 Main: Received motor move
2025-11-30T12:53:05.960773+01:00 esp32 Protocol: Motor DX: 179 1.000000, SX: 255 1.000000
2025-11-30T12:53:06.159618+01:00 esp32 Protocol: Parsed header. Millis 21318 Type: 0 Size: 10
2025-11-30T12:53:06.160897+01:00 esp32 Main: Received motor move
2025-11-30T12:53:06.173861+01:00 esp32 Protocol: Motor DX: 145 1.000000, SX: 255 1.000000
2025-11-30T12:53:06.175888+01:00 esp32 Protocol: Parsed header. Millis 21418 Type: 0 Size: 10
2025-11-30T12:53:06.178909+01:00 esp32 Main: Received motor move
2025-11-30T12:53:06.190905+01:00 esp32 Protocol: Motor DX: 123 1.000000, SX: 255 1.000000
2025-11-30T12:53:06.407415+01:00 esp32 Protocol: Parsed header. Millis 21518 Type: 0 Size: 10
2025-11-30T12:53:06.413793+01:00 esp32 Main: Received motor move
2025-11-30T12:53:06.419775+01:00 esp32 Protocol: Motor DX: 115 1.000000, SX: 255 1.000000
2025-11-30T12:53:06.421799+01:00 esp32 Protocol: Parsed header. Millis 21618 Type: 0 Size: 10
2025-11-30T12:53:06.434825+01:00 esp32 Main: Received motor move
2025-11-30T12:53:06.438770+01:00 esp32 Protocol: Motor DX: 125 1.000000, SX: 255 1.000000
2025-11-30T12:53:06.440857+01:00 esp32 Protocol: Parsed header. Millis 21718 Type: 0 Size: 10
2025-11-30T12:53:06.453886+01:00 esp32 Main: Received motor move
2025-11-30T12:53:06.457775+01:00 esp32 Protocol: Motor DX: 123 1.000000, SX: 255 1.000000
2025-11-30T12:53:06.614291+01:00 esp32 Main: Battery: 16 , 13155 mV, 2353 raw
2025-11-30T12:53:06.626953+01:00 esp32 Protocol: Wifi 1, Server: 1, Latest millis: 21718, Used: 0, Read header: 0, Sensors count: 0
2025-11-30T12:53:06.657127+01:00 esp32 Protocol: Parsed header. Millis 21818 Type: 0 Size: 10
2025-11-30T12:53:06.658835+01:00 esp32 Main: Received motor move
2025-11-30T12:53:06.670995+01:00 esp32 Protocol: Motor DX: 121 1.000000, SX: 255 1.000000
2025-11-30T12:53:06.673767+01:00 esp32 Protocol: Parsed header. Millis 21918 Type: 0 Size: 10
2025-11-30T12:53:06.676781+01:00 esp32 Main: Received motor move
2025-11-30T12:53:06.689959+01:00 esp32 Protocol: Motor DX: 123 1.000000, SX: 255 1.000000
2025-11-30T12:53:06.907125+01:00 esp32 Protocol: Parsed header. Millis 22018 Type: 0 Size: 10
2025-11-30T12:53:06.911796+01:00 esp32 Main: Received motor move
2025-11-30T12:53:06.915923+01:00 esp32 Protocol: Motor DX: 125 1.000000, SX: 255 1.000000
2025-11-30T12:53:06.929084+01:00 esp32 Protocol: Parsed header. Millis 22119 Type: 0 Size: 10
2025-11-30T12:53:06.931088+01:00 esp32 Main: Received motor move
2025-11-30T12:53:06.933849+01:00 esp32 Protocol: Motor DX: 131 1.000000, SX: 255 1.000000
2025-11-30T12:53:06.946789+01:00 esp32 Protocol: Parsed header. Millis 22219 Type: 0 Size: 10
2025-11-30T12:53:06.949945+01:00 esp32 Main: Received motor move
2025-11-30T12:53:06.951783+01:00 esp32 Protocol: Motor DX: 191 1.000000, SX: 255 1.000000
2025-11-30T12:53:07.157183+01:00 esp32 Protocol: Parsed header. Millis 22319 Type: 0 Size: 10
2025-11-30T12:53:07.159757+01:00 esp32 Main: Received motor move
2025-11-30T12:53:07.173017+01:00 esp32 Protocol: Motor DX: 195 1.000000, SX: 255 1.000000
2025-11-30T12:53:07.176793+01:00 esp32 Protocol: Parsed header. Millis 22419 Type: 0 Size: 10
2025-11-30T12:53:07.178941+01:00 esp32 Main: Received motor move
2025-11-30T12:53:07.190975+01:00 esp32 Protocol: Motor DX: 255 1.000000, SX: 252 1.000000
2025-11-30T12:53:07.400055+01:00 esp32 Protocol: Parsed header. Millis 22519 Type: 0 Size: 10
2025-11-30T12:53:07.403789+01:00 esp32 Main: Received motor move
2025-11-30T12:53:07.410437+01:00 esp32 Protocol: Motor DX: 255 1.000000, SX: 198 1.000000
2025-11-30T12:53:07.422915+01:00 esp32 Protocol: Parsed header. Millis 22619 Type: 0 Size: 10
2025-11-30T12:53:07.425870+01:00 esp32 Main: Received motor move
2025-11-30T12:53:07.427772+01:00 esp32 Protocol: Motor DX: 255 1.000000, SX: 208 1.000000
2025-11-30T12:53:07.442899+01:00 esp32 Protocol: Parsed header. Millis 22719 Type: 0 Size: 10
2025-11-30T12:53:07.444774+01:00 esp32 Main: Received motor move
2025-11-30T12:53:07.447763+01:00 esp32 Protocol: Motor DX: 255 1.000000, SX: 212 1.000000
2025-11-30T12:53:07.686247+01:00 esp32 Protocol: Parsed header. Millis 23019 Type: 0 Size: 10
2025-11-30T12:53:07.689798+01:00 esp32 Main: Received motor move
2025-11-30T12:53:07.703981+01:00 esp32 Protocol: Motor DX: 255 1.000000, SX: 210 1.000000
2025-11-30T12:53:07.909203+01:00 esp32 Protocol: Parsed header. Millis 23120 Type: 0 Size: 10
2025-11-30T12:53:07.910886+01:00 esp32 Main: Received motor move
2025-11-30T12:53:07.922996+01:00 esp32 Protocol: Motor DX: 255 1.000000, SX: 212 1.000000
2025-11-30T12:53:07.925875+01:00 esp32 Protocol: Parsed header. Millis 23220 Type: 0 Size: 10
2025-11-30T12:53:07.929834+01:00 esp32 Main: Received motor move
2025-11-30T12:53:07.943045+01:00 esp32 Protocol: Motor DX: 255 1.000000, SX: 214 1.000000
2025-11-30T12:53:08.159102+01:00 esp32 Protocol: Parsed header. Millis 23320 Type: 0 Size: 10
2025-11-30T12:53:08.161806+01:00 esp32 Main: Received motor move
2025-11-30T12:53:08.173810+01:00 esp32 Protocol: Motor DX: 255 1.000000, SX: 208 1.000000
2025-11-30T12:53:08.177961+01:00 esp32 Protocol: Parsed header. Millis 23420 Type: 0 Size: 10
2025-11-30T12:53:08.179796+01:00 esp32 Main: Received motor move
2025-11-30T12:53:08.192812+01:00 esp32 Protocol: Motor DX: 255 1.000000, SX: 200 1.000000
2025-11-30T12:53:08.408050+01:00 esp32 Protocol: Parsed header. Millis 23520 Type: 0 Size: 10
2025-11-30T12:53:08.412465+01:00 esp32 Main: Received motor move
2025-11-30T12:53:08.424809+01:00 esp32 Protocol: Motor DX: 255 1.000000, SX: 186 1.000000
2025-11-30T12:53:08.428923+01:00 esp32 Protocol: Parsed header. Millis 23620 Type: 0 Size: 10
2025-11-30T12:53:08.430819+01:00 esp32 Main: Received motor move
2025-11-30T12:53:08.443849+01:00 esp32 Protocol: Motor DX: 255 1.000000, SX: 180 1.000000
2025-11-30T12:53:08.651149+01:00 esp32 Protocol: Parsed header. Millis 23820 Type: 0 Size: 10
2025-11-30T12:53:08.653853+01:00 esp32 Main: Received motor move
2025-11-30T12:53:08.666958+01:00 esp32 Protocol: Motor DX: 255 1.000000, SX: 166 1.000000
2025-11-30T12:53:08.670867+01:00 esp32 Protocol: Parsed header. Millis 23920 Type: 0 Size: 10
2025-11-30T12:53:08.673834+01:00 esp32 Main: Received motor move
2025-11-30T12:53:08.685933+01:00 esp32 Protocol: Motor DX: 255 1.000000, SX: 142 1.000000
2025-11-30T12:53:08.900164+01:00 esp32 Protocol: Parsed header. Millis 24020 Type: 0 Size: 10
2025-11-30T12:53:08.901909+01:00 esp32 Main: Received motor move
2025-11-30T12:53:08.914953+01:00 esp32 Protocol: Motor DX: 255 1.000000, SX: 140 1.000000
2025-11-30T12:53:09.158130+01:00 esp32 Protocol: Parsed header. Millis 24321 Type: 0 Size: 10
2025-11-30T12:53:09.159814+01:00 esp32 Main: Received motor move
2025-11-30T12:53:09.173052+01:00 esp32 Protocol: Motor DX: 255 1.000000, SX: 130 1.000000
2025-11-30T12:53:09.175876+01:00 esp32 Protocol: Parsed header. Millis 24421 Type: 0 Size: 10
2025-11-30T12:53:09.180952+01:00 esp32 Main: Received motor move
2025-11-30T12:53:09.182878+01:00 esp32 Protocol: Motor DX: 255 1.000000, SX: 90 1.000000
2025-11-30T12:53:09.408112+01:00 esp32 Protocol: Parsed header. Millis 24521 Type: 0 Size: 10
2025-11-30T12:53:09.410821+01:00 esp32 Main: Received motor move
2025-11-30T12:53:09.423860+01:00 esp32 Protocol: Motor DX: 255 1.000000, SX: 38 1.000000
2025-11-30T12:53:09.426759+01:00 esp32 Protocol: Parsed header. Millis 24621 Type: 0 Size: 10
2025-11-30T12:53:09.428790+01:00 esp32 Main: Received motor move
2025-11-30T12:53:09.441825+01:00 esp32 Protocol: Motor DX: 255 1.000000, SX: 42 1.000000
2025-11-30T12:53:09.444746+01:00 esp32 Protocol: Parsed header. Millis 24721 Type: 0 Size: 10
2025-11-30T12:53:09.446759+01:00 esp32 Main: Received motor move
2025-11-30T12:53:09.461463+01:00 esp32 Protocol: Motor DX: 255 1.000000, SX: 40 1.000000
2025-11-30T12:53:09.657284+01:00 esp32 Protocol: Parsed header. Millis 24921 Type: 0 Size: 10
2025-11-30T12:53:09.659025+01:00 esp32 Main: Received motor move
2025-11-30T12:53:09.664015+01:00 esp32 Protocol: Motor DX: 255 1.000000, SX: 154 1.000000
2025-11-30T12:53:09.908216+01:00 esp32 Protocol: Parsed header. Millis 25021 Type: 0 Size: 10
2025-11-30T12:53:09.910114+01:00 esp32 Main: Received motor move
2025-11-30T12:53:09.922143+01:00 esp32 Protocol: Motor DX: 191 1.000000, SX: 255 1.000000
2025-11-30T12:53:09.923955+01:00 esp32 Protocol: Parsed header. Millis 25121 Type: 0 Size: 10
2025-11-30T12:53:09.929157+01:00 esp32 Main: Received motor move
2025-11-30T12:53:09.940080+01:00 esp32 Protocol: Motor DX: 173 1.000000, SX: 255 1.000000
2025-11-30T12:53:09.944035+01:00 esp32 Protocol: Parsed header. Millis 25221 Type: 0 Size: 10
2025-11-30T12:53:09.947379+01:00 esp32 Main: Received motor move
2025-11-30T12:53:09.961174+01:00 esp32 Protocol: Motor DX: 165 1.000000, SX: 255 1.000000
2025-11-30T12:53:09.981274+01:00 esp32 Protocol: Parsed header. Millis 25321 Type: 0 Size: 10
2025-11-30T12:53:09.987691+01:00 esp32 Main: Received motor move
2025-11-30T12:53:09.988800+01:00 esp32 Protocol: Motor DX: 155 1.000000, SX: 255 1.000000
2025-11-30T12:53:10.153092+01:00 esp32 Protocol: Parsed header. Millis 25421 Type: 0 Size: 10
2025-11-30T12:53:10.154850+01:00 esp32 Main: Received motor move
2025-11-30T12:53:10.159879+01:00 esp32 Protocol: Motor DX: 129 1.000000, SX: 255 1.000000
2025-11-30T12:53:10.407258+01:00 esp32 Protocol: Parsed header. Millis 25522 Type: 0 Size: 10
2025-11-30T12:53:10.409905+01:00 esp32 Main: Received motor move
2025-11-30T12:53:10.413965+01:00 esp32 Protocol: Motor DX: 103 1.000000, SX: 255 1.000000
2025-11-30T12:53:10.425937+01:00 esp32 Protocol: Parsed header. Millis 25622 Type: 0 Size: 10
2025-11-30T12:53:10.427795+01:00 esp32 Main: Received motor move
2025-11-30T12:53:10.442758+01:00 esp32 Protocol: Motor DX: 60 1.000000, SX: 255 1.000000
2025-11-30T12:53:10.443259+01:00 esp32 Protocol: Parsed header. Millis 25722 Type: 0 Size: 10
2025-11-30T12:53:10.445927+01:00 esp32 Main: Received motor move
2025-11-30T12:53:10.459238+01:00 esp32 Protocol: Motor DX: 40 1.000000, SX: 255 1.000000
2025-11-30T12:53:10.660164+01:00 esp32 Protocol: Parsed header. Millis 25822 Type: 0 Size: 10
2025-11-30T12:53:10.665121+01:00 esp32 Main: Received motor move
2025-11-30T12:53:10.676812+01:00 esp32 Protocol: Motor DX: 36 1.000000, SX: 255 1.000000
2025-11-30T12:53:10.677273+01:00 esp32 Protocol: Parsed header. Millis 25922 Type: 0 Size: 10
2025-11-30T12:53:10.680881+01:00 esp32 Main: Received motor move
2025-11-30T12:53:10.692977+01:00 esp32 Protocol: Motor DX: 54 1.000000, SX: 255 1.000000
2025-11-30T12:53:10.900132+01:00 esp32 Protocol: Parsed header. Millis 26022 Type: 0 Size: 10
2025-11-30T12:53:10.902836+01:00 esp32 Main: Received motor move
2025-11-30T12:53:10.914834+01:00 esp32 Protocol: Motor DX: 76 1.000000, SX: 255 1.000000
2025-11-30T12:53:10.918931+01:00 esp32 Protocol: Parsed header. Millis 26122 Type: 0 Size: 10
2025-11-30T12:53:10.920874+01:00 esp32 Main: Received motor move
2025-11-30T12:53:10.933818+01:00 esp32 Protocol: Motor DX: 195 1.000000, SX: 255 1.000000
2025-11-30T12:53:10.937813+01:00 esp32 Protocol: Parsed header. Millis 26222 Type: 0 Size: 10
2025-11-30T12:53:10.941786+01:00 esp32 Main: Received motor move
2025-11-30T12:53:10.945808+01:00 esp32 Protocol: Motor DX: 255 1.000000, SX: 30 1.000000
2025-11-30T12:53:11.157366+01:00 esp32 Protocol: Parsed header. Millis 26322 Type: 0 Size: 10
2025-11-30T12:53:11.159823+01:00 esp32 Main: Received motor move
2025-11-30T12:53:11.171777+01:00 esp32 Protocol: Motor DX: 255 1.000000, SX: 65 -1.000000
2025-11-30T12:53:11.182190+01:00 esp32 Protocol: Parsed header. Millis 26422 Type: 0 Size: 10
2025-11-30T12:53:11.182190+01:00 esp32 Main: Received motor move
2025-11-30T12:53:11.182190+01:00 esp32 Protocol: Motor DX: 255 1.000000, SX: 89 -1.000000
2025-11-30T12:53:11.407291+01:00 esp32 Protocol: Parsed header. Millis 26522 Type: 0 Size: 10
2025-11-30T12:53:11.408779+01:00 esp32 Main: Received motor move
2025-11-30T12:53:11.420825+01:00 esp32 Protocol: Motor DX: 255 1.000000, SX: 93 -1.000000
2025-11-30T12:53:11.424699+01:00 esp32 Protocol: Parsed header. Millis 26622 Type: 0 Size: 10
2025-11-30T12:53:11.427744+01:00 esp32 Main: Received motor move
2025-11-30T12:53:11.441748+01:00 esp32 Protocol: Motor DX: 255 1.000000, SX: 51 -1.000000
2025-11-30T12:53:11.444704+01:00 esp32 Protocol: Parsed header. Millis 26723 Type: 0 Size: 10
2025-11-30T12:53:11.447674+01:00 esp32 Main: Received motor move
2025-11-30T12:53:11.460985+01:00 esp32 Protocol: Motor DX: 255 1.000000, SX: 56 1.000000
2025-11-30T12:53:11.657125+01:00 esp32 Protocol: Parsed header. Millis 26823 Type: 0 Size: 10
2025-11-30T12:53:11.660868+01:00 esp32 Main: Received motor move
2025-11-30T12:53:11.672930+01:00 esp32 Protocol: Motor DX: 191 1.000000, SX: 255 1.000000
2025-11-30T12:53:11.677461+01:00 esp32 Protocol: Parsed header. Millis 26923 Type: 0 Size: 10
2025-11-30T12:53:11.678017+01:00 esp32 Main: Received motor move
2025-11-30T12:53:11.689828+01:00 esp32 Protocol: Motor DX: 117 1.000000, SX: 255 1.000000
2025-11-30T12:53:11.908066+01:00 esp32 Protocol: Parsed header. Millis 27023 Type: 0 Size: 10
2025-11-30T12:53:11.909805+01:00 esp32 Main: Received motor move
2025-11-30T12:53:11.922945+01:00 esp32 Protocol: Motor DX: 105 1.000000, SX: 255 1.000000
2025-11-30T12:53:11.925811+01:00 esp32 Protocol: Parsed header. Millis 27123 Type: 0 Size: 10
2025-11-30T12:53:11.929776+01:00 esp32 Main: Received motor move
2025-11-30T12:53:11.941859+01:00 esp32 Protocol: Motor DX: 74 1.000000, SX: 255 1.000000
2025-11-30T12:53:11.943779+01:00 esp32 Protocol: Parsed header. Millis 27223 Type: 0 Size: 10
2025-11-30T12:53:11.946720+01:00 esp32 Main: Received motor move
2025-11-30T12:53:11.959758+01:00 esp32 Protocol: Motor DX: 22 1.000000, SX: 255 1.000000
2025-11-30T12:53:12.157181+01:00 esp32 Protocol: Parsed header. Millis 27323 Type: 0 Size: 10
2025-11-30T12:53:12.160912+01:00 esp32 Main: Received motor move
2025-11-30T12:53:12.177172+01:00 esp32 Protocol: Motor DX: 14 1.000000, SX: 255 1.000000
2025-11-30T12:53:12.178944+01:00 esp32 Protocol: Parsed header. Millis 27423 Type: 0 Size: 10
2025-11-30T12:53:12.180912+01:00 esp32 Main: Received motor move
2025-11-30T12:53:12.195041+01:00 esp32 Protocol: Motor DX: 10 -1.000000, SX: 255 1.000000
2025-11-30T12:53:12.502169+01:00 esp32 Protocol: Parsed header. Millis 27823 Type: 0 Size: 10
2025-11-30T12:53:12.503771+01:00 esp32 Main: Received motor move
2025-11-30T12:53:12.516751+01:00 esp32 Protocol: Motor DX: 155 1.000000, SX: 255 1.000000
2025-11-30T12:53:12.657105+01:00 esp32 Protocol: Parsed header. Millis 27924 Type: 0 Size: 10
2025-11-30T12:53:12.659760+01:00 esp32 Main: Received motor move
2025-11-30T12:53:12.671909+01:00 esp32 Protocol: Motor DX: 255 1.000000, SX: 158 1.000000
2025-11-30T12:53:12.900225+01:00 esp32 Protocol: Parsed header. Millis 28024 Type: 0 Size: 10
2025-11-30T12:53:12.904791+01:00 esp32 Main: Received motor move
2025-11-30T12:53:12.910625+01:00 esp32 Protocol: Motor DX: 255 1.000000, SX: 134 1.000000
2025-11-30T12:53:12.922870+01:00 esp32 Protocol: Parsed header. Millis 28124 Type: 0 Size: 10
2025-11-30T12:53:12.925760+01:00 esp32 Main: Received motor move
2025-11-30T12:53:12.930636+01:00 esp32 Protocol: Motor DX: 255 1.000000, SX: 120 1.000000
2025-11-30T12:53:12.931973+01:00 esp32 Protocol: Parsed header. Millis 28224 Type: 0 Size: 10
2025-11-30T12:53:12.943890+01:00 esp32 Main: Received motor move
2025-11-30T12:53:12.945919+01:00 esp32 Protocol: Motor DX: 255 1.000000, SX: 166 1.000000
2025-11-30T12:53:13.162366+01:00 esp32 Protocol: Parsed header. Millis 28324 Type: 0 Size: 10
2025-11-30T12:53:13.166914+01:00 esp32 Main: Received motor move
2025-11-30T12:53:13.170156+01:00 esp32 Protocol: Motor DX: 255 1.000000, SX: 218 1.000000
2025-11-30T12:53:13.182103+01:00 esp32 Protocol: Parsed header. Millis 28424 Type: 0 Size: 10
2025-11-30T12:53:13.184892+01:00 esp32 Main: Received motor move
2025-11-30T12:53:13.186915+01:00 esp32 Protocol: Motor DX: 255 1.000000, SX: 208 1.000000
2025-11-30T12:53:13.401219+01:00 esp32 Protocol: Parsed header. Millis 28524 Type: 0 Size: 10
2025-11-30T12:53:13.406922+01:00 esp32 Main: Received motor move
2025-11-30T12:53:13.408856+01:00 esp32 Protocol: Motor DX: 255 1.000000, SX: 180 1.000000
2025-11-30T12:53:13.420957+01:00 esp32 Protocol: Parsed header. Millis 28624 Type: 0 Size: 10
2025-11-30T12:53:13.422842+01:00 esp32 Main: Received motor move
2025-11-30T12:53:13.429850+01:00 esp32 Protocol: Motor DX: 255 1.000000, SX: 128 1.000000
2025-11-30T12:53:13.439037+01:00 esp32 Protocol: Parsed header. Millis 28724 Type: 0 Size: 10
2025-11-30T12:53:13.441869+01:00 esp32 Main: Received motor move
2025-11-30T12:53:13.443833+01:00 esp32 Protocol: Motor DX: 255 1.000000, SX: 29 -1.000000
2025-11-30T12:53:13.657189+01:00 esp32 Protocol: Parsed header. Millis 28824 Type: 0 Size: 10
2025-11-30T12:53:13.660897+01:00 esp32 Main: Received motor move
2025-11-30T12:53:13.674015+01:00 esp32 Protocol: Motor DX: 255 1.000000, SX: 143 -1.000000
2025-11-30T12:53:13.676748+01:00 esp32 Protocol: Parsed header. Millis 28924 Type: 0 Size: 10
2025-11-30T12:53:13.678857+01:00 esp32 Main: Received motor move
2025-11-30T12:53:13.690864+01:00 esp32 Protocol: Motor DX: 255 1.000000, SX: 175 -1.000000
2025-11-30T12:53:13.908166+01:00 esp32 Protocol: Parsed header. Millis 29025 Type: 0 Size: 10
2025-11-30T12:53:13.911372+01:00 esp32 Main: Received motor move
2025-11-30T12:53:13.933894+01:00 esp32 Protocol: Motor DX: 255 1.000000, SX: 201 -1.000000
2025-11-30T12:53:13.933973+01:00 esp32 Protocol: Parsed header. Millis 29125 Type: 0 Size: 10
2025-11-30T12:53:13.933973+01:00 esp32 Main: Received motor move
2025-11-30T12:53:13.944851+01:00 esp32 Protocol: Motor DX: 255 1.000000, SX: 205 -1.000000
2025-11-30T12:53:13.947735+01:00 esp32 Protocol: Parsed header. Millis 29225 Type: 0 Size: 10
2025-11-30T12:53:13.952753+01:00 esp32 Main: Received motor move
2025-11-30T12:53:13.955803+01:00 esp32 Protocol: Motor DX: 255 1.000000, SX: 207 -1.000000
2025-11-30T12:53:14.160243+01:00 esp32 Protocol: Parsed header. Millis 29325 Type: 0 Size: 10
2025-11-30T12:53:14.162982+01:00 esp32 Main: Received motor move
2025-11-30T12:53:14.168686+01:00 esp32 Protocol: Motor DX: 255 1.000000, SX: 213 -1.000000
2025-11-30T12:53:14.179925+01:00 esp32 Protocol: Parsed header. Millis 29425 Type: 0 Size: 10
2025-11-30T12:53:14.181872+01:00 esp32 Main: Received motor move
2025-11-30T12:53:14.185238+01:00 esp32 Protocol: Motor DX: 255 1.000000, SX: 217 -1.000000
2025-11-30T12:53:14.407385+01:00 esp32 Protocol: Parsed header. Millis 29725 Type: 0 Size: 10
2025-11-30T12:53:14.410930+01:00 esp32 Main: Received motor move
2025-11-30T12:53:14.423863+01:00 esp32 Protocol: Motor DX: 255 1.000000, SX: 209 -1.000000
2025-11-30T12:53:14.660343+01:00 esp32 Protocol: Parsed header. Millis 29825 Type: 0 Size: 10
2025-11-30T12:53:14.661887+01:00 esp32 Main: Received motor move
2025-11-30T12:53:14.664849+01:00 esp32 Protocol: Motor DX: 255 1.000000, SX: 205 -1.000000
2025-11-30T12:53:14.676917+01:00 esp32 Protocol: Parsed header. Millis 29925 Type: 0 Size: 10
2025-11-30T12:53:14.681670+01:00 esp32 Main: Received motor move
2025-11-30T12:53:14.692962+01:00 esp32 Protocol: Motor DX: 188 1.000000, SX: 65 -1.000000
2025-11-30T12:53:14.909148+01:00 esp32 Protocol: Parsed header. Millis 30025 Type: 0 Size: 10
2025-11-30T12:53:14.910851+01:00 esp32 Main: Received motor move
2025-11-30T12:53:14.922892+01:00 esp32 Protocol: Motor DX: 2 -1.000000, SX: 4 1.000000
2025-11-30T12:53:14.925831+01:00 esp32 Protocol: Parsed header. Millis 30125 Type: 0 Size: 10
2025-11-30T12:53:14.927811+01:00 esp32 Main: Received motor move
2025-11-30T12:53:14.942971+01:00 esp32 Protocol: Motor DX: 0 1.000000, SX: 2 1.000000
2025-11-30T12:53:16.614587+01:00 esp32 Main: Battery: 22 , 13332 mV, 2416 raw
2025-11-30T12:53:16.626558+01:00 esp32 Protocol: Wifi 1, Server: 1, Latest millis: 30125, Used: 0, Read header: 0, Sensors count: 0
2025-11-30T12:53:21.511505+01:00 esp32 Protocol: Parsed header. Millis 36830 Type: 0 Size: 10
2025-11-30T12:53:21.513824+01:00 esp32 Main: Received motor move
2025-11-30T12:53:21.525851+01:00 esp32 Protocol: Motor DX: 44 1.000000, SX: 25 -1.000000
2025-11-30T12:53:21.659163+01:00 esp32 Protocol: Parsed header. Millis 36931 Type: 0 Size: 10
2025-11-30T12:53:21.663802+01:00 esp32 Main: Received motor move
2025-11-30T12:53:21.666803+01:00 esp32 Protocol: Motor DX: 130 1.000000, SX: 119 -1.000000
2025-11-30T12:53:21.900114+01:00 esp32 Protocol: Parsed header. Millis 37031 Type: 0 Size: 10
2025-11-30T12:53:21.901957+01:00 esp32 Main: Received motor move
2025-11-30T12:53:21.916028+01:00 esp32 Protocol: Motor DX: 182 1.000000, SX: 155 -1.000000
2025-11-30T12:53:21.917840+01:00 esp32 Protocol: Parsed header. Millis 37131 Type: 0 Size: 10
2025-11-30T12:53:21.922774+01:00 esp32 Main: Received motor move
2025-11-30T12:53:21.928876+01:00 esp32 Protocol: Motor DX: 124 1.000000, SX: 61 -1.000000
2025-11-30T12:53:21.937878+01:00 esp32 Protocol: Parsed header. Millis 37231 Type: 0 Size: 10
2025-11-30T12:53:21.940781+01:00 esp32 Main: Received motor move
2025-11-30T12:53:21.942809+01:00 esp32 Protocol: Motor DX: 0 1.000000, SX: 2 1.000000
2025-11-30T12:53:22.198169+01:00 esp32 Protocol: Parsed header. Millis 37531 Type: 0 Size: 10
2025-11-30T12:53:22.199934+01:00 esp32 Main: Received motor move
2025-11-30T12:53:22.212861+01:00 esp32 Protocol: Motor DX: 62 -1.000000, SX: 80 1.000000
2025-11-30T12:53:22.407312+01:00 esp32 Protocol: Parsed header. Millis 37631 Type: 0 Size: 10
2025-11-30T12:53:22.408902+01:00 esp32 Main: Received motor move
2025-11-30T12:53:22.423565+01:00 esp32 Protocol: Motor DX: 207 -1.000000, SX: 255 1.000000
2025-11-30T12:53:22.651185+01:00 esp32 Protocol: Parsed header. Millis 37831 Type: 0 Size: 10
2025-11-30T12:53:22.652850+01:00 esp32 Main: Received motor move
2025-11-30T12:53:22.667363+01:00 esp32 Protocol: Motor DX: 201 -1.000000, SX: 255 1.000000
2025-11-30T12:53:22.667573+01:00 esp32 Protocol: Parsed header. Millis 37932 Type: 0 Size: 10
2025-11-30T12:53:22.670945+01:00 esp32 Main: Received motor move
2025-11-30T12:53:22.683881+01:00 esp32 Protocol: Motor DX: 199 -1.000000, SX: 255 1.000000
2025-11-30T12:53:22.900177+01:00 esp32 Protocol: Parsed header. Millis 38032 Type: 0 Size: 10
2025-11-30T12:53:22.901917+01:00 esp32 Main: Received motor move
2025-11-30T12:53:22.914907+01:00 esp32 Protocol: Motor DX: 120 -1.000000, SX: 174 1.000000
2025-11-30T12:53:22.917894+01:00 esp32 Protocol: Parsed header. Millis 38132 Type: 0 Size: 10
2025-11-30T12:53:22.926881+01:00 esp32 Main: Received motor move
2025-11-30T12:53:22.930876+01:00 esp32 Protocol: Motor DX: 0 1.000000, SX: 2 1.000000
2025-11-30T12:53:23.158052+01:00 esp32 Protocol: Parsed header. Millis 38332 Type: 0 Size: 10
2025-11-30T12:53:23.159772+01:00 esp32 Main: Received motor move
2025-11-30T12:53:23.174011+01:00 esp32 Protocol: Motor DX: 38 1.000000, SX: 39 -1.000000
2025-11-30T12:53:23.174331+01:00 esp32 Protocol: Parsed header. Millis 38432 Type: 0 Size: 10
2025-11-30T12:53:23.180018+01:00 esp32 Main: Received motor move
2025-11-30T12:53:23.190987+01:00 esp32 Protocol: Motor DX: 242 1.000000, SX: 255 -1.000000
2025-11-30T12:53:23.407108+01:00 esp32 Protocol: Parsed header. Millis 38532 Type: 0 Size: 10
2025-11-30T12:53:23.408795+01:00 esp32 Main: Received motor move
2025-11-30T12:53:23.420858+01:00 esp32 Protocol: Motor DX: 255 1.000000, SX: 243 -1.000000
2025-11-30T12:53:23.422787+01:00 esp32 Protocol: Parsed header. Millis 38732 Type: 0 Size: 10
2025-11-30T12:53:23.425810+01:00 esp32 Main: Received motor move
2025-11-30T12:53:23.438785+01:00 esp32 Protocol: Motor DX: 2 -1.000000, SX: 4 1.000000
2025-11-30T12:53:23.651150+01:00 esp32 Protocol: Parsed header. Millis 38832 Type: 0 Size: 10
2025-11-30T12:53:23.656864+01:00 esp32 Main: Received motor move
2025-11-30T12:53:23.658790+01:00 esp32 Protocol: Motor DX: 0 1.000000, SX: 2 1.000000
2025-11-30T12:53:23.903051+01:00 esp32 Protocol: Parsed header. Millis 39032 Type: 0 Size: 10
2025-11-30T12:53:23.905763+01:00 esp32 Main: Received motor move
2025-11-30T12:53:23.908743+01:00 esp32 Protocol: Motor DX: 68 -1.000000, SX: 90 1.000000
2025-11-30T12:53:23.914702+01:00 esp32 Protocol: Parsed header. Millis 39133 Type: 0 Size: 10
2025-11-30T12:53:23.926762+01:00 esp32 Main: Received motor move
2025-11-30T12:53:23.928814+01:00 esp32 Protocol: Motor DX: 6 1.000000, SX: 7 -1.000000
2025-11-30T12:53:23.942720+01:00 esp32 Protocol: Parsed header. Millis 39233 Type: 0 Size: 10
2025-11-30T12:53:23.947677+01:00 esp32 Main: Received motor move
2025-11-30T12:53:23.949726+01:00 esp32 Protocol: Motor DX: 0 1.000000, SX: 2 1.000000
2025-11-30T12:53:24.157109+01:00 esp32 Protocol: Parsed header. Millis 39433 Type: 0 Size: 10
2025-11-30T12:53:24.159750+01:00 esp32 Main: Received motor move
2025-11-30T12:53:24.173631+01:00 esp32 Protocol: Motor DX: 62 -1.000000, SX: 96 1.000000
2025-11-30T12:53:24.409075+01:00 esp32 Protocol: Parsed header. Millis 39533 Type: 0 Size: 10
2025-11-30T12:53:24.411692+01:00 esp32 Main: Received motor move
2025-11-30T12:53:24.423787+01:00 esp32 Protocol: Motor DX: 189 -1.000000, SX: 255 1.000000
2025-11-30T12:53:24.427711+01:00 esp32 Protocol: Parsed header. Millis 39633 Type: 0 Size: 10
2025-11-30T12:53:24.429714+01:00 esp32 Main: Received motor move
2025-11-30T12:53:24.435729+01:00 esp32 Protocol: Motor DX: 70 -1.000000, SX: 152 1.000000
2025-11-30T12:53:24.439741+01:00 esp32 Protocol: Parsed header. Millis 39733 Type: 0 Size: 10
2025-11-30T12:53:24.454695+01:00 esp32 Main: Received motor move
2025-11-30T12:53:24.457747+01:00 esp32 Protocol: Motor DX: 0 1.000000, SX: 2 1.000000
2025-11-30T12:53:24.887256+01:00 esp32 Protocol: Parsed header. Millis 40133 Type: 0 Size: 10
2025-11-30T12:53:24.888825+01:00 esp32 Main: Received motor move
2025-11-30T12:53:24.901043+01:00 esp32 Protocol: Motor DX: 2 -1.000000, SX: 0 1.000000
2025-11-30T12:53:24.912006+01:00 esp32 Protocol: Parsed header. Millis 40234 Type: 0 Size: 10
2025-11-30T12:53:24.913836+01:00 esp32 Main: Received motor move
2025-11-30T12:53:24.925913+01:00 esp32 Protocol: Motor DX: 220 1.000000, SX: 142 1.000000
2025-11-30T12:53:25.151069+01:00 esp32 Protocol: Parsed header. Millis 40334 Type: 0 Size: 10
2025-11-30T12:53:25.154756+01:00 esp32 Main: Received motor move
2025-11-30T12:53:25.166820+01:00 esp32 Protocol: Motor DX: 255 1.000000, SX: 202 1.000000
2025-11-30T12:53:25.169726+01:00 esp32 Protocol: Parsed header. Millis 40434 Type: 0 Size: 10
2025-11-30T12:53:25.172727+01:00 esp32 Main: Received motor move
2025-11-30T12:53:25.176763+01:00 esp32 Protocol: Motor DX: 255 1.000000, SX: 212 1.000000
2025-11-30T12:53:25.410518+01:00 esp32 Protocol: Parsed header. Millis 40534 Type: 0 Size: 10
2025-11-30T12:53:25.410518+01:00 esp32 Main: Received motor move
2025-11-30T12:53:25.423842+01:00 esp32 Protocol: Motor DX: 255 1.000000, SX: 208 1.000000
2025-11-30T12:53:25.425761+01:00 esp32 Protocol: Parsed header. Millis 40634 Type: 0 Size: 10
2025-11-30T12:53:25.427751+01:00 esp32 Main: Received motor move
2025-11-30T12:53:25.439833+01:00 esp32 Protocol: Motor DX: 255 1.000000, SX: 204 1.000000
2025-11-30T12:53:25.650114+01:00 esp32 Protocol: Parsed header. Millis 40834 Type: 0 Size: 10
2025-11-30T12:53:25.652807+01:00 esp32 Main: Received motor move
2025-11-30T12:53:25.664832+01:00 esp32 Protocol: Motor DX: 255 1.000000, SX: 234 1.000000
2025-11-30T12:53:25.668741+01:00 esp32 Protocol: Parsed header. Millis 40934 Type: 0 Size: 10
2025-11-30T12:53:25.670754+01:00 esp32 Main: Received motor move
2025-11-30T12:53:25.676735+01:00 esp32 Protocol: Motor DX: 233 1.000000, SX: 255 1.000000
2025-11-30T12:53:25.907230+01:00 esp32 Protocol: Parsed header. Millis 41034 Type: 0 Size: 10
2025-11-30T12:53:25.909806+01:00 esp32 Main: Received motor move
2025-11-30T12:53:25.922880+01:00 esp32 Protocol: Motor DX: 215 1.000000, SX: 255 1.000000
2025-11-30T12:53:25.924827+01:00 esp32 Protocol: Parsed header. Millis 41134 Type: 0 Size: 10
2025-11-30T12:53:25.926832+01:00 esp32 Main: Received motor move
2025-11-30T12:53:25.932750+01:00 esp32 Protocol: Motor DX: 255 1.000000, SX: 220 1.000000
2025-11-30T12:53:25.944831+01:00 esp32 Protocol: Parsed header. Millis 41234 Type: 0 Size: 10
2025-11-30T12:53:25.947486+01:00 esp32 Main: Received motor move
2025-11-30T12:53:25.950719+01:00 esp32 Protocol: Motor DX: 255 1.000000, SX: 24 1.000000
2025-11-30T12:53:26.153386+01:00 esp32 Protocol: Parsed header. Millis 41335 Type: 0 Size: 10
2025-11-30T12:53:26.153909+01:00 esp32 Main: Received motor move
2025-11-30T12:53:26.165794+01:00 esp32 Protocol: Motor DX: 255 1.000000, SX: 23 -1.000000
2025-11-30T12:53:26.410788+01:00 esp32 Protocol: Parsed header. Millis 41635 Type: 0 Size: 10
2025-11-30T12:53:26.410788+01:00 esp32 Main: Received motor move
2025-11-30T12:53:26.422898+01:00 esp32 Protocol: Motor DX: 255 1.000000, SX: 156 1.000000
2025-11-30T12:53:26.428747+01:00 esp32 Protocol: Parsed header. Millis 41735 Type: 0 Size: 10
2025-11-30T12:53:26.430748+01:00 esp32 Main: Received motor move
2025-11-30T12:53:26.442832+01:00 esp32 Protocol: Motor DX: 58 1.000000, SX: 255 1.000000
2025-11-30T12:53:26.614324+01:00 esp32 Main: Battery: 16 , 13067 mV, 2385 raw
2025-11-30T12:53:26.627985+01:00 esp32 Protocol: Wifi 1, Server: 1, Latest millis: 41735, Used: 0, Read header: 0, Sensors count: 0
2025-11-30T12:53:26.657187+01:00 esp32 Protocol: Parsed header. Millis 41835 Type: 0 Size: 10
2025-11-30T12:53:26.661439+01:00 esp32 Main: Received motor move
2025-11-30T12:53:26.664852+01:00 esp32 Protocol: Motor DX: 137 -1.000000, SX: 255 1.000000
2025-11-30T12:53:26.679938+01:00 esp32 Protocol: Parsed header. Millis 41935 Type: 0 Size: 10
2025-11-30T12:53:26.682019+01:00 esp32 Main: Received motor move
2025-11-30T12:53:26.683817+01:00 esp32 Protocol: Motor DX: 165 -1.000000, SX: 255 1.000000
2025-11-30T12:53:26.908966+01:00 esp32 Protocol: Parsed header. Millis 42035 Type: 0 Size: 10
2025-11-30T12:53:26.910907+01:00 esp32 Main: Received motor move
2025-11-30T12:53:26.923921+01:00 esp32 Protocol: Motor DX: 185 -1.000000, SX: 255 1.000000
2025-11-30T12:53:26.927031+01:00 esp32 Protocol: Parsed header. Millis 42135 Type: 0 Size: 10
2025-11-30T12:53:26.930971+01:00 esp32 Main: Received motor move
2025-11-30T12:53:26.934928+01:00 esp32 Protocol: Motor DX: 197 -1.000000, SX: 255 1.000000
2025-11-30T12:53:26.939887+01:00 esp32 Protocol: Parsed header. Millis 42236 Type: 0 Size: 10
2025-11-30T12:53:26.954876+01:00 esp32 Main: Received motor move
2025-11-30T12:53:26.957850+01:00 esp32 Protocol: Motor DX: 201 -1.000000, SX: 255 1.000000
2025-11-30T12:53:27.152366+01:00 esp32 Protocol: Parsed header. Millis 42436 Type: 0 Size: 10
2025-11-30T12:53:27.152366+01:00 esp32 Main: Received motor move
2025-11-30T12:53:27.155766+01:00 esp32 Protocol: Motor DX: 189 -1.000000, SX: 255 1.000000
2025-11-30T12:53:27.201973+01:00 esp32 Protocol: Parsed header. Millis 42536 Type: 0 Size: 10
2025-11-30T12:53:27.203729+01:00 esp32 Main: Received motor move
2025-11-30T12:53:27.215772+01:00 esp32 Protocol: Motor DX: 107 -1.000000, SX: 255 1.000000
2025-11-30T12:53:27.407095+01:00 esp32 Protocol: Parsed header. Millis 42636 Type: 0 Size: 10
2025-11-30T12:53:27.409738+01:00 esp32 Main: Received motor move
2025-11-30T12:53:27.422763+01:00 esp32 Protocol: Motor DX: 136 1.000000, SX: 1 -1.000000
2025-11-30T12:53:27.426740+01:00 esp32 Protocol: Parsed header. Millis 42736 Type: 0 Size: 10
2025-11-30T12:53:27.430734+01:00 esp32 Main: Received motor move
2025-11-30T12:53:27.435694+01:00 esp32 Protocol: Motor DX: 2 -1.000000, SX: 4 1.000000
2025-11-30T12:53:27.651109+01:00 esp32 Protocol: Parsed header. Millis 42836 Type: 0 Size: 10
2025-11-30T12:53:27.652833+01:00 esp32 Main: Received motor move
2025-11-30T12:53:27.664909+01:00 esp32 Protocol: Motor DX: 14 1.000000, SX: 31 -1.000000
2025-11-30T12:53:27.667824+01:00 esp32 Protocol: Parsed header. Millis 42936 Type: 0 Size: 10
2025-11-30T12:53:27.669855+01:00 esp32 Main: Received motor move
2025-11-30T12:53:27.686114+01:00 esp32 Protocol: Motor DX: 212 1.000000, SX: 255 -1.000000
2025-11-30T12:53:27.901211+01:00 esp32 Protocol: Parsed header. Millis 43036 Type: 0 Size: 10
2025-11-30T12:53:27.902937+01:00 esp32 Main: Received motor move
2025-11-30T12:53:27.915021+01:00 esp32 Protocol: Motor DX: 226 1.000000, SX: 255 -1.000000
2025-11-30T12:53:27.916938+01:00 esp32 Protocol: Parsed header. Millis 43136 Type: 0 Size: 10
2025-11-30T12:53:27.920950+01:00 esp32 Main: Received motor move
2025-11-30T12:53:27.932983+01:00 esp32 Protocol: Motor DX: 228 1.000000, SX: 255 -1.000000
2025-11-30T12:53:28.158980+01:00 esp32 Protocol: Parsed header. Millis 43337 Type: 0 Size: 10
2025-11-30T12:53:28.162702+01:00 esp32 Main: Received motor move
2025-11-30T12:53:28.165755+01:00 esp32 Protocol: Motor DX: 48 1.000000, SX: 53 -1.000000
2025-11-30T12:53:28.177759+01:00 esp32 Protocol: Parsed header. Millis 43437 Type: 0 Size: 10
2025-11-30T12:53:28.181681+01:00 esp32 Main: Received motor move
2025-11-30T12:53:28.184789+01:00 esp32 Protocol: Motor DX: 0 1.000000, SX: 2 1.000000
2025-11-30T12:53:28.681429+01:00 esp32 Protocol: Parsed header. Millis 43937 Type: 0 Size: 10
2025-11-30T12:53:28.688426+01:00 esp32 Main: Received motor move
2025-11-30T12:53:28.688426+01:00 esp32 Protocol: Motor DX: 154 1.000000, SX: 60 1.000000
2025-11-30T12:53:28.908246+01:00 esp32 Protocol: Parsed header. Millis 44037 Type: 0 Size: 10
2025-11-30T12:53:28.910914+01:00 esp32 Main: Received motor move
2025-11-30T12:53:28.923247+01:00 esp32 Protocol: Motor DX: 255 1.000000, SX: 180 1.000000
2025-11-30T12:53:28.925837+01:00 esp32 Protocol: Parsed header. Millis 44137 Type: 0 Size: 10
2025-11-30T12:53:28.927804+01:00 esp32 Main: Received motor move
2025-11-30T12:53:28.940790+01:00 esp32 Protocol: Motor DX: 255 1.000000, SX: 192 1.000000
2025-11-30T12:53:28.943763+01:00 esp32 Protocol: Parsed header. Millis 44237 Type: 0 Size: 10
2025-11-30T12:53:28.945787+01:00 esp32 Main: Received motor move
2025-11-30T12:53:28.957901+01:00 esp32 Protocol: Motor DX: 255 1.000000, SX: 190 1.000000
2025-11-30T12:53:29.158055+01:00 esp32 Protocol: Parsed header. Millis 44338 Type: 0 Size: 10
2025-11-30T12:53:29.159777+01:00 esp32 Main: Received motor move
2025-11-30T12:53:29.177844+01:00 esp32 Protocol: Motor DX: 255 1.000000, SX: 200 1.000000
2025-11-30T12:53:29.404652+01:00 esp32 Protocol: Parsed header. Millis 44538 Type: 0 Size: 10
2025-11-30T12:53:29.404652+01:00 esp32 Main: Received motor move
2025-11-30T12:53:29.416875+01:00 esp32 Protocol: Motor DX: 255 1.000000, SX: 244 1.000000
2025-11-30T12:53:29.419717+01:00 esp32 Protocol: Parsed header. Millis 44638 Type: 0 Size: 10
2025-11-30T12:53:29.421762+01:00 esp32 Main: Received motor move
2025-11-30T12:53:29.433909+01:00 esp32 Protocol: Motor DX: 181 1.000000, SX: 255 1.000000
2025-11-30T12:53:29.437829+01:00 esp32 Protocol: Parsed header. Millis 44738 Type: 0 Size: 10
2025-11-30T12:53:29.440875+01:00 esp32 Main: Received motor move
2025-11-30T12:53:29.453885+01:00 esp32 Protocol: Motor DX: 115 1.000000, SX: 255 1.000000
2025-11-30T12:53:29.658173+01:00 esp32 Protocol: Parsed header. Millis 44838 Type: 0 Size: 10
2025-11-30T12:53:29.661764+01:00 esp32 Main: Received motor move
2025-11-30T12:53:29.673907+01:00 esp32 Protocol: Motor DX: 117 1.000000, SX: 255 1.000000
2025-11-30T12:53:29.677843+01:00 esp32 Protocol: Parsed header. Millis 44938 Type: 0 Size: 10
2025-11-30T12:53:29.681816+01:00 esp32 Main: Received motor move
2025-11-30T12:53:29.695902+01:00 esp32 Protocol: Motor DX: 111 1.000000, SX: 255 1.000000
2025-11-30T12:53:29.900033+01:00 esp32 Protocol: Parsed header. Millis 45038 Type: 0 Size: 10
2025-11-30T12:53:29.901942+01:00 esp32 Main: Received motor move
2025-11-30T12:53:29.917490+01:00 esp32 Protocol: Motor DX: 96 1.000000, SX: 255 1.000000
2025-11-30T12:53:29.917490+01:00 esp32 Protocol: Parsed header. Millis 45138 Type: 0 Size: 10
2025-11-30T12:53:29.919783+01:00 esp32 Main: Received motor move
2025-11-30T12:53:29.931792+01:00 esp32 Protocol: Motor DX: 105 1.000000, SX: 255 1.000000
2025-11-30T12:53:29.933775+01:00 esp32 Protocol: Parsed header. Millis 45239 Type: 0 Size: 10
2025-11-30T12:53:29.936757+01:00 esp32 Main: Received motor move
2025-11-30T12:53:29.948820+01:00 esp32 Protocol: Motor DX: 111 1.000000, SX: 255 1.000000
2025-11-30T12:53:30.157127+01:00 esp32 Protocol: Parsed header. Millis 45339 Type: 0 Size: 10
2025-11-30T12:53:30.161780+01:00 esp32 Main: Received motor move
2025-11-30T12:53:30.163773+01:00 esp32 Protocol: Motor DX: 115 1.000000, SX: 255 1.000000
2025-11-30T12:53:30.175876+01:00 esp32 Protocol: Parsed header. Millis 45439 Type: 0 Size: 10
2025-11-30T12:53:30.178781+01:00 esp32 Main: Received motor move
2025-11-30T12:53:30.181797+01:00 esp32 Protocol: Motor DX: 123 1.000000, SX: 255 1.000000
2025-11-30T12:53:30.521783+01:00 esp32 Protocol: Parsed header. Millis 45839 Type: 0 Size: 10
2025-11-30T12:53:30.521783+01:00 esp32 Main: Received motor move
2025-11-30T12:53:30.533842+01:00 esp32 Protocol: Motor DX: 125 1.000000, SX: 255 1.000000
2025-11-30T12:53:30.657843+01:00 esp32 Protocol: Parsed header. Millis 45939 Type: 0 Size: 10
2025-11-30T12:53:30.660760+01:00 esp32 Main: Received motor move
2025-11-30T12:53:30.673846+01:00 esp32 Protocol: Motor DX: 153 1.000000, SX: 255 1.000000
2025-11-30T12:53:30.901433+01:00 esp32 Protocol: Parsed header. Millis 46039 Type: 0 Size: 10
2025-11-30T12:53:30.901953+01:00 esp32 Main: Received motor move
2025-11-30T12:53:30.914072+01:00 esp32 Protocol: Motor DX: 215 1.000000, SX: 255 1.000000
2025-11-30T12:53:30.916880+01:00 esp32 Protocol: Parsed header. Millis 46140 Type: 0 Size: 10
2025-11-30T12:53:30.920878+01:00 esp32 Main: Received motor move
2025-11-30T12:53:30.932940+01:00 esp32 Protocol: Motor DX: 115 1.000000, SX: 255 1.000000
2025-11-30T12:53:30.934893+01:00 esp32 Protocol: Parsed header. Millis 46240 Type: 0 Size: 10
2025-11-30T12:53:30.941748+01:00 esp32 Main: Received motor move
2025-11-30T12:53:30.950910+01:00 esp32 Protocol: Motor DX: 70 -1.000000, SX: 255 1.000000
2025-11-30T12:53:31.158994+01:00 esp32 Protocol: Parsed header. Millis 46340 Type: 0 Size: 10
2025-11-30T12:53:31.161706+01:00 esp32 Main: Received motor move
2025-11-30T12:53:31.163743+01:00 esp32 Protocol: Motor DX: 139 -1.000000, SX: 255 1.000000
2025-11-30T12:53:31.176758+01:00 esp32 Protocol: Parsed header. Millis 46440 Type: 0 Size: 10
2025-11-30T12:53:31.179731+01:00 esp32 Main: Received motor move
2025-11-30T12:53:31.181728+01:00 esp32 Protocol: Motor DX: 161 -1.000000, SX: 255 1.000000
2025-11-30T12:53:31.407055+01:00 esp32 Protocol: Parsed header. Millis 46540 Type: 0 Size: 10
2025-11-30T12:53:31.408758+01:00 esp32 Main: Received motor move
2025-11-30T12:53:31.421722+01:00 esp32 Protocol: Motor DX: 173 -1.000000, SX: 255 1.000000
2025-11-30T12:53:31.651551+01:00 esp32 Protocol: Parsed header. Millis 46940 Type: 0 Size: 10
2025-11-30T12:53:31.658839+01:00 esp32 Main: Received motor move
2025-11-30T12:53:31.665863+01:00 esp32 Protocol: Motor DX: 175 -1.000000, SX: 255 1.000000
2025-11-30T12:53:31.903397+01:00 esp32 Protocol: Parsed header. Millis 47240 Type: 0 Size: 10
2025-11-30T12:53:31.904743+01:00 esp32 Main: Received motor move
2025-11-30T12:53:31.916825+01:00 esp32 Protocol: Motor DX: 167 -1.000000, SX: 255 1.000000
2025-11-30T12:53:32.158170+01:00 esp32 Protocol: Parsed header. Millis 47340 Type: 0 Size: 10
2025-11-30T12:53:32.159824+01:00 esp32 Main: Received motor move
2025-11-30T12:53:32.172891+01:00 esp32 Protocol: Motor DX: 165 -1.000000, SX: 255 1.000000
2025-11-30T12:53:32.668492+01:00 esp32 Protocol: Parsed header. Millis 47941 Type: 0 Size: 10
2025-11-30T12:53:32.672863+01:00 esp32 Main: Received motor move
2025-11-30T12:53:32.674794+01:00 esp32 Protocol: Motor DX: 175 -1.000000, SX: 255 1.000000
2025-11-30T12:53:32.907254+01:00 esp32 Protocol: Parsed header. Millis 48041 Type: 0 Size: 10
2025-11-30T12:53:32.910742+01:00 esp32 Main: Received motor move
2025-11-30T12:53:32.914004+01:00 esp32 Protocol: Motor DX: 201 -1.000000, SX: 255 1.000000
2025-11-30T12:53:32.925853+01:00 esp32 Protocol: Parsed header. Millis 48141 Type: 0 Size: 10
2025-11-30T12:53:32.930741+01:00 esp32 Main: Received motor move
2025-11-30T12:53:32.932846+01:00 esp32 Protocol: Motor DX: 207 -1.000000, SX: 255 1.000000
2025-11-30T12:53:33.157142+01:00 esp32 Protocol: Parsed header. Millis 48341 Type: 0 Size: 10
2025-11-30T12:53:33.158809+01:00 esp32 Main: Received motor move
2025-11-30T12:53:33.170898+01:00 esp32 Protocol: Motor DX: 209 -1.000000, SX: 255 1.000000
2025-11-30T12:53:33.172895+01:00 esp32 Protocol: Parsed header. Millis 48441 Type: 0 Size: 10
2025-11-30T12:53:33.176846+01:00 esp32 Main: Received motor move
2025-11-30T12:53:33.188922+01:00 esp32 Protocol: Motor DX: 211 -1.000000, SX: 255 1.000000
2025-11-30T12:53:33.412108+01:00 esp32 Protocol: Parsed header. Millis 48541 Type: 0 Size: 10
2025-11-30T12:53:33.414877+01:00 esp32 Main: Received motor move
2025-11-30T12:53:33.418056+01:00 esp32 Protocol: Motor DX: 213 -1.000000, SX: 255 1.000000
2025-11-30T12:53:33.429990+01:00 esp32 Protocol: Parsed header. Millis 48642 Type: 0 Size: 10
2025-11-30T12:53:33.431827+01:00 esp32 Main: Received motor move
2025-11-30T12:53:33.446820+01:00 esp32 Protocol: Motor DX: 211 -1.000000, SX: 255 1.000000
2025-11-30T12:53:33.905031+01:00 esp32 Protocol: Parsed header. Millis 49142 Type: 0 Size: 10
2025-11-30T12:53:33.910486+01:00 esp32 Main: Received motor move
2025-11-30T12:53:33.911757+01:00 esp32 Protocol: Motor DX: 254 1.000000, SX: 255 -1.000000
2025-11-30T12:53:33.925868+01:00 esp32 Protocol: Parsed header. Millis 49242 Type: 0 Size: 10
2025-11-30T12:53:33.927799+01:00 esp32 Main: Received motor move
2025-11-30T12:53:33.930771+01:00 esp32 Protocol: Motor DX: 248 1.000000, SX: 255 -1.000000
2025-11-30T12:53:34.150289+01:00 esp32 Protocol: Parsed header. Millis 49342 Type: 0 Size: 10
2025-11-30T12:53:34.153791+01:00 esp32 Main: Received motor move
2025-11-30T12:53:34.167806+01:00 esp32 Protocol: Motor DX: 242 1.000000, SX: 255 -1.000000
2025-11-30T12:53:34.169765+01:00 esp32 Protocol: Parsed header. Millis 49442 Type: 0 Size: 10
2025-11-30T12:53:34.173747+01:00 esp32 Main: Received motor move
2025-11-30T12:53:34.178794+01:00 esp32 Protocol: Motor DX: 238 1.000000, SX: 255 -1.000000
2025-11-30T12:53:34.408323+01:00 esp32 Protocol: Parsed header. Millis 49542 Type: 0 Size: 10
2025-11-30T12:53:34.410759+01:00 esp32 Main: Received motor move
2025-11-30T12:53:34.422852+01:00 esp32 Protocol: Motor DX: 234 1.000000, SX: 255 -1.000000
2025-11-30T12:53:34.424769+01:00 esp32 Protocol: Parsed header. Millis 49642 Type: 0 Size: 10
2025-11-30T12:53:34.426743+01:00 esp32 Main: Received motor move
2025-11-30T12:53:34.438827+01:00 esp32 Protocol: Motor DX: 232 1.000000, SX: 255 -1.000000
2025-11-30T12:53:34.663079+01:00 esp32 Protocol: Parsed header. Millis 49743 Type: 0 Size: 10
2025-11-30T12:53:34.665753+01:00 esp32 Main: Received motor move
2025-11-30T12:53:34.668737+01:00 esp32 Protocol: Motor DX: 230 1.000000, SX: 255 -1.000000
2025-11-30T12:53:34.683010+01:00 esp32 Protocol: Parsed header. Millis 49843 Type: 0 Size: 10
2025-11-30T12:53:34.688893+01:00 esp32 Main: Received motor move
2025-11-30T12:53:34.692859+01:00 esp32 Protocol: Motor DX: 226 1.000000, SX: 255 -1.000000
2025-11-30T12:53:34.909118+01:00 esp32 Protocol: Parsed header. Millis 50143 Type: 0 Size: 10
2025-11-30T12:53:34.910935+01:00 esp32 Main: Received motor move
2025-11-30T12:53:34.913995+01:00 esp32 Protocol: Motor DX: 224 1.000000, SX: 255 -1.000000
2025-11-30T12:53:35.237060+01:00 esp32 Protocol: Parsed header. Millis 50543 Type: 0 Size: 10
2025-11-30T12:53:35.240251+01:00 esp32 Main: Received motor move
2025-11-30T12:53:35.251771+01:00 esp32 Protocol: Motor DX: 222 1.000000, SX: 255 -1.000000
2025-11-30T12:53:35.402254+01:00 esp32 Protocol: Parsed header. Millis 50643 Type: 0 Size: 10
2025-11-30T12:53:35.405731+01:00 esp32 Main: Received motor move
2025-11-30T12:53:35.407719+01:00 esp32 Protocol: Motor DX: 0 1.000000, SX: 2 1.000000
2025-11-30T12:53:35.660297+01:00 esp32 Protocol: Parsed header. Millis 50943 Type: 0 Size: 10
2025-11-30T12:53:35.662779+01:00 esp32 Main: Received motor move
2025-11-30T12:53:35.675828+01:00 esp32 Protocol: Motor DX: 2 -1.000000, SX: 0 1.000000
2025-11-30T12:53:35.908335+01:00 esp32 Protocol: Parsed header. Millis 51044 Type: 0 Size: 10
2025-11-30T12:53:35.910777+01:00 esp32 Main: Received motor move
2025-11-30T12:53:35.923762+01:00 esp32 Protocol: Motor DX: 120 -1.000000, SX: 125 -1.000000
2025-11-30T12:53:35.927761+01:00 esp32 Protocol: Parsed header. Millis 51144 Type: 0 Size: 10
2025-11-30T12:53:35.933724+01:00 esp32 Main: Received motor move
2025-11-30T12:53:35.936662+01:00 esp32 Protocol: Motor DX: 255 -1.000000, SX: 225 -1.000000
2025-11-30T12:53:36.150341+01:00 esp32 Protocol: Parsed header. Millis 51244 Type: 0 Size: 10
2025-11-30T12:53:36.153790+01:00 esp32 Main: Received motor move
2025-11-30T12:53:36.156770+01:00 esp32 Protocol: Motor DX: 255 -1.000000, SX: 223 -1.000000
2025-11-30T12:53:36.169743+01:00 esp32 Protocol: Parsed header. Millis 51444 Type: 0 Size: 10
2025-11-30T12:53:36.172756+01:00 esp32 Main: Received motor move
2025-11-30T12:53:36.176725+01:00 esp32 Protocol: Motor DX: 255 -1.000000, SX: 225 -1.000000
2025-11-30T12:53:36.407104+01:00 esp32 Protocol: Parsed header. Millis 51544 Type: 0 Size: 10
2025-11-30T12:53:36.408820+01:00 esp32 Main: Received motor move
2025-11-30T12:53:36.420825+01:00 esp32 Protocol: Motor DX: 255 -1.000000, SX: 227 -1.000000
2025-11-30T12:53:36.614246+01:00 esp32 Main: Battery: 9 , 12719 mV, 2337 raw
2025-11-30T12:53:36.627912+01:00 esp32 Protocol: Wifi 1, Server: 1, Latest millis: 51544, Used: 0, Read header: 0, Sensors count: 0
2025-11-30T12:53:36.661400+01:00 esp32 Protocol: Parsed header. Millis 51744 Type: 0 Size: 10
2025-11-30T12:53:36.661400+01:00 esp32 Main: Received motor move
2025-11-30T12:53:36.664758+01:00 esp32 Protocol: Motor DX: 12 1.000000, SX: 1 -1.000000
2025-11-30T12:53:36.676777+01:00 esp32 Protocol: Parsed header. Millis 51844 Type: 0 Size: 10
2025-11-30T12:53:36.678732+01:00 esp32 Main: Received motor move
2025-11-30T12:53:36.681776+01:00 esp32 Protocol: Motor DX: 4 1.000000, SX: 1 -1.000000
2025-11-30T12:53:36.694798+01:00 esp32 Protocol: Parsed header. Millis 51944 Type: 0 Size: 10
2025-11-30T12:53:36.699485+01:00 esp32 Main: Received motor move
2025-11-30T12:53:36.700827+01:00 esp32 Protocol: Motor DX: 130 1.000000, SX: 156 1.000000
2025-11-30T12:53:36.907114+01:00 esp32 Protocol: Parsed header. Millis 52044 Type: 0 Size: 10
2025-11-30T12:53:36.908772+01:00 esp32 Main: Received motor move
2025-11-30T12:53:36.921880+01:00 esp32 Protocol: Motor DX: 175 1.000000, SX: 255 1.000000
2025-11-30T12:53:36.925747+01:00 esp32 Protocol: Parsed header. Millis 52145 Type: 0 Size: 10
2025-11-30T12:53:36.927750+01:00 esp32 Main: Received motor move
2025-11-30T12:53:36.942786+01:00 esp32 Protocol: Motor DX: 203 1.000000, SX: 255 1.000000
2025-11-30T12:53:37.150375+01:00 esp32 Protocol: Parsed header. Millis 52245 Type: 0 Size: 10
2025-11-30T12:53:37.152806+01:00 esp32 Main: Received motor move
2025-11-30T12:53:37.164841+01:00 esp32 Protocol: Motor DX: 229 1.000000, SX: 255 1.000000
2025-11-30T12:53:37.169077+01:00 esp32 Protocol: Parsed header. Millis 52345 Type: 0 Size: 10
2025-11-30T12:53:37.173880+01:00 esp32 Main: Received motor move
2025-11-30T12:53:37.176792+01:00 esp32 Protocol: Motor DX: 231 1.000000, SX: 255 1.000000
2025-11-30T12:53:37.405412+01:00 esp32 Protocol: Parsed header. Millis 52745 Type: 0 Size: 10
2025-11-30T12:53:37.409836+01:00 esp32 Main: Received motor move
2025-11-30T12:53:37.411768+01:00 esp32 Protocol: Motor DX: 233 1.000000, SX: 255 1.000000
2025-11-30T12:53:37.651057+01:00 esp32 Protocol: Parsed header. Millis 52845 Type: 0 Size: 10
2025-11-30T12:53:37.652762+01:00 esp32 Main: Received motor move
2025-11-30T12:53:37.665858+01:00 esp32 Protocol: Motor DX: 241 1.000000, SX: 255 1.000000
2025-11-30T12:53:37.668761+01:00 esp32 Protocol: Parsed header. Millis 52945 Type: 0 Size: 10
2025-11-30T12:53:37.670747+01:00 esp32 Main: Received motor move
2025-11-30T12:53:37.684093+01:00 esp32 Protocol: Motor DX: 218 1.000000, SX: 204 1.000000
2025-11-30T12:53:37.907121+01:00 esp32 Protocol: Parsed header. Millis 53045 Type: 0 Size: 10
2025-11-30T12:53:37.909879+01:00 esp32 Main: Received motor move
2025-11-30T12:53:37.922774+01:00 esp32 Protocol: Motor DX: 22 -1.000000, SX: 27 -1.000000
2025-11-30T12:53:37.924762+01:00 esp32 Protocol: Parsed header. Millis 53145 Type: 0 Size: 10
2025-11-30T12:53:37.929787+01:00 esp32 Main: Received motor move
2025-11-30T12:53:37.932758+01:00 esp32 Protocol: Motor DX: 255 -1.000000, SX: 233 -1.000000
2025-11-30T12:53:38.157084+01:00 esp32 Protocol: Parsed header. Millis 53246 Type: 0 Size: 10
2025-11-30T12:53:38.158766+01:00 esp32 Main: Received motor move
2025-11-30T12:53:38.170853+01:00 esp32 Protocol: Motor DX: 255 -1.000000, SX: 217 -1.000000
2025-11-30T12:53:38.172771+01:00 esp32 Protocol: Parsed header. Millis 53346 Type: 0 Size: 10
2025-11-30T12:53:38.175753+01:00 esp32 Main: Received motor move
2025-11-30T12:53:38.188868+01:00 esp32 Protocol: Motor DX: 255 -1.000000, SX: 223 -1.000000
2025-11-30T12:53:38.400254+01:00 esp32 Protocol: Parsed header. Millis 53546 Type: 0 Size: 10
2025-11-30T12:53:38.402764+01:00 esp32 Main: Received motor move
2025-11-30T12:53:38.415802+01:00 esp32 Protocol: Motor DX: 255 -1.000000, SX: 225 -1.000000
2025-11-30T12:53:38.651057+01:00 esp32 Protocol: Parsed header. Millis 53846 Type: 0 Size: 10
2025-11-30T12:53:38.652878+01:00 esp32 Main: Received motor move
2025-11-30T12:53:38.664853+01:00 esp32 Protocol: Motor DX: 255 -1.000000, SX: 223 -1.000000
2025-11-30T12:53:38.668764+01:00 esp32 Protocol: Parsed header. Millis 53946 Type: 0 Size: 10
2025-11-30T12:53:38.673859+01:00 esp32 Main: Received motor move
2025-11-30T12:53:38.675804+01:00 esp32 Protocol: Motor DX: 255 -1.000000, SX: 225 -1.000000
2025-11-30T12:53:39.018271+01:00 esp32 Protocol: Parsed header. Millis 54346 Type: 0 Size: 10
2025-11-30T12:53:39.020764+01:00 esp32 Main: Received motor move
2025-11-30T12:53:39.032832+01:00 esp32 Protocol: Motor DX: 255 -1.000000, SX: 223 -1.000000
2025-11-30T12:53:39.533170+01:00 esp32 Protocol: Parsed header. Millis 54847 Type: 0 Size: 10
2025-11-30T12:53:39.536773+01:00 esp32 Main: Received motor move
2025-11-30T12:53:39.548851+01:00 esp32 Protocol: Motor DX: 255 -1.000000, SX: 221 -1.000000
2025-11-30T12:53:39.650203+01:00 esp32 Protocol: Parsed header. Millis 54947 Type: 0 Size: 10
2025-11-30T12:53:39.653797+01:00 esp32 Main: Received motor move
2025-11-30T12:53:39.665832+01:00 esp32 Protocol: Motor DX: 255 -1.000000, SX: 223 -1.000000
2025-11-30T12:53:39.907167+01:00 esp32 Protocol: Parsed header. Millis 55047 Type: 0 Size: 10
2025-11-30T12:53:39.909788+01:00 esp32 Main: Received motor move
2025-11-30T12:53:39.923766+01:00 esp32 Protocol: Motor DX: 208 -1.000000, SX: 181 -1.000000
2025-11-30T12:53:39.926980+01:00 esp32 Protocol: Parsed header. Millis 55147 Type: 0 Size: 10
2025-11-30T12:53:39.928755+01:00 esp32 Main: Received motor move
2025-11-30T12:53:39.940834+01:00 esp32 Protocol: Motor DX: 255 -1.000000, SX: 249 -1.000000
2025-11-30T12:53:40.150268+01:00 esp32 Protocol: Parsed header. Millis 55347 Type: 0 Size: 10
2025-11-30T12:53:40.156414+01:00 esp32 Main: Received motor move
2025-11-30T12:53:40.156878+01:00 esp32 Protocol: Motor DX: 248 -1.000000, SX: 255 -1.000000
2025-11-30T12:53:40.172804+01:00 esp32 Protocol: Parsed header. Millis 55447 Type: 0 Size: 10
2025-11-30T12:53:40.174760+01:00 esp32 Main: Received motor move
2025-11-30T12:53:40.181484+01:00 esp32 Protocol: Motor DX: 240 -1.000000, SX: 255 -1.000000
2025-11-30T12:53:40.400967+01:00 esp32 Protocol: Parsed header. Millis 55547 Type: 0 Size: 10
2025-11-30T12:53:40.402786+01:00 esp32 Main: Received motor move
2025-11-30T12:53:40.416299+01:00 esp32 Protocol: Motor DX: 216 -1.000000, SX: 233 -1.000000
2025-11-30T12:53:40.427831+01:00 esp32 Protocol: Parsed header. Millis 55648 Type: 0 Size: 10
2025-11-30T12:53:40.429754+01:00 esp32 Main: Received motor move
2025-11-30T12:53:40.431699+01:00 esp32 Protocol: Motor DX: 14 -1.000000, SX: 87 -1.000000
2025-11-30T12:53:40.445135+01:00 esp32 Protocol: Parsed header. Millis 55748 Type: 0 Size: 10
2025-11-30T12:53:40.446788+01:00 esp32 Main: Received motor move
2025-11-30T12:53:40.465461+01:00 esp32 Protocol: Motor DX: 32 1.000000, SX: 17 -1.000000
2025-11-30T12:53:40.659163+01:00 esp32 Protocol: Parsed header. Millis 55848 Type: 0 Size: 10
2025-11-30T12:53:40.662902+01:00 esp32 Main: Received motor move
2025-11-30T12:53:40.664926+01:00 esp32 Protocol: Motor DX: 4 1.000000, SX: 1 -1.000000
2025-11-30T12:53:41.381047+01:00 esp32 Protocol: Parsed header. Millis 56648 Type: 0 Size: 10
2025-11-30T12:53:41.384703+01:00 esp32 Main: Received motor move
2025-11-30T12:53:41.387670+01:00 esp32 Protocol: Motor DX: 126 1.000000, SX: 96 1.000000
2025-11-30T12:53:41.416956+01:00 esp32 Protocol: Parsed header. Millis 56748 Type: 0 Size: 10
2025-11-30T12:53:41.418721+01:00 esp32 Main: Received motor move
2025-11-30T12:53:41.430768+01:00 esp32 Protocol: Motor DX: 227 1.000000, SX: 255 1.000000
2025-11-30T12:53:41.657199+01:00 esp32 Protocol: Parsed header. Millis 56849 Type: 0 Size: 10
2025-11-30T12:53:41.658806+01:00 esp32 Main: Received motor move
2025-11-30T12:53:41.671037+01:00 esp32 Protocol: Motor DX: 255 1.000000, SX: 198 1.000000
2025-11-30T12:53:41.674550+01:00 esp32 Protocol: Parsed header. Millis 56949 Type: 0 Size: 10
2025-11-30T12:53:41.676847+01:00 esp32 Main: Received motor move
2025-11-30T12:53:41.691604+01:00 esp32 Protocol: Motor DX: 255 1.000000, SX: 192 1.000000
2025-11-30T12:53:41.901109+01:00 esp32 Protocol: Parsed header. Millis 57049 Type: 0 Size: 10
2025-11-30T12:53:41.902853+01:00 esp32 Main: Received motor move
2025-11-30T12:53:41.917896+01:00 esp32 Protocol: Motor DX: 255 1.000000, SX: 194 1.000000
2025-11-30T12:53:41.921943+01:00 esp32 Protocol: Parsed header. Millis 57149 Type: 0 Size: 10
2025-11-30T12:53:41.924826+01:00 esp32 Main: Received motor move
2025-11-30T12:53:41.939853+01:00 esp32 Protocol: Motor DX: 255 1.000000, SX: 212 1.000000
2025-11-30T12:53:42.150259+01:00 esp32 Protocol: Parsed header. Millis 57249 Type: 0 Size: 10
2025-11-30T12:53:42.153796+01:00 esp32 Main: Received motor move
2025-11-30T12:53:42.166744+01:00 esp32 Protocol: Motor DX: 255 1.000000, SX: 220 1.000000
2025-11-30T12:53:42.168767+01:00 esp32 Protocol: Parsed header. Millis 57349 Type: 0 Size: 10
2025-11-30T12:53:42.171740+01:00 esp32 Main: Received motor move
2025-11-30T12:53:42.185894+01:00 esp32 Protocol: Motor DX: 255 1.000000, SX: 216 1.000000
2025-11-30T12:53:42.190822+01:00 esp32 Protocol: Parsed header. Millis 57449 Type: 0 Size: 10
2025-11-30T12:53:42.193785+01:00 esp32 Main: Received motor move
2025-11-30T12:53:42.195883+01:00 esp32 Protocol: Motor DX: 255 1.000000, SX: 210 1.000000
2025-11-30T12:53:42.409116+01:00 esp32 Protocol: Parsed header. Millis 57549 Type: 0 Size: 10
2025-11-30T12:53:42.410787+01:00 esp32 Main: Received motor move
2025-11-30T12:53:42.423796+01:00 esp32 Protocol: Motor DX: 255 1.000000, SX: 206 1.000000
2025-11-30T12:53:42.426721+01:00 esp32 Protocol: Parsed header. Millis 57649 Type: 0 Size: 10
2025-11-30T12:53:42.429707+01:00 esp32 Main: Received motor move
2025-11-30T12:53:42.442754+01:00 esp32 Protocol: Motor DX: 0 1.000000, SX: 2 1.000000
2025-11-30T12:53:42.663038+01:00 esp32 Protocol: Parsed header. Millis 57749 Type: 0 Size: 10
2025-11-30T12:53:42.666762+01:00 esp32 Main: Received motor move
2025-11-30T12:53:42.669762+01:00 esp32 Protocol: Motor DX: 255 -1.000000, SX: 197 -1.000000
2025-11-30T12:53:42.681860+01:00 esp32 Protocol: Parsed header. Millis 57849 Type: 0 Size: 10
2025-11-30T12:53:42.685761+01:00 esp32 Main: Received motor move
2025-11-30T12:53:42.687746+01:00 esp32 Protocol: Motor DX: 255 -1.000000, SX: 189 -1.000000
2025-11-30T12:53:42.699851+01:00 esp32 Protocol: Parsed header. Millis 57950 Type: 0 Size: 10
2025-11-30T12:53:42.701843+01:00 esp32 Main: Received motor move
2025-11-30T12:53:42.703709+01:00 esp32 Protocol: Motor DX: 255 -1.000000, SX: 191 -1.000000
2025-11-30T12:53:42.907116+01:00 esp32 Protocol: Parsed header. Millis 58050 Type: 0 Size: 10
2025-11-30T12:53:42.908824+01:00 esp32 Main: Received motor move
2025-11-30T12:53:42.921861+01:00 esp32 Protocol: Motor DX: 255 -1.000000, SX: 193 -1.000000
2025-11-30T12:53:42.924799+01:00 esp32 Protocol: Parsed header. Millis 58150 Type: 0 Size: 10
2025-11-30T12:53:42.928761+01:00 esp32 Main: Received motor move
2025-11-30T12:53:42.942125+01:00 esp32 Protocol: Motor DX: 255 -1.000000, SX: 195 -1.000000
2025-11-30T12:53:43.156167+01:00 esp32 Protocol: Parsed header. Millis 58250 Type: 0 Size: 10
2025-11-30T12:53:43.158819+01:00 esp32 Main: Received motor move
2025-11-30T12:53:43.170874+01:00 esp32 Protocol: Motor DX: 255 -1.000000, SX: 193 -1.000000
2025-11-30T12:53:43.408346+01:00 esp32 Protocol: Parsed header. Millis 58650 Type: 0 Size: 10
2025-11-30T12:53:43.412988+01:00 esp32 Main: Received motor move
2025-11-30T12:53:43.415624+01:00 esp32 Protocol: Motor DX: 4 1.000000, SX: 1 -1.000000
2025-11-30T12:53:43.651108+01:00 esp32 Protocol: Parsed header. Millis 58850 Type: 0 Size: 10
2025-11-30T12:53:43.652767+01:00 esp32 Main: Received motor move
2025-11-30T12:53:43.664817+01:00 esp32 Protocol: Motor DX: 16 1.000000, SX: 6 1.000000
2025-11-30T12:53:43.666804+01:00 esp32 Protocol: Parsed header. Millis 58950 Type: 0 Size: 10
2025-11-30T12:53:43.669762+01:00 esp32 Main: Received motor move
2025-11-30T12:53:43.682828+01:00 esp32 Protocol: Motor DX: 255 1.000000, SX: 228 1.000000
2025-11-30T12:53:43.901113+01:00 esp32 Protocol: Parsed header. Millis 59050 Type: 0 Size: 10
2025-11-30T12:53:43.902837+01:00 esp32 Main: Received motor move
2025-11-30T12:53:43.915895+01:00 esp32 Protocol: Motor DX: 255 1.000000, SX: 224 1.000000
2025-11-30T12:53:43.918813+01:00 esp32 Protocol: Parsed header. Millis 59150 Type: 0 Size: 10
2025-11-30T12:53:43.920758+01:00 esp32 Main: Received motor move
2025-11-30T12:53:43.933861+01:00 esp32 Protocol: Motor DX: 255 1.000000, SX: 226 1.000000
2025-11-30T12:53:44.157070+01:00 esp32 Protocol: Parsed header. Millis 59251 Type: 0 Size: 10
2025-11-30T12:53:44.159738+01:00 esp32 Main: Received motor move
2025-11-30T12:53:44.174455+01:00 esp32 Protocol: Motor DX: 255 1.000000, SX: 228 1.000000
2025-11-30T12:53:44.175791+01:00 esp32 Protocol: Parsed header. Millis 59351 Type: 0 Size: 10
2025-11-30T12:53:44.177772+01:00 esp32 Main: Received motor move
2025-11-30T12:53:44.191805+01:00 esp32 Protocol: Motor DX: 255 1.000000, SX: 226 1.000000
2025-11-30T12:53:44.401292+01:00 esp32 Protocol: Parsed header. Millis 59651 Type: 0 Size: 10
2025-11-30T12:53:44.403795+01:00 esp32 Main: Received motor move
2025-11-30T12:53:44.406771+01:00 esp32 Protocol: Motor DX: 255 1.000000, SX: 222 1.000000
2025-11-30T12:53:44.652260+01:00 esp32 Protocol: Parsed header. Millis 59751 Type: 0 Size: 10
2025-11-30T12:53:44.655865+01:00 esp32 Main: Received motor move
2025-11-30T12:53:44.677005+01:00 esp32 Protocol: Motor DX: 255 1.000000, SX: 218 1.000000
2025-11-30T12:53:44.677137+01:00 esp32 Protocol: Parsed header. Millis 59851 Type: 0 Size: 10
2025-11-30T12:53:44.677137+01:00 esp32 Main: Received motor move
2025-11-30T12:53:44.689629+01:00 esp32 Protocol: Motor DX: 255 1.000000, SX: 220 1.000000
2025-11-30T12:53:44.689836+01:00 esp32 Protocol: Parsed header. Millis 59951 Type: 0 Size: 10
2025-11-30T12:53:44.692834+01:00 esp32 Main: Received motor move
2025-11-30T12:53:44.704940+01:00 esp32 Protocol: Motor DX: 255 1.000000, SX: 104 1.000000
2025-11-30T12:53:44.911119+01:00 esp32 Protocol: Parsed header. Millis 60051 Type: 0 Size: 10
2025-11-30T12:53:44.912824+01:00 esp32 Main: Received motor move
2025-11-30T12:53:44.915808+01:00 esp32 Protocol: Motor DX: 255 1.000000, SX: 135 -1.000000
2025-11-30T12:53:44.927886+01:00 esp32 Protocol: Parsed header. Millis 60152 Type: 0 Size: 10
2025-11-30T12:53:44.931039+01:00 esp32 Main: Received motor move
2025-11-30T12:53:44.932798+01:00 esp32 Protocol: Motor DX: 255 1.000000, SX: 197 -1.000000
2025-11-30T12:53:45.163169+01:00 esp32 Protocol: Parsed header. Millis 60252 Type: 0 Size: 10
2025-11-30T12:53:45.169050+01:00 esp32 Main: Received motor move
2025-11-30T12:53:45.176090+01:00 esp32 Protocol: Motor DX: 255 1.000000, SX: 251 -1.000000
2025-11-30T12:53:45.180807+01:00 esp32 Protocol: Parsed header. Millis 60352 Type: 0 Size: 10
2025-11-30T12:53:45.184733+01:00 esp32 Main: Received motor move
2025-11-30T12:53:45.188729+01:00 esp32 Protocol: Motor DX: 224 1.000000, SX: 255 -1.000000
2025-11-30T12:53:45.193861+01:00 esp32 Protocol: Parsed header. Millis 60452 Type: 0 Size: 10
2025-11-30T12:53:45.198359+01:00 esp32 Main: Received motor move
2025-11-30T12:53:45.212855+01:00 esp32 Protocol: Motor DX: 212 1.000000, SX: 255 -1.000000
2025-11-30T12:53:45.412195+01:00 esp32 Protocol: Parsed header. Millis 60552 Type: 0 Size: 10
2025-11-30T12:53:45.415797+01:00 esp32 Main: Received motor move
2025-11-30T12:53:45.418777+01:00 esp32 Protocol: Motor DX: 210 1.000000, SX: 255 -1.000000
2025-11-30T12:53:45.661150+01:00 esp32 Protocol: Parsed header. Millis 60952 Type: 0 Size: 10
2025-11-30T12:53:45.664863+01:00 esp32 Main: Received motor move
2025-11-30T12:53:45.674637+01:00 esp32 Protocol: Motor DX: 212 1.000000, SX: 255 -1.000000
2025-11-30T12:53:45.907387+01:00 esp32 Protocol: Parsed header. Millis 61052 Type: 0 Size: 10
2025-11-30T12:53:45.911889+01:00 esp32 Main: Received motor move
2025-11-30T12:53:45.915576+01:00 esp32 Protocol: Motor DX: 50 1.000000, SX: 87 -1.000000
2025-11-30T12:53:45.926913+01:00 esp32 Protocol: Parsed header. Millis 61152 Type: 0 Size: 10
2025-11-30T12:53:45.928794+01:00 esp32 Main: Received motor move
2025-11-30T12:53:45.933045+01:00 esp32 Protocol: Motor DX: 0 1.000000, SX: 2 1.000000
2025-11-30T12:53:46.160224+01:00 esp32 Protocol: Parsed header. Millis 61252 Type: 0 Size: 10
2025-11-30T12:53:46.162771+01:00 esp32 Main: Received motor move
2025-11-30T12:53:46.175795+01:00 esp32 Protocol: Motor DX: 221 -1.000000, SX: 255 1.000000
2025-11-30T12:53:46.178738+01:00 esp32 Protocol: Parsed header. Millis 61353 Type: 0 Size: 10
2025-11-30T12:53:46.183748+01:00 esp32 Main: Received motor move
2025-11-30T12:53:46.187059+01:00 esp32 Protocol: Motor DX: 223 -1.000000, SX: 255 1.000000
2025-11-30T12:53:46.196923+01:00 esp32 Protocol: Parsed header. Millis 61453 Type: 0 Size: 10
2025-11-30T12:53:46.199724+01:00 esp32 Main: Received motor move
2025-11-30T12:53:46.201766+01:00 esp32 Protocol: Motor DX: 231 -1.000000, SX: 255 1.000000
2025-11-30T12:53:46.408224+01:00 esp32 Protocol: Parsed header. Millis 61653 Type: 0 Size: 10
2025-11-30T12:53:46.411767+01:00 esp32 Main: Received motor move
2025-11-30T12:53:46.413478+01:00 esp32 Protocol: Motor DX: 229 -1.000000, SX: 255 1.000000
2025-11-30T12:53:46.614324+01:00 esp32 Main: Battery: 13 , 12984 mV, 2337 raw
2025-11-30T12:53:46.629257+01:00 esp32 Protocol: Wifi 1, Server: 1, Latest millis: 61653, Used: 0, Read header: 0, Sensors count: 0
2025-11-30T12:53:46.908315+01:00 esp32 Protocol: Parsed header. Millis 62153 Type: 0 Size: 10
2025-11-30T12:53:46.915189+01:00 esp32 Main: Received motor move
2025-11-30T12:53:46.923986+01:00 esp32 Protocol: Motor DX: 227 -1.000000, SX: 255 1.000000
2025-11-30T12:53:47.157086+01:00 esp32 Protocol: Parsed header. Millis 62353 Type: 0 Size: 10
2025-11-30T12:53:47.158803+01:00 esp32 Main: Received motor move
2025-11-30T12:53:47.170802+01:00 esp32 Protocol: Motor DX: 221 -1.000000, SX: 255 1.000000
2025-11-30T12:53:47.172757+01:00 esp32 Protocol: Parsed header. Millis 62453 Type: 0 Size: 10
2025-11-30T12:53:47.174747+01:00 esp32 Main: Received motor move
2025-11-30T12:53:47.186847+01:00 esp32 Protocol: Motor DX: 203 -1.000000, SX: 255 1.000000
2025-11-30T12:53:47.401060+01:00 esp32 Protocol: Parsed header. Millis 62553 Type: 0 Size: 10
2025-11-30T12:53:47.404751+01:00 esp32 Main: Received motor move
2025-11-30T12:53:47.409619+01:00 esp32 Protocol: Motor DX: 2 -1.000000, SX: 4 1.000000
2025-11-30T12:53:47.421133+01:00 esp32 Protocol: Parsed header. Millis 62654 Type: 0 Size: 10
2025-11-30T12:53:47.421567+01:00 esp32 Main: Received motor move
2025-11-30T12:53:47.434743+01:00 esp32 Protocol: Motor DX: 0 1.000000, SX: 2 1.000000
2025-11-30T12:53:48.548149+01:00 esp32 Protocol: Parsed header. Millis 63854 Type: 0 Size: 10
2025-11-30T12:53:48.548149+01:00 esp32 Main: Received motor move
2025-11-30T12:53:48.559134+01:00 esp32 Protocol: Motor DX: 50 1.000000, SX: 91 -1.000000
2025-11-30T12:53:48.660192+01:00 esp32 Protocol: Parsed header. Millis 63955 Type: 0 Size: 10
2025-11-30T12:53:48.664883+01:00 esp32 Main: Received motor move
2025-11-30T12:53:48.667799+01:00 esp32 Protocol: Motor DX: 218 1.000000, SX: 255 -1.000000
2025-11-30T12:53:48.902225+01:00 esp32 Protocol: Parsed header. Millis 64055 Type: 0 Size: 10
2025-11-30T12:53:48.905803+01:00 esp32 Main: Received motor move
2025-11-30T12:53:48.907801+01:00 esp32 Protocol: Motor DX: 0 1.000000, SX: 2 1.000000
2025-11-30T12:53:49.467112+01:00 esp32 Protocol: Parsed header. Millis 64755 Type: 0 Size: 10
2025-11-30T12:53:49.468735+01:00 esp32 Main: Received motor move
2025-11-30T12:53:49.480789+01:00 esp32 Protocol: Motor DX: 201 -1.000000, SX: 255 1.000000
2025-11-30T12:53:49.650226+01:00 esp32 Protocol: Parsed header. Millis 64855 Type: 0 Size: 10
2025-11-30T12:53:49.653876+01:00 esp32 Main: Received motor move
2025-11-30T12:53:49.665846+01:00 esp32 Protocol: Motor DX: 211 -1.000000, SX: 255 1.000000
2025-11-30T12:53:49.669110+01:00 esp32 Protocol: Parsed header. Millis 64955 Type: 0 Size: 10
2025-11-30T12:53:49.669535+01:00 esp32 Main: Received motor move
2025-11-30T12:53:49.683112+01:00 esp32 Protocol: Motor DX: 72 -1.000000, SX: 58 1.000000
2025-11-30T12:53:49.909824+01:00 esp32 Protocol: Parsed header. Millis 65056 Type: 0 Size: 10
2025-11-30T12:53:49.911395+01:00 esp32 Main: Received motor move
2025-11-30T12:53:49.913876+01:00 esp32 Protocol: Motor DX: 4 1.000000, SX: 1 -1.000000
2025-11-30T12:53:49.925914+01:00 esp32 Protocol: Parsed header. Millis 65156 Type: 0 Size: 10
2025-11-30T12:53:49.928758+01:00 esp32 Main: Received motor move
2025-11-30T12:53:49.930729+01:00 esp32 Protocol: Motor DX: 6 1.000000, SX: 3 -1.000000
2025-11-30T12:53:50.152068+01:00 esp32 Protocol: Parsed header. Millis 65256 Type: 0 Size: 10
2025-11-30T12:53:50.156162+01:00 esp32 Main: Received motor move
2025-11-30T12:53:50.168830+01:00 esp32 Protocol: Motor DX: 166 1.000000, SX: 219 -1.000000
2025-11-30T12:53:50.170813+01:00 esp32 Protocol: Parsed header. Millis 65356 Type: 0 Size: 10
2025-11-30T12:53:50.173876+01:00 esp32 Main: Received motor move
2025-11-30T12:53:50.185771+01:00 esp32 Protocol: Motor DX: 236 1.000000, SX: 255 -1.000000
2025-11-30T12:53:50.401259+01:00 esp32 Protocol: Parsed header. Millis 65556 Type: 0 Size: 10
2025-11-30T12:53:50.402840+01:00 esp32 Main: Received motor move
2025-11-30T12:53:50.418314+01:00 esp32 Protocol: Motor DX: 240 1.000000, SX: 255 -1.000000
2025-11-30T12:53:50.895282+01:00 esp32 Protocol: Parsed header. Millis 66156 Type: 0 Size: 10
2025-11-30T12:53:50.898122+01:00 esp32 Main: Received motor move
2025-11-30T12:53:50.910865+01:00 esp32 Protocol: Motor DX: 246 1.000000, SX: 255 -1.000000
2025-11-30T12:53:50.924025+01:00 esp32 Protocol: Parsed header. Millis 66257 Type: 0 Size: 10
2025-11-30T12:53:50.925812+01:00 esp32 Main: Received motor move
2025-11-30T12:53:50.928804+01:00 esp32 Protocol: Motor DX: 252 1.000000, SX: 255 -1.000000
2025-11-30T12:53:51.157261+01:00 esp32 Protocol: Parsed header. Millis 66357 Type: 0 Size: 10
2025-11-30T12:53:51.162920+01:00 esp32 Main: Received motor move
2025-11-30T12:53:51.166102+01:00 esp32 Protocol: Motor DX: 0 1.000000, SX: 2 1.000000
2025-11-30T12:53:51.613176+01:00 esp32 Protocol: Parsed header. Millis 66857 Type: 0 Size: 10
2025-11-30T12:53:51.615734+01:00 esp32 Main: Received motor move
2025-11-30T12:53:51.627804+01:00 esp32 Protocol: Motor DX: 213 -1.000000, SX: 255 1.000000
2025-11-30T12:53:51.658150+01:00 esp32 Protocol: Parsed header. Millis 66957 Type: 0 Size: 10
2025-11-30T12:53:51.663764+01:00 esp32 Main: Received motor move
2025-11-30T12:53:51.665761+01:00 esp32 Protocol: Motor DX: 219 -1.000000, SX: 255 1.000000
2025-11-30T12:53:52.844505+01:00 esp32 Protocol: Parsed header. Millis 68158 Type: 0 Size: 10
2025-11-30T12:53:52.845818+01:00 esp32 Main: Received motor move
2025-11-30T12:53:52.848768+01:00 esp32 Protocol: Motor DX: 235 -1.000000, SX: 255 1.000000
2025-11-30T12:53:52.925189+01:00 esp32 Protocol: Parsed header. Millis 68258 Type: 0 Size: 10
2025-11-30T12:53:52.926760+01:00 esp32 Main: Received motor move
2025-11-30T12:53:52.939036+01:00 esp32 Protocol: Motor DX: 237 -1.000000, SX: 255 1.000000
2025-11-30T12:53:53.161417+01:00 esp32 Protocol: Parsed header. Millis 68358 Type: 0 Size: 10
2025-11-30T12:53:53.161417+01:00 esp32 Main: Received motor move
2025-11-30T12:53:53.173879+01:00 esp32 Protocol: Motor DX: 223 -1.000000, SX: 255 1.000000
2025-11-30T12:53:53.175746+01:00 esp32 Protocol: Parsed header. Millis 68458 Type: 0 Size: 10
2025-11-30T12:53:53.177988+01:00 esp32 Main: Received motor move
2025-11-30T12:53:53.192946+01:00 esp32 Protocol: Motor DX: 217 -1.000000, SX: 255 1.000000
2025-11-30T12:53:53.426405+01:00 esp32 Protocol: Parsed header. Millis 68759 Type: 0 Size: 10
2025-11-30T12:53:53.426768+01:00 esp32 Main: Received motor move
2025-11-30T12:53:53.438823+01:00 esp32 Protocol: Motor DX: 215 -1.000000, SX: 255 1.000000
2025-11-30T12:53:53.657260+01:00 esp32 Protocol: Parsed header. Millis 68859 Type: 0 Size: 10
2025-11-30T12:53:53.661178+01:00 esp32 Main: Received motor move
2025-11-30T12:53:53.675096+01:00 esp32 Protocol: Motor DX: 213 -1.000000, SX: 255 1.000000
2025-11-30T12:53:53.677768+01:00 esp32 Protocol: Parsed header. Millis 68959 Type: 0 Size: 10
2025-11-30T12:53:53.680219+01:00 esp32 Main: Received motor move
2025-11-30T12:53:53.698336+01:00 esp32 Protocol: Motor DX: 211 -1.000000, SX: 255 1.000000
2025-11-30T12:53:53.907249+01:00 esp32 Protocol: Parsed header. Millis 69159 Type: 0 Size: 10
2025-11-30T12:53:53.913187+01:00 esp32 Main: Received motor move
2025-11-30T12:53:53.913475+01:00 esp32 Protocol: Motor DX: 213 -1.000000, SX: 255 1.000000
2025-11-30T12:53:54.157069+01:00 esp32 Protocol: Parsed header. Millis 69259 Type: 0 Size: 10
2025-11-30T12:53:54.160786+01:00 esp32 Main: Received motor move
2025-11-30T12:53:54.172855+01:00 esp32 Protocol: Motor DX: 223 -1.000000, SX: 255 1.000000
2025-11-30T12:53:54.175768+01:00 esp32 Protocol: Parsed header. Millis 69359 Type: 0 Size: 10
2025-11-30T12:53:54.178042+01:00 esp32 Main: Received motor move
2025-11-30T12:53:54.193301+01:00 esp32 Protocol: Motor DX: 4 -1.000000, SX: 6 1.000000
2025-11-30T12:53:54.195020+01:00 esp32 Protocol: Parsed header. Millis 69459 Type: 0 Size: 10
2025-11-30T12:53:54.196756+01:00 esp32 Main: Received motor move
2025-11-30T12:53:54.210967+01:00 esp32 Protocol: Motor DX: 0 1.000000, SX: 2 1.000000
2025-11-30T12:53:54.427041+01:00 esp32 Protocol: Parsed header. Millis 69759 Type: 0 Size: 10
2025-11-30T12:53:54.428792+01:00 esp32 Main: Received motor move
2025-11-30T12:53:54.443225+01:00 esp32 Protocol: Motor DX: 128 -1.000000, SX: 146 1.000000
2025-11-30T12:53:54.659163+01:00 esp32 Protocol: Parsed header. Millis 69859 Type: 0 Size: 10
2025-11-30T12:53:54.660772+01:00 esp32 Main: Received motor move
2025-11-30T12:53:54.674119+01:00 esp32 Protocol: Motor DX: 229 -1.000000, SX: 255 1.000000
2025-11-30T12:53:54.678891+01:00 esp32 Protocol: Parsed header. Millis 69960 Type: 0 Size: 10
2025-11-30T12:53:54.680860+01:00 esp32 Main: Received motor move
2025-11-30T12:53:54.696067+01:00 esp32 Protocol: Motor DX: 225 -1.000000, SX: 255 1.000000
2025-11-30T12:53:54.907074+01:00 esp32 Protocol: Parsed header. Millis 70060 Type: 0 Size: 10
2025-11-30T12:53:54.910724+01:00 esp32 Main: Received motor move
2025-11-30T12:53:54.923729+01:00 esp32 Protocol: Motor DX: 219 -1.000000, SX: 255 1.000000
2025-11-30T12:53:54.927972+01:00 esp32 Protocol: Parsed header. Millis 70160 Type: 0 Size: 10
2025-11-30T12:53:54.929966+01:00 esp32 Main: Received motor move
2025-11-30T12:53:54.941974+01:00 esp32 Protocol: Motor DX: 215 -1.000000, SX: 255 1.000000
2025-11-30T12:53:55.511141+01:00 esp32 Protocol: Parsed header. Millis 70760 Type: 0 Size: 10
2025-11-30T12:53:55.516693+01:00 esp32 Main: Received motor move
2025-11-30T12:53:55.520779+01:00 esp32 Protocol: Motor DX: 0 0.000000, SX: 0 0.000000
2025-11-30T12:53:55.657168+01:00 esp32 Protocol: Parsed header. Millis 70960 Type: 0 Size: 10
2025-11-30T12:53:55.660785+01:00 esp32 Main: Received motor move
2025-11-30T12:53:55.663811+01:00 esp32 Protocol: Motor DX: 211 -1.000000, SX: 255 1.000000
2025-11-30T12:53:55.900102+01:00 esp32 Protocol: Parsed header. Millis 71060 Type: 0 Size: 10
2025-11-30T12:53:55.901732+01:00 esp32 Main: Received motor move
2025-11-30T12:53:55.913983+01:00 esp32 Protocol: Motor DX: 213 -1.000000, SX: 255 1.000000
2025-11-30T12:53:55.916833+01:00 esp32 Protocol: Parsed header. Millis 71161 Type: 0 Size: 10
2025-11-30T12:53:55.920065+01:00 esp32 Main: Received motor move
2025-11-30T12:53:55.932188+01:00 esp32 Protocol: Motor DX: 225 -1.000000, SX: 255 1.000000
2025-11-30T12:53:56.158935+01:00 esp32 Protocol: Parsed header. Millis 71261 Type: 0 Size: 10
2025-11-30T12:53:56.161992+01:00 esp32 Main: Received motor move
2025-11-30T12:53:56.173895+01:00 esp32 Protocol: Motor DX: 130 -1.000000, SX: 132 1.000000
2025-11-30T12:53:56.176747+01:00 esp32 Protocol: Parsed header. Millis 71361 Type: 0 Size: 10
2025-11-30T12:53:56.178738+01:00 esp32 Main: Received motor move
2025-11-30T12:53:56.190801+01:00 esp32 Protocol: Motor DX: 0 1.000000, SX: 2 1.000000
2025-11-30T12:53:56.193799+01:00 esp32 Protocol: Parsed header. Millis 71461 Type: 0 Size: 10
2025-11-30T12:53:56.196699+01:00 esp32 Main: Received motor move
2025-11-30T12:53:56.208829+01:00 esp32 Protocol: Motor DX: 4 1.000000, SX: 1 -1.000000
2025-11-30T12:53:56.614359+01:00 esp32 Main: Battery: 18 , 13067 mV, 2368 raw
2025-11-30T12:53:56.627145+01:00 esp32 Protocol: Wifi 1, Server: 1, Latest millis: 71461, Used: 0, Read header: 0, Sensors count: 0
2025-11-30T12:53:57.456379+01:00 esp32 Protocol: Parsed header. Millis 72762 Type: 0 Size: 10
2025-11-30T12:53:57.461222+01:00 esp32 Main: Received motor move
2025-11-30T12:53:57.470878+01:00 esp32 Protocol: Motor DX: 48 -1.000000, SX: 50 1.000000
2025-11-30T12:53:57.660088+01:00 esp32 Protocol: Parsed header. Millis 72862 Type: 0 Size: 10
2025-11-30T12:53:57.667166+01:00 esp32 Main: Received motor move
2025-11-30T12:53:57.667166+01:00 esp32 Protocol: Motor DX: 108 -1.000000, SX: 86 1.000000
2025-11-30T12:53:57.678864+01:00 esp32 Protocol: Parsed header. Millis 72962 Type: 0 Size: 10
2025-11-30T12:53:57.681982+01:00 esp32 Main: Received motor move
2025-11-30T12:53:57.684898+01:00 esp32 Protocol: Motor DX: 255 -1.000000, SX: 242 1.000000
2025-11-30T12:53:57.900323+01:00 esp32 Protocol: Parsed header. Millis 73062 Type: 0 Size: 10
2025-11-30T12:53:57.902828+01:00 esp32 Main: Received motor move
2025-11-30T12:53:57.915851+01:00 esp32 Protocol: Motor DX: 255 -1.000000, SX: 240 1.000000
2025-11-30T12:53:57.919909+01:00 esp32 Protocol: Parsed header. Millis 73162 Type: 0 Size: 10
2025-11-30T12:53:57.921976+01:00 esp32 Main: Received motor move
2025-11-30T12:53:57.924948+01:00 esp32 Protocol: Motor DX: 255 -1.000000, SX: 236 1.000000
2025-11-30T12:53:58.151043+01:00 esp32 Protocol: Parsed header. Millis 73262 Type: 0 Size: 10
2025-11-30T12:53:58.156807+01:00 esp32 Main: Received motor move
2025-11-30T12:53:58.158826+01:00 esp32 Protocol: Motor DX: 255 -1.000000, SX: 232 1.000000
2025-11-30T12:53:58.409092+01:00 esp32 Protocol: Parsed header. Millis 73562 Type: 0 Size: 10
2025-11-30T12:53:58.410053+01:00 esp32 Main: Received motor move
2025-11-30T12:53:58.423968+01:00 esp32 Protocol: Motor DX: 255 -1.000000, SX: 242 1.000000
2025-11-30T12:53:58.425897+01:00 esp32 Protocol: Parsed header. Millis 73663 Type: 0 Size: 10
2025-11-30T12:53:58.428505+01:00 esp32 Main: Received motor move
2025-11-30T12:53:58.442807+01:00 esp32 Protocol: Motor DX: 30 1.000000, SX: 27 -1.000000
2025-11-30T12:53:58.661081+01:00 esp32 Protocol: Parsed header. Millis 73763 Type: 0 Size: 10
2025-11-30T12:53:58.662780+01:00 esp32 Main: Received motor move
2025-11-30T12:53:58.675895+01:00 esp32 Protocol: Motor DX: 0 1.000000, SX: 2 1.000000
2025-11-30T12:53:59.196247+01:00 esp32 Protocol: Parsed header. Millis 74463 Type: 0 Size: 10
2025-11-30T12:53:59.202425+01:00 esp32 Main: Received motor move
2025-11-30T12:53:59.202939+01:00 esp32 Protocol: Motor DX: 241 -1.000000, SX: 255 1.000000
2025-11-30T12:54:00.111290+01:00 esp32 Protocol: Parsed header. Millis 75364 Type: 0 Size: 10
2025-11-30T12:54:00.115051+01:00 esp32 Main: Received motor move
2025-11-30T12:54:00.126895+01:00 esp32 Protocol: Motor DX: 239 -1.000000, SX: 255 1.000000
2025-11-30T12:54:01.346514+01:00 esp32 Protocol: Parsed header. Millis 76665 Type: 0 Size: 10
2025-11-30T12:54:01.348718+01:00 esp32 Main: Received motor move
2025-11-30T12:54:01.353973+01:00 esp32 Protocol: Motor DX: 12 1.000000, SX: 9 -1.000000
2025-11-30T12:54:01.425161+01:00 esp32 Protocol: Parsed header. Millis 76765 Type: 0 Size: 10
2025-11-30T12:54:01.428779+01:00 esp32 Main: Received motor move
2025-11-30T12:54:01.430742+01:00 esp32 Protocol: Motor DX: 0 1.000000, SX: 2 1.000000
2025-11-30T12:54:01.650224+01:00 esp32 Protocol: Parsed header. Millis 76865 Type: 0 Size: 10
2025-11-30T12:54:01.653724+01:00 esp32 Main: Received motor move
2025-11-30T12:54:01.665792+01:00 esp32 Protocol: Motor DX: 4 1.000000, SX: 1 -1.000000
2025-11-30T12:54:01.907059+01:00 esp32 Protocol: Parsed header. Millis 77065 Type: 0 Size: 10
2025-11-30T12:54:01.908811+01:00 esp32 Main: Received motor move
2025-11-30T12:54:01.923834+01:00 esp32 Protocol: Motor DX: 74 1.000000, SX: 123 -1.000000
2025-11-30T12:54:01.926765+01:00 esp32 Protocol: Parsed header. Millis 77165 Type: 0 Size: 10
2025-11-30T12:54:01.928750+01:00 esp32 Main: Received motor move
2025-11-30T12:54:01.941984+01:00 esp32 Protocol: Motor DX: 210 1.000000, SX: 255 -1.000000
2025-11-30T12:54:02.158332+01:00 esp32 Protocol: Parsed header. Millis 77265 Type: 0 Size: 10
2025-11-30T12:54:02.161940+01:00 esp32 Main: Received motor move
2025-11-30T12:54:02.173910+01:00 esp32 Protocol: Motor DX: 222 1.000000, SX: 255 -1.000000
2025-11-30T12:54:02.178756+01:00 esp32 Protocol: Parsed header. Millis 77365 Type: 0 Size: 10
2025-11-30T12:54:02.181875+01:00 esp32 Main: Received motor move
2025-11-30T12:54:02.193909+01:00 esp32 Protocol: Motor DX: 228 1.000000, SX: 255 -1.000000
2025-11-30T12:54:02.196823+01:00 esp32 Protocol: Parsed header. Millis 77465 Type: 0 Size: 10
2025-11-30T12:54:02.199997+01:00 esp32 Main: Received motor move
2025-11-30T12:54:02.212894+01:00 esp32 Protocol: Motor DX: 230 1.000000, SX: 255 -1.000000
2025-11-30T12:54:02.408094+01:00 esp32 Protocol: Parsed header. Millis 77666 Type: 0 Size: 10
2025-11-30T12:54:02.409988+01:00 esp32 Main: Received motor move
2025-11-30T12:54:02.422069+01:00 esp32 Protocol: Motor DX: 40 1.000000, SX: 29 -1.000000
2025-11-30T12:54:02.649452+01:00 esp32 Protocol: Parsed header. Millis 77766 Type: 0 Size: 10
2025-11-30T12:54:02.650943+01:00 esp32 Main: Received motor move
2025-11-30T12:54:02.662960+01:00 esp32 Protocol: Motor DX: 0 1.000000, SX: 2 1.000000
2025-11-30T12:54:06.467274+01:00 esp32 Protocol: Parsed header. Millis 81769 Type: 0 Size: 10
2025-11-30T12:54:06.468733+01:00 esp32 Main: Received motor move
2025-11-30T12:54:06.480847+01:00 esp32 Protocol: Motor DX: 62 1.000000, SX: 76 1.000000
2025-11-30T12:54:06.614333+01:00 esp32 Main: Battery: 15 , 13073 mV, 2353 raw
2025-11-30T12:54:06.626928+01:00 esp32 Protocol: Wifi 1, Server: 1, Latest millis: 81769, Used: 0, Read header: 0, Sensors count: 0
2025-11-30T12:54:06.650093+01:00 esp32 Protocol: Parsed header. Millis 81869 Type: 0 Size: 10
2025-11-30T12:54:06.652055+01:00 esp32 Main: Received motor move
2025-11-30T12:54:06.663885+01:00 esp32 Protocol: Motor DX: 54 1.000000, SX: 56 1.000000
2025-11-30T12:54:06.665745+01:00 esp32 Protocol: Parsed header. Millis 81969 Type: 0 Size: 10
2025-11-30T12:54:06.668687+01:00 esp32 Main: Received motor move
2025-11-30T12:54:06.680863+01:00 esp32 Protocol: Motor DX: 0 1.000000, SX: 2 1.000000
2025-11-30T12:54:07.491234+01:00 esp32 Protocol: Parsed header. Millis 82769 Type: 0 Size: 10
2025-11-30T12:54:07.497784+01:00 esp32 Main: Received motor move
2025-11-30T12:54:07.506754+01:00 esp32 Protocol: Motor DX: 48 1.000000, SX: 57 -1.000000
2025-11-30T12:54:07.658092+01:00 esp32 Protocol: Parsed header. Millis 82869 Type: 0 Size: 10
2025-11-30T12:54:07.659782+01:00 esp32 Main: Received motor move
2025-11-30T12:54:07.672852+01:00 esp32 Protocol: Motor DX: 108 1.000000, SX: 133 -1.000000
2025-11-30T12:54:07.675728+01:00 esp32 Protocol: Parsed header. Millis 82970 Type: 0 Size: 10
2025-11-30T12:54:07.681092+01:00 esp32 Main: Received motor move
2025-11-30T12:54:07.682836+01:00 esp32 Protocol: Motor DX: 32 1.000000, SX: 29 -1.000000
2025-11-30T12:54:07.907053+01:00 esp32 Protocol: Parsed header. Millis 83070 Type: 0 Size: 10
2025-11-30T12:54:07.908793+01:00 esp32 Main: Received motor move
2025-11-30T12:54:07.921798+01:00 esp32 Protocol: Motor DX: 0 1.000000, SX: 2 1.000000
2025-11-30T12:54:10.568505+01:00 esp32 Protocol: Parsed header. Millis 85872 Type: 0 Size: 10
2025-11-30T12:54:10.570980+01:00 esp32 Main: Received motor move
2025-11-30T12:54:10.582887+01:00 esp32 Protocol: Motor DX: 24 1.000000, SX: 18 1.000000
2025-11-30T12:54:10.650087+01:00 esp32 Protocol: Parsed header. Millis 85972 Type: 0 Size: 10
2025-11-30T12:54:10.653178+01:00 esp32 Main: Received motor move
2025-11-30T12:54:10.673016+01:00 esp32 Protocol: Motor DX: 255 1.000000, SX: 198 1.000000
2025-11-30T12:54:10.907150+01:00 esp32 Protocol: Parsed header. Millis 86072 Type: 0 Size: 10
2025-11-30T12:54:10.908803+01:00 esp32 Main: Received motor move
2025-11-30T12:54:10.922162+01:00 esp32 Protocol: Motor DX: 255 1.000000, SX: 206 1.000000
2025-11-30T12:54:10.924745+01:00 esp32 Protocol: Parsed header. Millis 86172 Type: 0 Size: 10
2025-11-30T12:54:10.926754+01:00 esp32 Main: Received motor move
2025-11-30T12:54:10.938764+01:00 esp32 Protocol: Motor DX: 255 1.000000, SX: 208 1.000000
2025-11-30T12:54:11.158209+01:00 esp32 Protocol: Parsed header. Millis 86372 Type: 0 Size: 10
2025-11-30T12:54:11.160775+01:00 esp32 Main: Received motor move
2025-11-30T12:54:11.163785+01:00 esp32 Protocol: Motor DX: 255 1.000000, SX: 210 1.000000
2025-11-30T12:54:11.177797+01:00 esp32 Protocol: Parsed header. Millis 86472 Type: 0 Size: 10
2025-11-30T12:54:11.182443+01:00 esp32 Main: Received motor move
2025-11-30T12:54:11.183033+01:00 esp32 Protocol: Motor DX: 255 1.000000, SX: 208 1.000000
2025-11-30T12:54:11.409890+01:00 esp32 Protocol: Parsed header. Millis 86572 Type: 0 Size: 10
2025-11-30T12:54:11.409890+01:00 esp32 Main: Received motor move
2025-11-30T12:54:11.421803+01:00 esp32 Protocol: Motor DX: 162 1.000000, SX: 104 1.000000
2025-11-30T12:54:11.423724+01:00 esp32 Protocol: Parsed header. Millis 86672 Type: 0 Size: 10
2025-11-30T12:54:11.428728+01:00 esp32 Main: Received motor move
2025-11-30T12:54:11.430710+01:00 esp32 Protocol: Motor DX: 22 -1.000000, SX: 19 -1.000000
2025-11-30T12:54:11.659004+01:00 esp32 Protocol: Parsed header. Millis 86772 Type: 0 Size: 10
2025-11-30T12:54:11.662715+01:00 esp32 Main: Received motor move
2025-11-30T12:54:11.664914+01:00 esp32 Protocol: Motor DX: 255 -1.000000, SX: 213 -1.000000
2025-11-30T12:54:11.676868+01:00 esp32 Protocol: Parsed header. Millis 86872 Type: 0 Size: 10
2025-11-30T12:54:11.679739+01:00 esp32 Main: Received motor move
2025-11-30T12:54:11.694469+01:00 esp32 Protocol: Motor DX: 255 -1.000000, SX: 207 -1.000000
2025-11-30T12:54:11.695033+01:00 esp32 Protocol: Parsed header. Millis 86973 Type: 0 Size: 10
2025-11-30T12:54:11.697707+01:00 esp32 Main: Received motor move
2025-11-30T12:54:11.710860+01:00 esp32 Protocol: Motor DX: 255 -1.000000, SX: 205 -1.000000
2025-11-30T12:54:11.910103+01:00 esp32 Protocol: Parsed header. Millis 87073 Type: 0 Size: 10
2025-11-30T12:54:11.911789+01:00 esp32 Main: Received motor move
2025-11-30T12:54:11.924421+01:00 esp32 Protocol: Motor DX: 255 -1.000000, SX: 203 -1.000000
2025-11-30T12:54:11.927816+01:00 esp32 Protocol: Parsed header. Millis 87173 Type: 0 Size: 10
2025-11-30T12:54:11.932714+01:00 esp32 Main: Received motor move
2025-11-30T12:54:11.934739+01:00 esp32 Protocol: Motor DX: 255 -1.000000, SX: 199 -1.000000
2025-11-30T12:54:12.158087+01:00 esp32 Protocol: Parsed header. Millis 87273 Type: 0 Size: 10
2025-11-30T12:54:12.160756+01:00 esp32 Main: Received motor move
2025-11-30T12:54:12.173796+01:00 esp32 Protocol: Motor DX: 255 -1.000000, SX: 197 -1.000000
2025-11-30T12:54:12.411105+01:00 esp32 Protocol: Parsed header. Millis 87673 Type: 0 Size: 10
2025-11-30T12:54:12.412812+01:00 esp32 Main: Received motor move
2025-11-30T12:54:12.425807+01:00 esp32 Protocol: Motor DX: 255 -1.000000, SX: 195 -1.000000
2025-11-30T12:54:12.653978+01:00 esp32 Protocol: Parsed header. Millis 87773 Type: 0 Size: 10
2025-11-30T12:54:12.654997+01:00 esp32 Main: Received motor move
2025-11-30T12:54:12.668805+01:00 esp32 Protocol: Motor DX: 255 -1.000000, SX: 193 -1.000000
2025-11-30T12:54:12.934110+01:00 esp32 Protocol: Parsed header. Millis 88274 Type: 0 Size: 10
2025-11-30T12:54:12.935734+01:00 esp32 Main: Received motor move
2025-11-30T12:54:12.941707+01:00 esp32 Protocol: Motor DX: 255 -1.000000, SX: 191 -1.000000
2025-11-30T12:54:13.158109+01:00 esp32 Protocol: Parsed header. Millis 88374 Type: 0 Size: 10
2025-11-30T12:54:13.162987+01:00 esp32 Main: Received motor move
2025-11-30T12:54:13.164774+01:00 esp32 Protocol: Motor DX: 255 -1.000000, SX: 195 -1.000000
2025-11-30T12:54:13.176819+01:00 esp32 Protocol: Parsed header. Millis 88474 Type: 0 Size: 10
2025-11-30T12:54:13.179745+01:00 esp32 Main: Received motor move
2025-11-30T12:54:13.182920+01:00 esp32 Protocol: Motor DX: 255 -1.000000, SX: 191 -1.000000
2025-11-30T12:54:13.410040+01:00 esp32 Protocol: Parsed header. Millis 88574 Type: 0 Size: 10
2025-11-30T12:54:13.411737+01:00 esp32 Main: Received motor move
2025-11-30T12:54:13.423863+01:00 esp32 Protocol: Motor DX: 255 -1.000000, SX: 183 -1.000000
2025-11-30T12:54:13.425764+01:00 esp32 Protocol: Parsed header. Millis 88674 Type: 0 Size: 10
2025-11-30T12:54:13.428750+01:00 esp32 Main: Received motor move
2025-11-30T12:54:13.442737+01:00 esp32 Protocol: Motor DX: 238 -1.000000, SX: 71 -1.000000
2025-11-30T12:54:13.653079+01:00 esp32 Protocol: Parsed header. Millis 88774 Type: 0 Size: 10
2025-11-30T12:54:13.654852+01:00 esp32 Main: Received motor move
2025-11-30T12:54:13.666842+01:00 esp32 Protocol: Motor DX: 4 1.000000, SX: 1 -1.000000
2025-11-30T12:54:16.614561+01:00 esp32 Main: Battery: 26 , 13509 mV, 2432 raw
2025-11-30T12:54:16.626980+01:00 esp32 Protocol: Wifi 1, Server: 1, Latest millis: 88774, Used: 0, Read header: 0, Sensors count: 0
2025-11-30T12:54:20.899308+01:00 esp32 Protocol: Parsed header. Millis 96079 Type: 0 Size: 10
2025-11-30T12:54:20.902781+01:00 esp32 Main: Received motor move
2025-11-30T12:54:20.906820+01:00 esp32 Protocol: Motor DX: 16 1.000000, SX: 0 1.000000
2025-11-30T12:54:21.153991+01:00 esp32 Protocol: Parsed header. Millis 96179 Type: 0 Size: 10
2025-11-30T12:54:21.157825+01:00 esp32 Main: Received motor move
2025-11-30T12:54:21.159842+01:00 esp32 Protocol: Motor DX: 112 1.000000, SX: 0 1.000000
2025-11-30T12:54:21.171864+01:00 esp32 Protocol: Parsed header. Millis 96280 Type: 0 Size: 10
2025-11-30T12:54:21.175727+01:00 esp32 Main: Received motor move
2025-11-30T12:54:21.179814+01:00 esp32 Protocol: Motor DX: 115 1.000000, SX: 0 1.000000
2025-11-30T12:54:21.191881+01:00 esp32 Protocol: Parsed header. Millis 96380 Type: 0 Size: 10
2025-11-30T12:54:21.194806+01:00 esp32 Main: Received motor move
2025-11-30T12:54:21.197672+01:00 esp32 Protocol: Motor DX: 0 1.000000, SX: 0 1.000000
2025-11-30T12:54:23.064081+01:00 esp32 Main: Received motor move
2025-11-30T12:54:23.064189+01:00 esp32 Protocol: Motor DX: 7 1.000000, SX: 0 1.000000
2025-11-30T12:54:23.064382+01:00 esp32 Protocol: Parsed header. Millis 98181 Type: 0 Size: 10
2025-11-30T12:54:23.150095+01:00 esp32 Protocol: Parsed header. Millis 98281 Type: 0 Size: 10
2025-11-30T12:54:23.152860+01:00 esp32 Main: Received motor move
2025-11-30T12:54:23.156896+01:00 esp32 Protocol: Motor DX: 4 1.000000, SX: 0 1.000000
2025-11-30T12:54:23.169901+01:00 esp32 Protocol: Parsed header. Millis 98381 Type: 0 Size: 10
2025-11-30T12:54:23.172681+01:00 esp32 Main: Received motor move
2025-11-30T12:54:23.174781+01:00 esp32 Protocol: Motor DX: 3 1.000000, SX: 0 1.000000
2025-11-30T12:54:23.403026+01:00 esp32 Protocol: Parsed header. Millis 98581 Type: 0 Size: 10
2025-11-30T12:54:23.404870+01:00 esp32 Main: Received motor move
2025-11-30T12:54:23.417815+01:00 esp32 Protocol: Motor DX: 4 1.000000, SX: 0 1.000000
2025-11-30T12:54:23.419733+01:00 esp32 Protocol: Parsed header. Millis 98681 Type: 0 Size: 10
2025-11-30T12:54:23.421737+01:00 esp32 Main: Received motor move
2025-11-30T12:54:23.434875+01:00 esp32 Protocol: Motor DX: 12 1.000000, SX: 0 1.000000
2025-11-30T12:54:23.657146+01:00 esp32 Protocol: Parsed header. Millis 98782 Type: 0 Size: 10
2025-11-30T12:54:23.660755+01:00 esp32 Main: Received motor move
2025-11-30T12:54:23.675194+01:00 esp32 Protocol: Motor DX: 19 1.000000, SX: 0 1.000000
2025-11-30T12:54:23.908039+01:00 esp32 Protocol: Parsed header. Millis 99082 Type: 0 Size: 10
2025-11-30T12:54:23.909885+01:00 esp32 Main: Received motor move
2025-11-30T12:54:23.922779+01:00 esp32 Protocol: Motor DX: 20 1.000000, SX: 0 1.000000
2025-11-30T12:54:24.157612+01:00 esp32 Protocol: Parsed header. Millis 99282 Type: 0 Size: 10
2025-11-30T12:54:24.159926+01:00 esp32 Main: Received motor move
2025-11-30T12:54:24.172994+01:00 esp32 Protocol: Motor DX: 22 1.000000, SX: 0 1.000000
2025-11-30T12:54:24.174961+01:00 esp32 Protocol: Parsed header. Millis 99382 Type: 0 Size: 10
2025-11-30T12:54:24.176847+01:00 esp32 Main: Received motor move
2025-11-30T12:54:24.190933+01:00 esp32 Protocol: Motor DX: 26 1.000000, SX: 0 1.000000
2025-11-30T12:54:24.193784+01:00 esp32 Protocol: Parsed header. Millis 99482 Type: 0 Size: 10
2025-11-30T12:54:24.196774+01:00 esp32 Main: Received motor move
2025-11-30T12:54:24.209952+01:00 esp32 Protocol: Motor DX: 32 1.000000, SX: 0 1.000000
2025-11-30T12:54:24.408191+01:00 esp32 Protocol: Parsed header. Millis 99582 Type: 0 Size: 10
2025-11-30T12:54:24.409806+01:00 esp32 Main: Received motor move
2025-11-30T12:54:24.421927+01:00 esp32 Protocol: Motor DX: 44 1.000000, SX: 0 1.000000
2025-11-30T12:54:24.423768+01:00 esp32 Protocol: Parsed header. Millis 99682 Type: 0 Size: 10
2025-11-30T12:54:24.426780+01:00 esp32 Main: Received motor move
2025-11-30T12:54:24.439881+01:00 esp32 Protocol: Motor DX: 63 1.000000, SX: 0 1.000000
2025-11-30T12:54:24.657172+01:00 esp32 Protocol: Parsed header. Millis 99782 Type: 0 Size: 10
2025-11-30T12:54:24.658774+01:00 esp32 Main: Received motor move
2025-11-30T12:54:24.670359+01:00 esp32 Protocol: Motor DX: 74 1.000000, SX: 0 1.000000
2025-11-30T12:54:24.670950+01:00 esp32 Protocol: Parsed header. Millis 99983 Type: 0 Size: 10
2025-11-30T12:54:24.683819+01:00 esp32 Main: Received motor move
2025-11-30T12:54:24.685806+01:00 esp32 Protocol: Motor DX: 80 1.000000, SX: 0 1.000000
2025-11-30T12:54:24.911119+01:00 esp32 Protocol: Parsed header. Millis 100083 Type: 0 Size: 10
2025-11-30T12:54:24.915834+01:00 esp32 Main: Received motor move
2025-11-30T12:54:24.919862+01:00 esp32 Protocol: Motor DX: 87 1.000000, SX: 0 1.000000
2025-11-30T12:54:24.921849+01:00 esp32 Protocol: Parsed header. Millis 100183 Type: 0 Size: 10
2025-11-30T12:54:24.933861+01:00 esp32 Main: Received motor move
2025-11-30T12:54:24.936744+01:00 esp32 Protocol: Motor DX: 102 1.000000, SX: 0 1.000000
2025-11-30T12:54:25.157076+01:00 esp32 Protocol: Parsed header. Millis 100283 Type: 0 Size: 10
2025-11-30T12:54:25.158814+01:00 esp32 Main: Received motor move
2025-11-30T12:54:25.171903+01:00 esp32 Protocol: Motor DX: 113 1.000000, SX: 0 1.000000
2025-11-30T12:54:25.175717+01:00 esp32 Protocol: Parsed header. Millis 100383 Type: 0 Size: 10
2025-11-30T12:54:25.177703+01:00 esp32 Main: Received motor move
2025-11-30T12:54:25.183724+01:00 esp32 Protocol: Motor DX: 118 1.000000, SX: 0 1.000000
2025-11-30T12:54:25.196741+01:00 esp32 Protocol: Parsed header. Millis 100483 Type: 0 Size: 10
2025-11-30T12:54:25.198930+01:00 esp32 Main: Received motor move
2025-11-30T12:54:25.200687+01:00 esp32 Protocol: Motor DX: 120 1.000000, SX: 0 1.000000
2025-11-30T12:54:25.410012+01:00 esp32 Protocol: Parsed header. Millis 100683 Type: 0 Size: 10
2025-11-30T12:54:25.412773+01:00 esp32 Main: Received motor move
2025-11-30T12:54:25.416068+01:00 esp32 Protocol: Motor DX: 119 1.000000, SX: 0 1.000000
2025-11-30T12:54:25.825677+01:00 esp32 Protocol: Parsed header. Millis 101083 Type: 0 Size: 10
2025-11-30T12:54:25.826769+01:00 esp32 Main: Received motor move
2025-11-30T12:54:25.830773+01:00 esp32 Protocol: Motor DX: 120 1.000000, SX: 0 1.000000
2025-11-30T12:54:25.908248+01:00 esp32 Protocol: Parsed header. Millis 101183 Type: 0 Size: 10
2025-11-30T12:54:25.915046+01:00 esp32 Main: Received motor move
2025-11-30T12:54:25.918857+01:00 esp32 Protocol: Motor DX: 125 1.000000, SX: 0 1.000000
2025-11-30T12:54:26.150066+01:00 esp32 Protocol: Parsed header. Millis 101284 Type: 0 Size: 10
2025-11-30T12:54:26.151865+01:00 esp32 Main: Received motor move
2025-11-30T12:54:26.166886+01:00 esp32 Protocol: Motor DX: 129 1.000000, SX: 0 1.000000
2025-11-30T12:54:26.170802+01:00 esp32 Protocol: Parsed header. Millis 101384 Type: 0 Size: 10
2025-11-30T12:54:26.174755+01:00 esp32 Main: Received motor move
2025-11-30T12:54:26.176738+01:00 esp32 Protocol: Motor DX: 127 1.000000, SX: 0 1.000000
2025-11-30T12:54:26.188873+01:00 esp32 Protocol: Parsed header. Millis 101484 Type: 0 Size: 10
2025-11-30T12:54:26.190700+01:00 esp32 Main: Received motor move
2025-11-30T12:54:26.202742+01:00 esp32 Protocol: Motor DX: 117 1.000000, SX: 0 1.000000
2025-11-30T12:54:26.401000+01:00 esp32 Protocol: Parsed header. Millis 101584 Type: 0 Size: 10
2025-11-30T12:54:26.404746+01:00 esp32 Main: Received motor move
2025-11-30T12:54:26.416867+01:00 esp32 Protocol: Motor DX: 109 1.000000, SX: 0 1.000000
2025-11-30T12:54:26.419858+01:00 esp32 Protocol: Parsed header. Millis 101684 Type: 0 Size: 10
2025-11-30T12:54:26.423003+01:00 esp32 Main: Received motor move
2025-11-30T12:54:26.435783+01:00 esp32 Protocol: Motor DX: 98 1.000000, SX: 0 1.000000
2025-11-30T12:54:26.614206+01:00 esp32 Main: Battery: 15 , 12979 mV, 2352 raw
2025-11-30T12:54:26.630022+01:00 esp32 Protocol: Wifi 1, Server: 1, Latest millis: 101684, Used: 0, Read header: 0, Sensors count: 0
2025-11-30T12:54:26.651054+01:00 esp32 Protocol: Parsed header. Millis 101784 Type: 0 Size: 10
2025-11-30T12:54:26.652788+01:00 esp32 Main: Received motor move
2025-11-30T12:54:26.664850+01:00 esp32 Protocol: Motor DX: 95 1.000000, SX: 0 1.000000
2025-11-30T12:54:26.666770+01:00 esp32 Protocol: Parsed header. Millis 101884 Type: 0 Size: 10
2025-11-30T12:54:26.670786+01:00 esp32 Main: Received motor move
2025-11-30T12:54:26.682880+01:00 esp32 Protocol: Motor DX: 94 1.000000, SX: 0 1.000000
2025-11-30T12:54:26.685748+01:00 esp32 Protocol: Parsed header. Millis 101984 Type: 0 Size: 10
2025-11-30T12:54:26.688740+01:00 esp32 Main: Received motor move
2025-11-30T12:54:26.700880+01:00 esp32 Protocol: Motor DX: 93 1.000000, SX: 0 1.000000
2025-11-30T12:54:27.460906+01:00 esp32 Protocol: Parsed header. Millis 102785 Type: 0 Size: 10
2025-11-30T12:54:27.463956+01:00 esp32 Main: Received motor move
2025-11-30T12:54:27.475785+01:00 esp32 Protocol: Motor DX: 94 1.000000, SX: 0 1.000000
2025-11-30T12:54:27.658203+01:00 esp32 Protocol: Parsed header. Millis 102885 Type: 0 Size: 10
2025-11-30T12:54:27.661760+01:00 esp32 Main: Received motor move
2025-11-30T12:54:27.673875+01:00 esp32 Protocol: Motor DX: 207 1.000000, SX: 0 1.000000
2025-11-30T12:54:27.908147+01:00 esp32 Protocol: Parsed header. Millis 102985 Type: 0 Size: 10
2025-11-30T12:54:27.912784+01:00 esp32 Main: Received motor move
2025-11-30T12:54:27.915850+01:00 esp32 Protocol: Motor DX: 224 1.000000, SX: 0 1.000000
2025-11-30T12:54:27.927930+01:00 esp32 Protocol: Parsed header. Millis 103085 Type: 0 Size: 10
2025-11-30T12:54:27.930771+01:00 esp32 Main: Received motor move
2025-11-30T12:54:27.933766+01:00 esp32 Protocol: Motor DX: 226 1.000000, SX: 0 1.000000
2025-11-30T12:54:27.945829+01:00 esp32 Protocol: Parsed header. Millis 103185 Type: 0 Size: 10
2025-11-30T12:54:27.948730+01:00 esp32 Main: Received motor move
2025-11-30T12:54:27.951801+01:00 esp32 Protocol: Motor DX: 227 1.000000, SX: 0 1.000000
2025-11-30T12:54:28.158132+01:00 esp32 Protocol: Parsed header. Millis 103285 Type: 0 Size: 10
2025-11-30T12:54:28.160872+01:00 esp32 Main: Received motor move
2025-11-30T12:54:28.175774+01:00 esp32 Protocol: Motor DX: 166 1.000000, SX: 0 1.000000
2025-11-30T12:54:28.177727+01:00 esp32 Protocol: Parsed header. Millis 103385 Type: 0 Size: 10
2025-11-30T12:54:28.181781+01:00 esp32 Main: Received motor move
2025-11-30T12:54:28.184722+01:00 esp32 Protocol: Motor DX: 0 1.000000, SX: 0 1.000000
2025-11-30T12:54:28.580333+01:00 esp32 Protocol: Parsed header. Millis 103886 Type: 0 Size: 10
2025-11-30T12:54:28.582730+01:00 esp32 Main: Received motor move
2025-11-30T12:54:28.594815+01:00 esp32 Protocol: Motor DX: 7 1.000000, SX: 0 1.000000
2025-11-30T12:54:28.660983+01:00 esp32 Protocol: Parsed header. Millis 103986 Type: 0 Size: 10
2025-11-30T12:54:28.662769+01:00 esp32 Main: Received motor move
2025-11-30T12:54:28.664731+01:00 esp32 Protocol: Motor DX: 255 1.000000, SX: 0 1.000000
2025-11-30T12:54:29.307390+01:00 esp32 Protocol: Parsed header. Millis 104586 Type: 0 Size: 10
2025-11-30T12:54:29.308853+01:00 esp32 Main: Received motor move
2025-11-30T12:54:29.310777+01:00 esp32 Protocol: Motor DX: 43 1.000000, SX: 0 1.000000
2025-11-30T12:54:29.410906+01:00 esp32 Protocol: Parsed header. Millis 104686 Type: 0 Size: 10
2025-11-30T12:54:29.412608+01:00 esp32 Main: Received motor move
2025-11-30T12:54:29.416766+01:00 esp32 Protocol: Motor DX: 0 1.000000, SX: 0 1.000000
2025-11-30T12:54:32.273620+01:00 esp32 Protocol: Parsed header. Millis 107589 Type: 0 Size: 10
2025-11-30T12:54:32.281078+01:00 esp32 Main: Received motor move
2025-11-30T12:54:32.287849+01:00 esp32 Protocol: Motor DX: 61 1.000000, SX: 0 1.000000
2025-11-30T12:54:32.399999+01:00 esp32 Protocol: Parsed header. Millis 107689 Type: 0 Size: 10
2025-11-30T12:54:32.404035+01:00 esp32 Main: Received motor move
2025-11-30T12:54:32.415766+01:00 esp32 Protocol: Motor DX: 255 1.000000, SX: 0 1.000000
2025-11-30T12:54:32.660000+01:00 esp32 Protocol: Parsed header. Millis 107889 Type: 0 Size: 10
2025-11-30T12:54:32.662735+01:00 esp32 Main: Received motor move
2025-11-30T12:54:32.665734+01:00 esp32 Protocol: Motor DX: 97 1.000000, SX: 0 1.000000
2025-11-30T12:54:32.678395+01:00 esp32 Protocol: Parsed header. Millis 107989 Type: 0 Size: 10
2025-11-30T12:54:32.679974+01:00 esp32 Main: Received motor move
2025-11-30T12:54:32.680872+01:00 esp32 Protocol: Motor DX: 0 1.000000, SX: 0 1.000000
2025-11-30T12:54:33.903313+01:00 esp32 Protocol: Parsed header. Millis 109190 Type: 0 Size: 10
2025-11-30T12:54:33.904723+01:00 esp32 Main: Received motor move
2025-11-30T12:54:33.918781+01:00 esp32 Protocol: Motor DX: 12 1.000000, SX: 0 1.000000
2025-11-30T12:54:34.150943+01:00 esp32 Protocol: Parsed header. Millis 109290 Type: 0 Size: 10
2025-11-30T12:54:34.155696+01:00 esp32 Main: Received motor move
2025-11-30T12:54:34.160673+01:00 esp32 Protocol: Motor DX: 16 1.000000, SX: 0 1.000000
2025-11-30T12:54:34.162748+01:00 esp32 Protocol: Parsed header. Millis 109390 Type: 0 Size: 10
2025-11-30T12:54:34.174788+01:00 esp32 Main: Received motor move
2025-11-30T12:54:34.177691+01:00 esp32 Protocol: Motor DX: 23 1.000000, SX: 0 1.000000
2025-11-30T12:54:34.191777+01:00 esp32 Protocol: Parsed header. Millis 109490 Type: 0 Size: 10
2025-11-30T12:54:34.193709+01:00 esp32 Main: Received motor move
2025-11-30T12:54:34.197736+01:00 esp32 Protocol: Motor DX: 56 1.000000, SX: 0 1.000000
2025-11-30T12:54:34.407506+01:00 esp32 Protocol: Parsed header. Millis 109590 Type: 0 Size: 10
2025-11-30T12:54:34.411734+01:00 esp32 Main: Received motor move
2025-11-30T12:54:34.413721+01:00 esp32 Protocol: Motor DX: 76 1.000000, SX: 0 1.000000
2025-11-30T12:54:34.427744+01:00 esp32 Protocol: Parsed header. Millis 109690 Type: 0 Size: 10
2025-11-30T12:54:34.432819+01:00 esp32 Main: Received motor move
2025-11-30T12:54:34.435665+01:00 esp32 Protocol: Motor DX: 89 1.000000, SX: 0 1.000000
2025-11-30T12:54:34.657072+01:00 esp32 Protocol: Parsed header. Millis 109791 Type: 0 Size: 10
2025-11-30T12:54:34.658740+01:00 esp32 Main: Received motor move
2025-11-30T12:54:34.671763+01:00 esp32 Protocol: Motor DX: 121 1.000000, SX: 0 1.000000
2025-11-30T12:54:34.673724+01:00 esp32 Protocol: Parsed header. Millis 109891 Type: 0 Size: 10
2025-11-30T12:54:34.676708+01:00 esp32 Main: Received motor move
2025-11-30T12:54:34.689808+01:00 esp32 Protocol: Motor DX: 181 1.000000, SX: 0 1.000000
2025-11-30T12:54:34.907173+01:00 esp32 Protocol: Parsed header. Millis 109991 Type: 0 Size: 10
2025-11-30T12:54:34.908872+01:00 esp32 Main: Received motor move
2025-11-30T12:54:34.921970+01:00 esp32 Protocol: Motor DX: 209 1.000000, SX: 0 1.000000
2025-11-30T12:54:34.925831+01:00 esp32 Protocol: Parsed header. Millis 110091 Type: 0 Size: 10
2025-11-30T12:54:34.929831+01:00 esp32 Main: Received motor move
2025-11-30T12:54:34.931832+01:00 esp32 Protocol: Motor DX: 225 1.000000, SX: 0 1.000000
2025-11-30T12:54:34.943893+01:00 esp32 Protocol: Parsed header. Millis 110191 Type: 0 Size: 10
2025-11-30T12:54:34.946810+01:00 esp32 Main: Received motor move
2025-11-30T12:54:34.948773+01:00 esp32 Protocol: Motor DX: 234 1.000000, SX: 0 1.000000
2025-11-30T12:54:35.157074+01:00 esp32 Protocol: Parsed header. Millis 110291 Type: 0 Size: 10
2025-11-30T12:54:35.158725+01:00 esp32 Main: Received motor move
2025-11-30T12:54:35.163743+01:00 esp32 Protocol: Motor DX: 245 1.000000, SX: 0 1.000000
2025-11-30T12:54:35.177820+01:00 esp32 Protocol: Parsed header. Millis 110391 Type: 0 Size: 10
2025-11-30T12:54:35.179698+01:00 esp32 Main: Received motor move
2025-11-30T12:54:35.181751+01:00 esp32 Protocol: Motor DX: 253 1.000000, SX: 0 1.000000
2025-11-30T12:54:35.408040+01:00 esp32 Protocol: Parsed header. Millis 110491 Type: 0 Size: 10
2025-11-30T12:54:35.409728+01:00 esp32 Main: Received motor move
2025-11-30T12:54:35.423661+01:00 esp32 Protocol: Motor DX: 239 1.000000, SX: 0 1.000000
2025-11-30T12:54:35.425683+01:00 esp32 Protocol: Parsed header. Millis 110591 Type: 0 Size: 10
2025-11-30T12:54:35.429673+01:00 esp32 Main: Received motor move
2025-11-30T12:54:35.432723+01:00 esp32 Protocol: Motor DX: 0 1.000000, SX: 0 1.000000
2025-11-30T12:54:36.616035+01:00 esp32 Main: Battery: 26 , 13602 mV, 2448 raw
2025-11-30T12:54:36.626118+01:00 esp32 Protocol: Wifi 1, Server: 1, Latest millis: 110591, Used: 0, Read header: 0, Sensors count: 0
2025-11-30T12:54:39.125378+01:00 esp32 Protocol: Parsed header. Millis 114394 Type: 0 Size: 10
2025-11-30T12:54:39.126734+01:00 esp32 Main: Received motor move
2025-11-30T12:54:39.139805+01:00 esp32 Protocol: Motor DX: 0 1.000000, SX: 2 1.000000
2025-11-30T12:54:42.513346+01:00 esp32 Protocol: Parsed header. Millis 117796 Type: 0 Size: 10
2025-11-30T12:54:42.517924+01:00 esp32 Main: Received motor move
2025-11-30T12:54:42.527781+01:00 esp32 Protocol: Motor DX: 2 1.000000, SX: 4 1.000000
2025-11-30T12:54:42.815433+01:00 esp32 Protocol: Parsed header. Millis 118097 Type: 0 Size: 10
2025-11-30T12:54:42.817839+01:00 esp32 Main: Received motor move
2025-11-30T12:54:42.819771+01:00 esp32 Protocol: Motor DX: 0 1.000000, SX: 2 1.000000
2025-11-30T12:54:43.230542+01:00 esp32 Protocol: Parsed header. Millis 118497 Type: 0 Size: 10
2025-11-30T12:54:43.233618+01:00 esp32 Main: Received motor move
2025-11-30T12:54:43.243813+01:00 esp32 Protocol: Motor DX: 2 1.000000, SX: 4 1.000000
2025-11-30T12:54:43.408025+01:00 esp32 Protocol: Parsed header. Millis 118697 Type: 0 Size: 10
2025-11-30T12:54:43.411724+01:00 esp32 Main: Received motor move
2025-11-30T12:54:43.415738+01:00 esp32 Protocol: Motor DX: 0 1.000000, SX: 2 1.000000
2025-11-30T12:54:45.580266+01:00 esp32 Protocol: Parsed header. Millis 120899 Type: 0 Size: 10
2025-11-30T12:54:45.582753+01:00 esp32 Main: Received motor move
2025-11-30T12:54:45.594887+01:00 esp32 Protocol: Motor DX: 59 1.000000, SX: 0 1.000000
2025-11-30T12:54:45.665324+01:00 esp32 Protocol: Parsed header. Millis 120999 Type: 0 Size: 10
2025-11-30T12:54:45.666685+01:00 esp32 Main: Received motor move
2025-11-30T12:54:45.672489+01:00 esp32 Protocol: Motor DX: 204 1.000000, SX: 0 1.000000
2025-11-30T12:54:45.910478+01:00 esp32 Protocol: Parsed header. Millis 121099 Type: 0 Size: 10
2025-11-30T12:54:45.910860+01:00 esp32 Main: Received motor move
2025-11-30T12:54:45.922805+01:00 esp32 Protocol: Motor DX: 133 1.000000, SX: 0 1.000000
2025-11-30T12:54:45.924714+01:00 esp32 Protocol: Parsed header. Millis 121199 Type: 0 Size: 10
2025-11-30T12:54:45.926690+01:00 esp32 Main: Received motor move
2025-11-30T12:54:45.938747+01:00 esp32 Protocol: Motor DX: 0 1.000000, SX: 0 1.000000
2025-11-30T12:54:46.166095+01:00 esp32 Protocol: Parsed header. Millis 121499 Type: 0 Size: 10
2025-11-30T12:54:46.168798+01:00 esp32 Main: Received motor move
2025-11-30T12:54:46.180947+01:00 esp32 Protocol: Motor DX: 3 1.000000, SX: 0 1.000000
2025-11-30T12:54:46.402495+01:00 esp32 Protocol: Parsed header. Millis 121599 Type: 0 Size: 10
2025-11-30T12:54:46.404698+01:00 esp32 Main: Received motor move
2025-11-30T12:54:46.417788+01:00 esp32 Protocol: Motor DX: 148 1.000000, SX: 0 1.000000
2025-11-30T12:54:46.419732+01:00 esp32 Protocol: Parsed header. Millis 121699 Type: 0 Size: 10
2025-11-30T12:54:46.422697+01:00 esp32 Main: Received motor move
2025-11-30T12:54:46.438743+01:00 esp32 Protocol: Motor DX: 255 1.000000, SX: 0 1.000000
2025-11-30T12:54:46.617937+01:00 esp32 Main: Battery: 16 , 13073 mV, 2384 raw
2025-11-30T12:54:46.626874+01:00 esp32 Protocol: Wifi 1, Server: 1, Latest millis: 121699, Used: 0, Read header: 0, Sensors count: 0
2025-11-30T12:54:46.812233+01:00 esp32 Protocol: Parsed header. Millis 122100 Type: 0 Size: 10
2025-11-30T12:54:46.820419+01:00 esp32 Main: Received motor move
2025-11-30T12:54:46.827978+01:00 esp32 Protocol: Motor DX: 151 1.000000, SX: 0 1.000000
2025-11-30T12:54:46.915700+01:00 esp32 Protocol: Parsed header. Millis 122200 Type: 0 Size: 10
2025-11-30T12:54:46.916019+01:00 esp32 Main: Received motor move
2025-11-30T12:54:46.916019+01:00 esp32 Protocol: Motor DX: 0 1.000000, SX: 0 1.000000
2025-11-30T12:54:47.168124+01:00 esp32 Protocol: Parsed header. Millis 122500 Type: 0 Size: 10
2025-11-30T12:54:47.170740+01:00 esp32 Main: Received motor move
2025-11-30T12:54:47.182810+01:00 esp32 Protocol: Motor DX: 255 1.000000, SX: 0 1.000000
2025-11-30T12:54:47.735118+01:00 esp32 Protocol: Parsed header. Millis 123001 Type: 0 Size: 10
2025-11-30T12:54:47.739240+01:00 esp32 Main: Received motor move
2025-11-30T12:54:47.745737+01:00 esp32 Protocol: Motor DX: 102 1.000000, SX: 0 1.000000
2025-11-30T12:54:47.902013+01:00 esp32 Protocol: Parsed header. Millis 123101 Type: 0 Size: 10
2025-11-30T12:54:47.903715+01:00 esp32 Main: Received motor move
2025-11-30T12:54:47.921727+01:00 esp32 Protocol: Motor DX: 255 1.000000, SX: 0 1.000000
2025-11-30T12:54:48.155331+01:00 esp32 Protocol: Parsed header. Millis 123301 Type: 0 Size: 10
2025-11-30T12:54:48.155754+01:00 esp32 Main: Received motor move
2025-11-30T12:54:48.169740+01:00 esp32 Protocol: Motor DX: 123 1.000000, SX: 0 1.000000
2025-11-30T12:54:48.173398+01:00 esp32 Protocol: Parsed header. Millis 123401 Type: 0 Size: 10
2025-11-30T12:54:48.175660+01:00 esp32 Main: Received motor move
2025-11-30T12:54:48.178729+01:00 esp32 Protocol: Motor DX: 0 1.000000, SX: 0 1.000000
2025-11-30T12:54:48.401370+01:00 esp32 Protocol: Parsed header. Millis 123601 Type: 0 Size: 10
2025-11-30T12:54:48.405763+01:00 esp32 Main: Received motor move
2025-11-30T12:54:48.407842+01:00 esp32 Protocol: Motor DX: 255 1.000000, SX: 0 1.000000
2025-11-30T12:54:48.661678+01:00 esp32 Protocol: Parsed header. Millis 123901 Type: 0 Size: 10
2025-11-30T12:54:48.662100+01:00 esp32 Main: Received motor move
2025-11-30T12:54:48.673840+01:00 esp32 Protocol: Motor DX: 212 1.000000, SX: 0 1.000000
2025-11-30T12:54:48.909625+01:00 esp32 Protocol: Parsed header. Millis 124001 Type: 0 Size: 10
2025-11-30T12:54:48.911726+01:00 esp32 Main: Received motor move
2025-11-30T12:54:48.915718+01:00 esp32 Protocol: Motor DX: 0 1.000000, SX: 0 1.000000
2025-11-30T12:54:56.614354+01:00 esp32 Main: Battery: 20 , 13249 mV, 2416 raw
2025-11-30T12:54:56.627131+01:00 esp32 Protocol: Wifi 1, Server: 1, Latest millis: 124001, Used: 0, Read header: 0, Sensors count: 0
2025-11-30T12:55:06.614403+01:00 esp32 Main: Battery: 20 , 13337 mV, 2417 raw
2025-11-30T12:55:06.627009+01:00 esp32 Protocol: Wifi 1, Server: 1, Latest millis: 124001, Used: 0, Read header: 0, Sensors count: 0
2025-11-30T12:55:16.617713+01:00 esp32 Main: Battery: 20 , 13332 mV, 2400 raw
2025-11-30T12:55:16.627792+01:00 esp32 Protocol: Wifi 1, Server: 1, Latest millis: 124001, Used: 0, Read header: 0, Sensors count: 0
2025-11-30T12:56:10.180323+01:00 esp32 Protocol: Connected to WiFi
2025-11-30T12:56:10.188628+01:00 esp32 Protocol: Connected to server
2025-11-30T12:56:10.194448+01:00 esp32 Motor: INIT MOTORS - START
2025-11-30T12:56:10.206473+01:00 esp32 Motor: INIT MOTORS - END
2025-11-30T12:56:10.208295+01:00 esp32 Main: INIT I2C
2025-11-30T12:56:12.155014+01:00 esp32 Main: Battery: 28 , 13691 mV, 2480 raw
2025-11-30T12:56:12.168430+01:00 esp32 Protocol: Wifi 1, Server: 1, Latest millis: 0, Used: 0, Read header: 0, Sensors count: 0
2025-11-30T12:56:12.182677+01:00 esp32 Protocol: Parsed header. Millis 0 Type: 0 Size: 10
2025-11-30T12:56:12.197735+01:00 esp32 Main: Received motor move
2025-11-30T12:56:12.200316+01:00 esp32 Protocol: Motor DX: 30 1.000000, SX: 11 -1.000000
2025-11-30T12:56:12.237557+01:00 esp32 Protocol: Parsed header. Millis 100 Type: 0 Size: 10
2025-11-30T12:56:12.239362+01:00 esp32 Main: Received motor move
2025-11-30T12:56:12.251496+01:00 esp32 Protocol: Motor DX: 30 1.000000, SX: 19 -1.000000
2025-11-30T12:56:12.253419+01:00 esp32 Protocol: Parsed header. Millis 200 Type: 0 Size: 10
2025-11-30T12:56:12.256336+01:00 esp32 Main: Received motor move
2025-11-30T12:56:12.268370+01:00 esp32 Protocol: Motor DX: 16 1.000000, SX: 33 -1.000000
2025-11-30T12:56:12.271384+01:00 esp32 Protocol: Parsed header. Millis 300 Type: 0 Size: 10
2025-11-30T12:56:12.275588+01:00 esp32 Main: Received motor move
2025-11-30T12:56:12.286419+01:00 esp32 Protocol: Motor DX: 16 1.000000, SX: 37 -1.000000
2025-11-30T12:56:12.289316+01:00 esp32 Protocol: Parsed header. Millis 400 Type: 0 Size: 10
2025-11-30T12:56:12.293364+01:00 esp32 Main: Received motor move
2025-11-30T12:56:12.295345+01:00 esp32 Protocol: Motor DX: 18 1.000000, SX: 35 -1.000000
2025-11-30T12:56:12.309754+01:00 esp32 Protocol: Parsed header. Millis 500 Type: 0 Size: 10
2025-11-30T12:56:12.311390+01:00 esp32 Main: Received motor move
2025-11-30T12:56:12.314513+01:00 esp32 Protocol: Motor DX: 22 1.000000, SX: 31 -1.000000
2025-11-30T12:56:12.326481+01:00 esp32 Protocol: Parsed header. Millis 601 Type: 0 Size: 10
2025-11-30T12:56:12.329439+01:00 esp32 Main: Received motor move
2025-11-30T12:56:12.331447+01:00 esp32 Protocol: Motor DX: 36 1.000000, SX: 17 -1.000000
2025-11-30T12:56:12.344821+01:00 esp32 Protocol: Parsed header. Millis 701 Type: 0 Size: 10
2025-11-30T12:56:12.346334+01:00 esp32 Main: Received motor move
2025-11-30T12:56:12.348348+01:00 esp32 Protocol: Motor DX: 28 1.000000, SX: 21 -1.000000
2025-11-30T12:56:12.360422+01:00 esp32 Protocol: Parsed header. Millis 801 Type: 0 Size: 10
2025-11-30T12:56:12.364298+01:00 esp32 Main: Received motor move
2025-11-30T12:56:12.367583+01:00 esp32 Protocol: Motor DX: 32 1.000000, SX: 17 -1.000000
2025-11-30T12:56:12.379333+01:00 esp32 Protocol: Parsed header. Millis 901 Type: 0 Size: 10
2025-11-30T12:56:12.383297+01:00 esp32 Main: Received motor move
2025-11-30T12:56:12.388385+01:00 esp32 Protocol: Motor DX: 26 1.000000, SX: 19 -1.000000
2025-11-30T12:56:12.390337+01:00 esp32 Protocol: Parsed header. Millis 1001 Type: 0 Size: 10
2025-11-30T12:56:12.402443+01:00 esp32 Main: Received motor move
2025-11-30T12:56:12.405389+01:00 esp32 Protocol: Motor DX: 12 1.000000, SX: 21 -1.000000
2025-11-30T12:56:12.413490+01:00 esp32 Protocol: Parsed header. Millis 1101 Type: 0 Size: 10
2025-11-30T12:56:12.425425+01:00 esp32 Main: Received motor move
2025-11-30T12:56:12.425425+01:00 esp32 Protocol: Motor DX: 0 1.000000, SX: 2 1.000000
2025-11-30T12:56:12.429354+01:00 esp32 Protocol: Parsed header. Millis 1501 Type: 0 Size: 10
2025-11-30T12:56:12.429970+01:00 esp32 Main: Received motor move
2025-11-30T12:56:12.452054+01:00 esp32 Protocol: Motor DX: 6 1.000000, SX: 8 1.000000
2025-11-30T12:56:12.727689+01:00 esp32 Protocol: Parsed header. Millis 1602 Type: 0 Size: 10
2025-11-30T12:56:12.731904+01:00 esp32 Main: Received motor move
2025-11-30T12:56:12.741433+01:00 esp32 Protocol: Motor DX: 0 1.000000, SX: 2 1.000000
2025-11-30T12:56:12.745967+01:00 esp32 Protocol: Parsed header. Millis 1702 Type: 0 Size: 10
2025-11-30T12:56:34.155661+01:00 esp32 Protocol: Connected to WiFi
2025-11-30T12:56:34.162326+01:00 esp32 Protocol: Connected to server
2025-11-30T12:56:50.302145+01:00 esp32 Protocol: Connected to WiFi
2025-11-30T12:56:50.317755+01:00 esp32 Protocol: Failed to connect to server
2025-11-30T12:57:14.861213+01:00 esp32 Protocol: Connected to WiFi
2025-11-30T12:57:14.866462+01:00 esp32 Protocol: Connected to server
2025-11-30T12:57:14.868556+01:00 esp32 Motor: INIT MOTORS - START
2025-11-30T12:57:14.883318+01:00 esp32 Motor: INIT MOTORS - END
2025-11-30T12:57:14.889144+01:00 esp32 Main: INIT I2C
2025-11-30T12:57:16.835078+01:00 esp32 Main: Battery: 22 , 13337 mV, 2432 raw
2025-11-30T12:57:16.851996+01:00 esp32 Protocol: Wifi 1, Server: 1, Latest millis: 0, Used: 0, Read header: 0, Sensors count: 0
2025-11-30T12:57:16.859404+01:00 esp32 Protocol: Parsed header. Millis 0 Type: 0 Size: 10
2025-11-30T12:57:16.874044+01:00 esp32 Main: Received motor move
2025-11-30T12:57:16.876054+01:00 esp32 Protocol: Motor DX: 0 0.000000, SX: 0 0.000000
2025-11-30T12:57:21.128861+01:00 esp32 Protocol: Parsed header. Millis 6204 Type: 0 Size: 10
2025-11-30T12:57:21.130166+01:00 esp32 Main: Received motor move
2025-11-30T12:57:21.143083+01:00 esp32 Protocol: Motor DX: 7 1.000000, SX: 7 1.000000
2025-11-30T12:57:21.366450+01:00 esp32 Protocol: Parsed header. Millis 6304 Type: 0 Size: 10
2025-11-30T12:57:21.368125+01:00 esp32 Main: Received motor move
2025-11-30T12:57:21.380112+01:00 esp32 Protocol: Motor DX: 41 1.000000, SX: 41 1.000000
2025-11-30T12:57:21.385085+01:00 esp32 Protocol: Parsed header. Millis 6405 Type: 0 Size: 10
2025-11-30T12:57:21.387047+01:00 esp32 Main: Received motor move
2025-11-30T12:57:21.400134+01:00 esp32 Protocol: Motor DX: 65 1.000000, SX: 65 1.000000
2025-11-30T12:57:21.609357+01:00 esp32 Protocol: Parsed header. Millis 6505 Type: 0 Size: 10
2025-11-30T12:57:21.611114+01:00 esp32 Main: Received motor move
2025-11-30T12:57:21.624196+01:00 esp32 Protocol: Motor DX: 78 1.000000, SX: 92 1.000000
2025-11-30T12:57:21.628196+01:00 esp32 Protocol: Parsed header. Millis 6605 Type: 0 Size: 10
2025-11-30T12:57:21.630513+01:00 esp32 Main: Received motor move
2025-11-30T12:57:21.649711+01:00 esp32 Protocol: Motor DX: 66 1.000000, SX: 72 1.000000
2025-11-30T12:57:21.649711+01:00 esp32 Protocol: Parsed header. Millis 6705 Type: 0 Size: 10
2025-11-30T12:57:21.649938+01:00 esp32 Main: Received motor move
2025-11-30T12:57:21.654079+01:00 esp32 Protocol: Motor DX: 0 1.000000, SX: 2 1.000000
2025-11-30T12:57:22.250304+01:00 esp32 Protocol: Parsed header. Millis 7205 Type: 0 Size: 10
2025-11-30T12:57:22.252013+01:00 esp32 Main: Received motor move
2025-11-30T12:57:22.264159+01:00 esp32 Protocol: Motor DX: 34 1.000000, SX: 36 1.000000
2025-11-30T12:57:22.367329+01:00 esp32 Protocol: Parsed header. Millis 7306 Type: 0 Size: 10
2025-11-30T12:57:22.370003+01:00 esp32 Main: Received motor move
2025-11-30T12:57:22.383027+01:00 esp32 Protocol: Motor DX: 116 1.000000, SX: 110 1.000000
2025-11-30T12:57:22.386003+01:00 esp32 Protocol: Parsed header. Millis 7406 Type: 0 Size: 10
2025-11-30T12:57:22.390052+01:00 esp32 Main: Received motor move
2025-11-30T12:57:22.393012+01:00 esp32 Protocol: Motor DX: 124 1.000000, SX: 118 1.000000
2025-11-30T12:57:22.617373+01:00 esp32 Protocol: Parsed header. Millis 7506 Type: 0 Size: 10
2025-11-30T12:57:22.619025+01:00 esp32 Main: Received motor move
2025-11-30T12:57:22.632203+01:00 esp32 Protocol: Motor DX: 120 1.000000, SX: 114 1.000000
2025-11-30T12:57:22.634990+01:00 esp32 Protocol: Parsed header. Millis 7706 Type: 0 Size: 10
2025-11-30T12:57:22.638011+01:00 esp32 Main: Received motor move
2025-11-30T12:57:22.650960+01:00 esp32 Protocol: Motor DX: 122 1.000000, SX: 116 1.000000
2025-11-30T12:57:22.861490+01:00 esp32 Protocol: Parsed header. Millis 7806 Type: 0 Size: 10
2025-11-30T12:57:22.864011+01:00 esp32 Main: Received motor move
2025-11-30T12:57:22.868044+01:00 esp32 Protocol: Motor DX: 116 1.000000, SX: 110 1.000000
2025-11-30T12:57:22.889919+01:00 esp32 Protocol: Parsed header. Millis 7906 Type: 0 Size: 10
2025-11-30T12:57:22.889919+01:00 esp32 Main: Received motor move
2025-11-30T12:57:22.889985+01:00 esp32 Protocol: Motor DX: 124 1.000000, SX: 102 1.000000
2025-11-30T12:57:23.109476+01:00 esp32 Protocol: Parsed header. Millis 8006 Type: 0 Size: 10
2025-11-30T12:57:23.114119+01:00 esp32 Main: Received motor move
2025-11-30T12:57:23.117044+01:00 esp32 Protocol: Motor DX: 128 1.000000, SX: 70 1.000000
2025-11-30T12:57:23.130394+01:00 esp32 Protocol: Parsed header. Millis 8106 Type: 0 Size: 10
2025-11-30T12:57:23.130770+01:00 esp32 Main: Received motor move
2025-11-30T12:57:23.133102+01:00 esp32 Protocol: Motor DX: 136 1.000000, SX: 54 1.000000
2025-11-30T12:57:23.145177+01:00 esp32 Protocol: Parsed header. Millis 8206 Type: 0 Size: 10
2025-11-30T12:57:23.147069+01:00 esp32 Main: Received motor move
2025-11-30T12:57:23.160063+01:00 esp32 Protocol: Motor DX: 142 1.000000, SX: 8 1.000000
2025-11-30T12:57:23.368025+01:00 esp32 Protocol: Parsed header. Millis 8306 Type: 0 Size: 10
2025-11-30T12:57:23.375136+01:00 esp32 Main: Received motor move
2025-11-30T12:57:23.375360+01:00 esp32 Protocol: Motor DX: 148 1.000000, SX: 29 -1.000000
2025-11-30T12:57:23.387378+01:00 esp32 Protocol: Parsed header. Millis 8407 Type: 0 Size: 10
2025-11-30T12:57:23.390260+01:00 esp32 Main: Received motor move
2025-11-30T12:57:23.392162+01:00 esp32 Protocol: Motor DX: 152 1.000000, SX: 69 -1.000000
2025-11-30T12:57:23.609321+01:00 esp32 Protocol: Parsed header. Millis 8507 Type: 0 Size: 10
2025-11-30T12:57:23.613900+01:00 esp32 Main: Received motor move
2025-11-30T12:57:23.616080+01:00 esp32 Protocol: Motor DX: 158 1.000000, SX: 99 -1.000000
2025-11-30T12:57:23.632047+01:00 esp32 Protocol: Parsed header. Millis 8607 Type: 0 Size: 10
2025-11-30T12:57:23.637059+01:00 esp32 Main: Received motor move
2025-11-30T12:57:23.640252+01:00 esp32 Protocol: Motor DX: 168 1.000000, SX: 145 -1.000000
2025-11-30T12:57:23.652026+01:00 esp32 Protocol: Parsed header. Millis 8707 Type: 0 Size: 10
2025-11-30T12:57:23.655149+01:00 esp32 Main: Received motor move
2025-11-30T12:57:23.657161+01:00 esp32 Protocol: Motor DX: 182 1.000000, SX: 179 -1.000000
2025-11-30T12:57:23.866363+01:00 esp32 Protocol: Parsed header. Millis 8807 Type: 0 Size: 10
2025-11-30T12:57:23.868054+01:00 esp32 Main: Received motor move
2025-11-30T12:57:23.880075+01:00 esp32 Protocol: Motor DX: 190 1.000000, SX: 195 -1.000000
2025-11-30T12:57:23.883235+01:00 esp32 Protocol: Parsed header. Millis 8907 Type: 0 Size: 10
2025-11-30T12:57:23.885184+01:00 esp32 Main: Received motor move
2025-11-30T12:57:23.900287+01:00 esp32 Protocol: Motor DX: 192 1.000000, SX: 201 -1.000000
2025-11-30T12:57:24.112517+01:00 esp32 Protocol: Parsed header. Millis 9007 Type: 0 Size: 10
2025-11-30T12:57:24.114245+01:00 esp32 Main: Received motor move
2025-11-30T12:57:24.120290+01:00 esp32 Protocol: Motor DX: 130 1.000000, SX: 123 -1.000000
2025-11-30T12:57:24.132448+01:00 esp32 Protocol: Parsed header. Millis 9107 Type: 0 Size: 10
2025-11-30T12:57:24.135415+01:00 esp32 Main: Received motor move
2025-11-30T12:57:24.139218+01:00 esp32 Protocol: Motor DX: 20 1.000000, SX: 1 -1.000000
2025-11-30T12:57:24.151263+01:00 esp32 Protocol: Parsed header. Millis 9207 Type: 0 Size: 10
2025-11-30T12:57:24.153142+01:00 esp32 Main: Received motor move
2025-11-30T12:57:24.155167+01:00 esp32 Protocol: Motor DX: 38 1.000000, SX: 35 -1.000000
2025-11-30T12:57:24.367332+01:00 esp32 Protocol: Parsed header. Millis 9307 Type: 0 Size: 10
2025-11-30T12:57:24.369228+01:00 esp32 Main: Received motor move
2025-11-30T12:57:24.383072+01:00 esp32 Protocol: Motor DX: 82 1.000000, SX: 103 -1.000000
2025-11-30T12:57:24.386088+01:00 esp32 Protocol: Parsed header. Millis 9407 Type: 0 Size: 10
2025-11-30T12:57:24.388084+01:00 esp32 Main: Received motor move
2025-11-30T12:57:24.401304+01:00 esp32 Protocol: Motor DX: 92 1.000000, SX: 133 -1.000000
2025-11-30T12:57:24.617306+01:00 esp32 Protocol: Parsed header. Millis 9508 Type: 0 Size: 10
2025-11-30T12:57:24.619982+01:00 esp32 Main: Received motor move
2025-11-30T12:57:24.633041+01:00 esp32 Protocol: Motor DX: 16 -1.000000, SX: 81 -1.000000
2025-11-30T12:57:24.637786+01:00 esp32 Protocol: Parsed header. Millis 9608 Type: 0 Size: 10
2025-11-30T12:57:24.639918+01:00 esp32 Main: Received motor move
2025-11-30T12:57:24.642928+01:00 esp32 Protocol: Motor DX: 6 -1.000000, SX: 0 1.000000
2025-11-30T12:57:24.655164+01:00 esp32 Protocol: Parsed header. Millis 9708 Type: 0 Size: 10
2025-11-30T12:57:24.657176+01:00 esp32 Main: Received motor move
2025-11-30T12:57:24.659041+01:00 esp32 Protocol: Motor DX: 0 1.000000, SX: 2 1.000000
2025-11-30T12:57:25.124617+01:00 esp32 Protocol: Parsed header. Millis 10208 Type: 0 Size: 10
2025-11-30T12:57:25.128067+01:00 esp32 Main: Received motor move
2025-11-30T12:57:25.133181+01:00 esp32 Protocol: Motor DX: 46 1.000000, SX: 99 -1.000000
2025-11-30T12:57:25.366445+01:00 esp32 Protocol: Parsed header. Millis 10308 Type: 0 Size: 10
2025-11-30T12:57:25.369042+01:00 esp32 Main: Received motor move
2025-11-30T12:57:25.382230+01:00 esp32 Protocol: Motor DX: 88 1.000000, SX: 177 -1.000000
2025-11-30T12:57:25.384067+01:00 esp32 Protocol: Parsed header. Millis 10408 Type: 0 Size: 10
2025-11-30T12:57:25.386116+01:00 esp32 Main: Received motor move
2025-11-30T12:57:25.398135+01:00 esp32 Protocol: Motor DX: 48 1.000000, SX: 121 -1.000000
2025-11-30T12:57:25.616362+01:00 esp32 Protocol: Parsed header. Millis 10508 Type: 0 Size: 10
2025-11-30T12:57:25.618042+01:00 esp32 Main: Received motor move
2025-11-30T12:57:25.630132+01:00 esp32 Protocol: Motor DX: 44 -1.000000, SX: 18 1.000000
2025-11-30T12:57:25.632219+01:00 esp32 Protocol: Parsed header. Millis 10608 Type: 0 Size: 10
2025-11-30T12:57:25.634031+01:00 esp32 Main: Received motor move
2025-11-30T12:57:25.647179+01:00 esp32 Protocol: Motor DX: 194 -1.000000, SX: 255 1.000000
2025-11-30T12:57:25.649111+01:00 esp32 Protocol: Parsed header. Millis 10709 Type: 0 Size: 10
2025-11-30T12:57:25.661941+01:00 esp32 Main: Received motor move
2025-11-30T12:57:25.664015+01:00 esp32 Protocol: Motor DX: 187 -1.000000, SX: 255 1.000000
2025-11-30T12:57:25.868418+01:00 esp32 Protocol: Parsed header. Millis 10909 Type: 0 Size: 10
2025-11-30T12:57:25.870040+01:00 esp32 Main: Received motor move
2025-11-30T12:57:25.882507+01:00 esp32 Protocol: Motor DX: 191 -1.000000, SX: 255 1.000000
2025-11-30T12:57:26.110347+01:00 esp32 Protocol: Parsed header. Millis 11009 Type: 0 Size: 10
2025-11-30T12:57:26.113009+01:00 esp32 Main: Received motor move
2025-11-30T12:57:26.126237+01:00 esp32 Protocol: Motor DX: 216 -1.000000, SX: 255 1.000000
2025-11-30T12:57:26.128021+01:00 esp32 Protocol: Parsed header. Millis 11109 Type: 0 Size: 10
2025-11-30T12:57:26.129994+01:00 esp32 Main: Received motor move
2025-11-30T12:57:26.142321+01:00 esp32 Protocol: Motor DX: 0 1.000000, SX: 2 1.000000
2025-11-30T12:57:26.762374+01:00 esp32 Protocol: Parsed header. Millis 11809 Type: 0 Size: 10
2025-11-30T12:57:26.767572+01:00 esp32 Main: Received motor move
2025-11-30T12:57:26.768988+01:00 esp32 Protocol: Motor DX: 168 1.000000, SX: 209 -1.000000
2025-11-30T12:57:26.823886+01:00 esp32 Main: Battery: 13 , 13067 mV, 2368 raw
2025-11-30T12:57:26.840223+01:00 esp32 Protocol: Wifi 1, Server: 1, Latest millis: 11809, Used: 0, Read header: 0, Sensors count: 0
2025-11-30T12:57:26.859288+01:00 esp32 Protocol: Parsed header. Millis 11909 Type: 0 Size: 10
2025-11-30T12:57:26.863027+01:00 esp32 Main: Received motor move
2025-11-30T12:57:26.875348+01:00 esp32 Protocol: Motor DX: 210 1.000000, SX: 255 -1.000000
2025-11-30T12:57:27.111301+01:00 esp32 Protocol: Parsed header. Millis 12010 Type: 0 Size: 10
2025-11-30T12:57:27.114128+01:00 esp32 Main: Received motor move
2025-11-30T12:57:27.117232+01:00 esp32 Protocol: Motor DX: 202 1.000000, SX: 255 -1.000000
2025-11-30T12:57:27.129197+01:00 esp32 Protocol: Parsed header. Millis 12110 Type: 0 Size: 10
2025-11-30T12:57:27.133050+01:00 esp32 Main: Received motor move
2025-11-30T12:57:27.136214+01:00 esp32 Protocol: Motor DX: 0 1.000000, SX: 2 1.000000
2025-11-30T12:57:28.093410+01:00 esp32 Protocol: Parsed header. Millis 13110 Type: 0 Size: 10
2025-11-30T12:57:28.097742+01:00 esp32 Main: Received motor move
2025-11-30T12:57:28.109038+01:00 esp32 Protocol: Motor DX: 60 1.000000, SX: 62 1.000000
2025-11-30T12:57:28.124396+01:00 esp32 Protocol: Parsed header. Millis 13211 Type: 0 Size: 10
2025-11-30T12:57:28.126055+01:00 esp32 Main: Received motor move
2025-11-30T12:57:28.142409+01:00 esp32 Protocol: Motor DX: 152 1.000000, SX: 154 1.000000
2025-11-30T12:57:28.367024+01:00 esp32 Protocol: Parsed header. Millis 13311 Type: 0 Size: 10
2025-11-30T12:57:28.368106+01:00 esp32 Main: Received motor move
2025-11-30T12:57:28.380148+01:00 esp32 Protocol: Motor DX: 255 1.000000, SX: 252 1.000000
2025-11-30T12:57:28.384066+01:00 esp32 Protocol: Parsed header. Millis 13411 Type: 0 Size: 10
2025-11-30T12:57:28.388056+01:00 esp32 Main: Received motor move
2025-11-30T12:57:28.392140+01:00 esp32 Protocol: Motor DX: 255 1.000000, SX: 230 1.000000
2025-11-30T12:57:28.621328+01:00 esp32 Protocol: Parsed header. Millis 13511 Type: 0 Size: 10
2025-11-30T12:57:28.623014+01:00 esp32 Main: Received motor move
2025-11-30T12:57:28.637570+01:00 esp32 Protocol: Motor DX: 255 1.000000, SX: 228 1.000000
2025-11-30T12:57:28.641069+01:00 esp32 Protocol: Parsed header. Millis 13611 Type: 0 Size: 10
2025-11-30T12:57:28.644316+01:00 esp32 Main: Received motor move
2025-11-30T12:57:28.656142+01:00 esp32 Protocol: Motor DX: 255 1.000000, SX: 226 1.000000
2025-11-30T12:57:28.658037+01:00 esp32 Protocol: Parsed header. Millis 13711 Type: 0 Size: 10
2025-11-30T12:57:28.660006+01:00 esp32 Main: Received motor move
2025-11-30T12:57:28.673107+01:00 esp32 Protocol: Motor DX: 236 1.000000, SX: 202 1.000000
2025-11-30T12:57:28.862255+01:00 esp32 Protocol: Parsed header. Millis 13811 Type: 0 Size: 10
2025-11-30T12:57:28.864005+01:00 esp32 Main: Received motor move
2025-11-30T12:57:28.877215+01:00 esp32 Protocol: Motor DX: 2 -1.000000, SX: 4 1.000000
2025-11-30T12:57:28.879126+01:00 esp32 Protocol: Parsed header. Millis 13911 Type: 0 Size: 10
2025-11-30T12:57:28.882190+01:00 esp32 Main: Received motor move
2025-11-30T12:57:28.886129+01:00 esp32 Protocol: Motor DX: 0 1.000000, SX: 2 1.000000
2025-11-30T12:57:29.118286+01:00 esp32 Protocol: Parsed header. Millis 14011 Type: 0 Size: 10
2025-11-30T12:57:29.123043+01:00 esp32 Main: Received motor move
2025-11-30T12:57:29.132159+01:00 esp32 Protocol: Motor DX: 48 -1.000000, SX: 29 -1.000000
2025-11-30T12:57:29.134140+01:00 esp32 Protocol: Parsed header. Millis 14111 Type: 0 Size: 10
2025-11-30T12:57:29.136222+01:00 esp32 Main: Received motor move
2025-11-30T12:57:29.149161+01:00 esp32 Protocol: Motor DX: 255 -1.000000, SX: 229 -1.000000
2025-11-30T12:57:29.152119+01:00 esp32 Protocol: Parsed header. Millis 14212 Type: 0 Size: 10
2025-11-30T12:57:29.155223+01:00 esp32 Main: Received motor move
2025-11-30T12:57:29.169158+01:00 esp32 Protocol: Motor DX: 255 -1.000000, SX: 227 -1.000000
2025-11-30T12:57:29.732600+01:00 esp32 Protocol: Parsed header. Millis 14812 Type: 0 Size: 10
2025-11-30T12:57:29.740790+01:00 esp32 Main: Received motor move
2025-11-30T12:57:29.747286+01:00 esp32 Protocol: Motor DX: 255 -1.000000, SX: 229 -1.000000
2025-11-30T12:57:29.860674+01:00 esp32 Protocol: Parsed header. Millis 14912 Type: 0 Size: 10
2025-11-30T12:57:29.865168+01:00 esp32 Main: Received motor move
2025-11-30T12:57:29.867235+01:00 esp32 Protocol: Motor DX: 255 -1.000000, SX: 197 -1.000000
2025-11-30T12:57:30.117448+01:00 esp32 Protocol: Parsed header. Millis 15012 Type: 0 Size: 10
2025-11-30T12:57:30.119258+01:00 esp32 Main: Received motor move
2025-11-30T12:57:30.132753+01:00 esp32 Protocol: Motor DX: 255 -1.000000, SX: 11 -1.000000
2025-11-30T12:57:30.136293+01:00 esp32 Protocol: Parsed header. Millis 15112 Type: 0 Size: 10
2025-11-30T12:57:30.139356+01:00 esp32 Main: Received motor move
2025-11-30T12:57:30.152233+01:00 esp32 Protocol: Motor DX: 255 -1.000000, SX: 166 1.000000
2025-11-30T12:57:30.157288+01:00 esp32 Protocol: Parsed header. Millis 15212 Type: 0 Size: 10
2025-11-30T12:57:30.159078+01:00 esp32 Main: Received motor move
2025-11-30T12:57:30.171296+01:00 esp32 Protocol: Motor DX: 255 -1.000000, SX: 214 1.000000
2025-11-30T12:57:30.367561+01:00 esp32 Protocol: Parsed header. Millis 15312 Type: 0 Size: 10
2025-11-30T12:57:30.369223+01:00 esp32 Main: Received motor move
2025-11-30T12:57:30.381244+01:00 esp32 Protocol: Motor DX: 253 -1.000000, SX: 255 1.000000
2025-11-30T12:57:30.384096+01:00 esp32 Protocol: Parsed header. Millis 15413 Type: 0 Size: 10
2025-11-30T12:57:30.387238+01:00 esp32 Main: Received motor move
2025-11-30T12:57:30.393195+01:00 esp32 Protocol: Motor DX: 235 -1.000000, SX: 255 1.000000
2025-11-30T12:57:30.617534+01:00 esp32 Protocol: Parsed header. Millis 15513 Type: 0 Size: 10
2025-11-30T12:57:30.619043+01:00 esp32 Main: Received motor move
2025-11-30T12:57:30.632196+01:00 esp32 Protocol: Motor DX: 219 -1.000000, SX: 255 1.000000
2025-11-30T12:57:30.635228+01:00 esp32 Protocol: Parsed header. Millis 15613 Type: 0 Size: 10
2025-11-30T12:57:30.638235+01:00 esp32 Main: Received motor move
2025-11-30T12:57:30.650166+01:00 esp32 Protocol: Motor DX: 179 -1.000000, SX: 255 1.000000
2025-11-30T12:57:30.652146+01:00 esp32 Protocol: Parsed header. Millis 15713 Type: 0 Size: 10
2025-11-30T12:57:30.658297+01:00 esp32 Main: Received motor move
2025-11-30T12:57:30.671162+01:00 esp32 Protocol: Motor DX: 173 -1.000000, SX: 255 1.000000
2025-11-30T12:57:30.867386+01:00 esp32 Protocol: Parsed header. Millis 15813 Type: 0 Size: 10
2025-11-30T12:57:30.870195+01:00 esp32 Main: Received motor move
2025-11-30T12:57:30.875270+01:00 esp32 Protocol: Motor DX: 179 -1.000000, SX: 255 1.000000
2025-11-30T12:57:30.889195+01:00 esp32 Protocol: Parsed header. Millis 15913 Type: 0 Size: 10
2025-11-30T12:57:30.892240+01:00 esp32 Main: Received motor move
2025-11-30T12:57:30.894156+01:00 esp32 Protocol: Motor DX: 175 -1.000000, SX: 255 1.000000
2025-11-30T12:57:31.118550+01:00 esp32 Protocol: Parsed header. Millis 16013 Type: 0 Size: 10
2025-11-30T12:57:31.120051+01:00 esp32 Main: Received motor move
2025-11-30T12:57:31.133044+01:00 esp32 Protocol: Motor DX: 169 -1.000000, SX: 255 1.000000
2025-11-30T12:57:31.135124+01:00 esp32 Protocol: Parsed header. Millis 16113 Type: 0 Size: 10
2025-11-30T12:57:31.141044+01:00 esp32 Main: Received motor move
2025-11-30T12:57:31.143022+01:00 esp32 Protocol: Motor DX: 197 1.000000, SX: 255 1.000000
2025-11-30T12:57:31.156327+01:00 esp32 Protocol: Parsed header. Millis 16213 Type: 0 Size: 10
2025-11-30T12:57:31.158088+01:00 esp32 Main: Received motor move
2025-11-30T12:57:31.163059+01:00 esp32 Protocol: Motor DX: 255 1.000000, SX: 162 1.000000
2025-11-30T12:57:31.367378+01:00 esp32 Protocol: Parsed header. Millis 16313 Type: 0 Size: 10
2025-11-30T12:57:31.369172+01:00 esp32 Main: Received motor move
2025-11-30T12:57:31.381100+01:00 esp32 Protocol: Motor DX: 255 1.000000, SX: 148 1.000000
2025-11-30T12:57:31.383028+01:00 esp32 Protocol: Parsed header. Millis 16413 Type: 0 Size: 10
2025-11-30T12:57:31.385160+01:00 esp32 Main: Received motor move
2025-11-30T12:57:31.398042+01:00 esp32 Protocol: Motor DX: 255 1.000000, SX: 138 1.000000
2025-11-30T12:57:31.617069+01:00 esp32 Protocol: Parsed header. Millis 16513 Type: 0 Size: 10
2025-11-30T12:57:31.618085+01:00 esp32 Main: Received motor move
2025-11-30T12:57:31.630123+01:00 esp32 Protocol: Motor DX: 255 1.000000, SX: 116 1.000000
2025-11-30T12:57:31.634046+01:00 esp32 Protocol: Parsed header. Millis 16614 Type: 0 Size: 10
2025-11-30T12:57:31.636157+01:00 esp32 Main: Received motor move
2025-11-30T12:57:31.648103+01:00 esp32 Protocol: Motor DX: 255 1.000000, SX: 80 1.000000
2025-11-30T12:57:31.650083+01:00 esp32 Protocol: Parsed header. Millis 16714 Type: 0 Size: 10
2025-11-30T12:57:31.653061+01:00 esp32 Main: Received motor move
2025-11-30T12:57:31.665816+01:00 esp32 Protocol: Motor DX: 255 1.000000, SX: 92 1.000000
2025-11-30T12:57:31.859314+01:00 esp32 Protocol: Parsed header. Millis 16814 Type: 0 Size: 10
2025-11-30T12:57:31.861028+01:00 esp32 Main: Received motor move
2025-11-30T12:57:31.873073+01:00 esp32 Protocol: Motor DX: 255 1.000000, SX: 94 1.000000
2025-11-30T12:57:31.875038+01:00 esp32 Protocol: Parsed header. Millis 16914 Type: 0 Size: 10
2025-11-30T12:57:31.879990+01:00 esp32 Main: Received motor move
2025-11-30T12:57:31.882978+01:00 esp32 Protocol: Motor DX: 255 1.000000, SX: 143 -1.000000
2025-11-30T12:57:32.110263+01:00 esp32 Protocol: Parsed header. Millis 17014 Type: 0 Size: 10
2025-11-30T12:57:32.112899+01:00 esp32 Main: Received motor move
2025-11-30T12:57:32.125046+01:00 esp32 Protocol: Motor DX: 255 1.000000, SX: 205 -1.000000
2025-11-30T12:57:32.130939+01:00 esp32 Protocol: Parsed header. Millis 17114 Type: 0 Size: 10
2025-11-30T12:57:32.137089+01:00 esp32 Main: Received motor move
2025-11-30T12:57:32.139939+01:00 esp32 Protocol: Motor DX: 255 1.000000, SX: 245 -1.000000
2025-11-30T12:57:32.152036+01:00 esp32 Protocol: Parsed header. Millis 17214 Type: 0 Size: 10
2025-11-30T12:57:32.153989+01:00 esp32 Main: Received motor move
2025-11-30T12:57:32.155977+01:00 esp32 Protocol: Motor DX: 232 1.000000, SX: 255 -1.000000
2025-11-30T12:57:32.366361+01:00 esp32 Protocol: Parsed header. Millis 17314 Type: 0 Size: 10
2025-11-30T12:57:32.368979+01:00 esp32 Main: Received motor move
2025-11-30T12:57:32.381069+01:00 esp32 Protocol: Motor DX: 190 1.000000, SX: 255 -1.000000
2025-11-30T12:57:32.385167+01:00 esp32 Protocol: Parsed header. Millis 17414 Type: 0 Size: 10
2025-11-30T12:57:32.386969+01:00 esp32 Main: Received motor move
2025-11-30T12:57:32.399169+01:00 esp32 Protocol: Motor DX: 182 1.000000, SX: 255 -1.000000
2025-11-30T12:57:32.618203+01:00 esp32 Protocol: Parsed header. Millis 17514 Type: 0 Size: 10
2025-11-30T12:57:32.620032+01:00 esp32 Main: Received motor move
2025-11-30T12:57:32.632104+01:00 esp32 Protocol: Motor DX: 158 1.000000, SX: 255 -1.000000
2025-11-30T12:57:32.635017+01:00 esp32 Protocol: Parsed header. Millis 17614 Type: 0 Size: 10
2025-11-30T12:57:32.637958+01:00 esp32 Main: Received motor move
2025-11-30T12:57:32.650999+01:00 esp32 Protocol: Motor DX: 118 1.000000, SX: 255 -1.000000
2025-11-30T12:57:32.656036+01:00 esp32 Protocol: Parsed header. Millis 17715 Type: 0 Size: 10
2025-11-30T12:57:32.660088+01:00 esp32 Main: Received motor move
2025-11-30T12:57:32.664011+01:00 esp32 Protocol: Motor DX: 142 1.000000, SX: 123 -1.000000
2025-11-30T12:57:32.683266+01:00 esp32 Protocol: Parsed header. Millis 17815 Type: 0 Size: 10
2025-11-30T12:57:32.685137+01:00 esp32 Main: Received motor move
2025-11-30T12:57:32.697226+01:00 esp32 Protocol: Motor DX: 167 -1.000000, SX: 255 1.000000
2025-11-30T12:57:32.866342+01:00 esp32 Protocol: Parsed header. Millis 17915 Type: 0 Size: 10
2025-11-30T12:57:32.869023+01:00 esp32 Main: Received motor move
2025-11-30T12:57:32.882102+01:00 esp32 Protocol: Motor DX: 223 -1.000000, SX: 255 1.000000
2025-11-30T12:57:33.117083+01:00 esp32 Protocol: Parsed header. Millis 18015 Type: 0 Size: 10
2025-11-30T12:57:33.120057+01:00 esp32 Main: Received motor move
2025-11-30T12:57:33.125201+01:00 esp32 Protocol: Motor DX: 251 -1.000000, SX: 255 1.000000
2025-11-30T12:57:33.138189+01:00 esp32 Protocol: Parsed header. Millis 18115 Type: 0 Size: 10
2025-11-30T12:57:33.141242+01:00 esp32 Main: Received motor move
2025-11-30T12:57:33.145084+01:00 esp32 Protocol: Motor DX: 239 -1.000000, SX: 255 1.000000
2025-11-30T12:57:33.147056+01:00 esp32 Protocol: Parsed header. Millis 18215 Type: 0 Size: 10
2025-11-30T12:57:33.159125+01:00 esp32 Main: Received motor move
2025-11-30T12:57:33.161074+01:00 esp32 Protocol: Motor DX: 215 -1.000000, SX: 255 1.000000
2025-11-30T12:57:33.363313+01:00 esp32 Protocol: Parsed header. Millis 18315 Type: 0 Size: 10
2025-11-30T12:57:33.366085+01:00 esp32 Main: Received motor move
2025-11-30T12:57:33.368080+01:00 esp32 Protocol: Motor DX: 203 -1.000000, SX: 255 1.000000
2025-11-30T12:57:33.381031+01:00 esp32 Protocol: Parsed header. Millis 18415 Type: 0 Size: 10
2025-11-30T12:57:33.383105+01:00 esp32 Main: Received motor move
2025-11-30T12:57:33.385192+01:00 esp32 Protocol: Motor DX: 177 -1.000000, SX: 255 1.000000
2025-11-30T12:57:33.621293+01:00 esp32 Protocol: Parsed header. Millis 18615 Type: 0 Size: 10
2025-11-30T12:57:33.627531+01:00 esp32 Main: Received motor move
2025-11-30T12:57:33.627797+01:00 esp32 Protocol: Motor DX: 179 -1.000000, SX: 255 1.000000
2025-11-30T12:57:33.640065+01:00 esp32 Protocol: Parsed header. Millis 18715 Type: 0 Size: 10
2025-11-30T12:57:33.641994+01:00 esp32 Main: Received motor move
2025-11-30T12:57:33.644005+01:00 esp32 Protocol: Motor DX: 181 -1.000000, SX: 255 1.000000
2025-11-30T12:57:33.862231+01:00 esp32 Protocol: Parsed header. Millis 18916 Type: 0 Size: 10
2025-11-30T12:57:33.864009+01:00 esp32 Main: Received motor move
2025-11-30T12:57:33.868041+01:00 esp32 Protocol: Motor DX: 8 -1.000000, SX: 10 1.000000
2025-11-30T12:57:34.113310+01:00 esp32 Protocol: Parsed header. Millis 19016 Type: 0 Size: 10
2025-11-30T12:57:34.117005+01:00 esp32 Main: Received motor move
2025-11-30T12:57:34.121097+01:00 esp32 Protocol: Motor DX: 2 -1.000000, SX: 4 1.000000
2025-11-30T12:57:34.123272+01:00 esp32 Protocol: Parsed header. Millis 19216 Type: 0 Size: 10
2025-11-30T12:57:34.140545+01:00 esp32 Main: Received motor move
2025-11-30T12:57:34.140545+01:00 esp32 Protocol: Motor DX: 0 1.000000, SX: 2 1.000000
2025-11-30T12:57:34.361234+01:00 esp32 Protocol: Parsed header. Millis 19316 Type: 0 Size: 10
2025-11-30T12:57:34.363013+01:00 esp32 Main: Received motor move
2025-11-30T12:57:34.378015+01:00 esp32 Protocol: Motor DX: 2 -1.000000, SX: 4 1.000000
2025-11-30T12:57:34.617562+01:00 esp32 Protocol: Parsed header. Millis 19516 Type: 0 Size: 10
2025-11-30T12:57:34.622968+01:00 esp32 Main: Received motor move
2025-11-30T12:57:34.624985+01:00 esp32 Protocol: Motor DX: 6 -1.000000, SX: 0 1.000000
2025-11-30T12:57:34.637108+01:00 esp32 Protocol: Parsed header. Millis 19616 Type: 0 Size: 10
2025-11-30T12:57:34.640732+01:00 esp32 Main: Received motor move
2025-11-30T12:57:34.641128+01:00 esp32 Protocol: Motor DX: 2 -1.000000, SX: 4 1.000000
2025-11-30T12:57:34.653004+01:00 esp32 Protocol: Parsed header. Millis 19716 Type: 0 Size: 10
2025-11-30T12:57:34.658979+01:00 esp32 Main: Received motor move
2025-11-30T12:57:34.660958+01:00 esp32 Protocol: Motor DX: 36 -1.000000, SX: 17 -1.000000
2025-11-30T12:57:34.862188+01:00 esp32 Protocol: Parsed header. Millis 19816 Type: 0 Size: 10
2025-11-30T12:57:34.865947+01:00 esp32 Main: Received motor move
2025-11-30T12:57:34.869919+01:00 esp32 Protocol: Motor DX: 18 -1.000000, SX: 0 1.000000
2025-11-30T12:57:34.884032+01:00 esp32 Protocol: Parsed header. Millis 19916 Type: 0 Size: 10
2025-11-30T12:57:34.887027+01:00 esp32 Main: Received motor move
2025-11-30T12:57:34.889016+01:00 esp32 Protocol: Motor DX: 54 1.000000, SX: 44 1.000000
2025-11-30T12:57:35.110351+01:00 esp32 Protocol: Parsed header. Millis 20016 Type: 0 Size: 10
2025-11-30T12:57:35.113006+01:00 esp32 Main: Received motor move
2025-11-30T12:57:35.126101+01:00 esp32 Protocol: Motor DX: 120 1.000000, SX: 62 1.000000
2025-11-30T12:57:35.128018+01:00 esp32 Protocol: Parsed header. Millis 20117 Type: 0 Size: 10
2025-11-30T12:57:35.132020+01:00 esp32 Main: Received motor move
2025-11-30T12:57:35.136036+01:00 esp32 Protocol: Motor DX: 192 1.000000, SX: 94 1.000000
2025-11-30T12:57:35.142959+01:00 esp32 Protocol: Parsed header. Millis 20217 Type: 0 Size: 10
2025-11-30T12:57:35.146068+01:00 esp32 Main: Received motor move
2025-11-30T12:57:35.158114+01:00 esp32 Protocol: Motor DX: 190 1.000000, SX: 108 1.000000
2025-11-30T12:57:35.369163+01:00 esp32 Protocol: Parsed header. Millis 20317 Type: 0 Size: 10
2025-11-30T12:57:35.369554+01:00 esp32 Main: Received motor move
2025-11-30T12:57:35.373971+01:00 esp32 Protocol: Motor DX: 226 1.000000, SX: 160 1.000000
2025-11-30T12:57:35.390468+01:00 esp32 Protocol: Parsed header. Millis 20417 Type: 0 Size: 10
2025-11-30T12:57:35.390468+01:00 esp32 Main: Received motor move
2025-11-30T12:57:35.390581+01:00 esp32 Protocol: Motor DX: 250 1.000000, SX: 196 1.000000
2025-11-30T12:57:35.617486+01:00 esp32 Protocol: Parsed header. Millis 20517 Type: 0 Size: 10
2025-11-30T12:57:35.619071+01:00 esp32 Main: Received motor move
2025-11-30T12:57:35.631060+01:00 esp32 Protocol: Motor DX: 206 1.000000, SX: 172 1.000000
2025-11-30T12:57:35.635069+01:00 esp32 Protocol: Parsed header. Millis 20617 Type: 0 Size: 10
2025-11-30T12:57:35.639975+01:00 esp32 Main: Received motor move
2025-11-30T12:57:35.641991+01:00 esp32 Protocol: Motor DX: 180 1.000000, SX: 210 1.000000
2025-11-30T12:57:35.656128+01:00 esp32 Protocol: Parsed header. Millis 20717 Type: 0 Size: 10
2025-11-30T12:57:35.660060+01:00 esp32 Main: Received motor move
2025-11-30T12:57:35.663969+01:00 esp32 Protocol: Motor DX: 194 1.000000, SX: 240 1.000000
2025-11-30T12:57:35.867436+01:00 esp32 Protocol: Parsed header. Millis 20817 Type: 0 Size: 10
2025-11-30T12:57:35.869985+01:00 esp32 Main: Received motor move
2025-11-30T12:57:35.883081+01:00 esp32 Protocol: Motor DX: 200 1.000000, SX: 234 1.000000
2025-11-30T12:57:35.885020+01:00 esp32 Protocol: Parsed header. Millis 20917 Type: 0 Size: 10
2025-11-30T12:57:35.889010+01:00 esp32 Main: Received motor move
2025-11-30T12:57:35.902168+01:00 esp32 Protocol: Motor DX: 213 1.000000, SX: 255 1.000000
2025-11-30T12:57:36.119383+01:00 esp32 Protocol: Parsed header. Millis 21017 Type: 0 Size: 10
2025-11-30T12:57:36.122146+01:00 esp32 Main: Received motor move
2025-11-30T12:57:36.135078+01:00 esp32 Protocol: Motor DX: 169 1.000000, SX: 255 1.000000
2025-11-30T12:57:36.137116+01:00 esp32 Protocol: Parsed header. Millis 21117 Type: 0 Size: 10
2025-11-30T12:57:36.139072+01:00 esp32 Main: Received motor move
2025-11-30T12:57:36.151101+01:00 esp32 Protocol: Motor DX: 153 1.000000, SX: 255 1.000000
2025-11-30T12:57:36.155162+01:00 esp32 Protocol: Parsed header. Millis 21218 Type: 0 Size: 10
2025-11-30T12:57:36.157062+01:00 esp32 Main: Received motor move
2025-11-30T12:57:36.169187+01:00 esp32 Protocol: Motor DX: 163 1.000000, SX: 255 1.000000
2025-11-30T12:57:36.367355+01:00 esp32 Protocol: Parsed header. Millis 21318 Type: 0 Size: 10
2025-11-30T12:57:36.371070+01:00 esp32 Main: Received motor move
2025-11-30T12:57:36.383163+01:00 esp32 Protocol: Motor DX: 233 1.000000, SX: 255 1.000000
2025-11-30T12:57:36.386053+01:00 esp32 Protocol: Parsed header. Millis 21418 Type: 0 Size: 10
2025-11-30T12:57:36.389097+01:00 esp32 Main: Received motor move
2025-11-30T12:57:36.401120+01:00 esp32 Protocol: Motor DX: 255 1.000000, SX: 108 1.000000
2025-11-30T12:57:36.609322+01:00 esp32 Protocol: Parsed header. Millis 21518 Type: 0 Size: 10
2025-11-30T12:57:36.611029+01:00 esp32 Main: Received motor move
2025-11-30T12:57:36.623053+01:00 esp32 Protocol: Motor DX: 255 1.000000, SX: 18 1.000000
2025-11-30T12:57:36.625012+01:00 esp32 Protocol: Parsed header. Millis 21618 Type: 0 Size: 10
2025-11-30T12:57:36.627015+01:00 esp32 Main: Received motor move
2025-11-30T12:57:36.639999+01:00 esp32 Protocol: Motor DX: 255 1.000000, SX: 47 -1.000000
2025-11-30T12:57:36.642022+01:00 esp32 Protocol: Parsed header. Millis 21718 Type: 0 Size: 10
2025-11-30T12:57:36.647033+01:00 esp32 Main: Received motor move
2025-11-30T12:57:36.659089+01:00 esp32 Protocol: Motor DX: 255 1.000000, SX: 81 -1.000000
2025-11-30T12:57:36.823463+01:00 esp32 Main: Battery: 16 , 13067 mV, 2385 raw
2025-11-30T12:57:36.836242+01:00 esp32 Protocol: Wifi 1, Server: 1, Latest millis: 21718, Used: 0, Read header: 0, Sensors count: 0
2025-11-30T12:57:36.866360+01:00 esp32 Protocol: Parsed header. Millis 21818 Type: 0 Size: 10
2025-11-30T12:57:36.868012+01:00 esp32 Main: Received motor move
2025-11-30T12:57:36.880042+01:00 esp32 Protocol: Motor DX: 255 1.000000, SX: 85 -1.000000
2025-11-30T12:57:36.882037+01:00 esp32 Protocol: Parsed header. Millis 21918 Type: 0 Size: 10
2025-11-30T12:57:36.885018+01:00 esp32 Main: Received motor move
2025-11-30T12:57:36.897080+01:00 esp32 Protocol: Motor DX: 255 1.000000, SX: 113 -1.000000
2025-11-30T12:57:37.114722+01:00 esp32 Protocol: Parsed header. Millis 22018 Type: 0 Size: 10
2025-11-30T12:57:37.116187+01:00 esp32 Main: Received motor move
2025-11-30T12:57:37.130802+01:00 esp32 Protocol: Motor DX: 255 1.000000, SX: 133 -1.000000
2025-11-30T12:57:37.133258+01:00 esp32 Protocol: Parsed header. Millis 22118 Type: 0 Size: 10
2025-11-30T12:57:37.139162+01:00 esp32 Main: Received motor move
2025-11-30T12:57:37.140250+01:00 esp32 Protocol: Motor DX: 255 1.000000, SX: 52 1.000000
2025-11-30T12:57:37.152252+01:00 esp32 Protocol: Parsed header. Millis 22218 Type: 0 Size: 10
2025-11-30T12:57:37.157267+01:00 esp32 Main: Received motor move
2025-11-30T12:57:37.161097+01:00 esp32 Protocol: Motor DX: 202 1.000000, SX: 255 1.000000
2025-11-30T12:57:37.367438+01:00 esp32 Protocol: Parsed header. Millis 22318 Type: 0 Size: 10
2025-11-30T12:57:37.369093+01:00 esp32 Main: Received motor move
2025-11-30T12:57:37.383120+01:00 esp32 Protocol: Motor DX: 96 1.000000, SX: 255 1.000000
2025-11-30T12:57:37.386107+01:00 esp32 Protocol: Parsed header. Millis 22419 Type: 0 Size: 10
2025-11-30T12:57:37.388086+01:00 esp32 Main: Received motor move
2025-11-30T12:57:37.401193+01:00 esp32 Protocol: Motor DX: 58 -1.000000, SX: 255 1.000000
2025-11-30T12:57:37.610326+01:00 esp32 Protocol: Parsed header. Millis 22519 Type: 0 Size: 10
2025-11-30T12:57:37.612049+01:00 esp32 Main: Received motor move
2025-11-30T12:57:37.625065+01:00 esp32 Protocol: Motor DX: 123 -1.000000, SX: 255 1.000000
2025-11-30T12:57:37.627057+01:00 esp32 Protocol: Parsed header. Millis 22619 Type: 0 Size: 10
2025-11-30T12:57:37.629993+01:00 esp32 Main: Received motor move
2025-11-30T12:57:37.642552+01:00 esp32 Protocol: Motor DX: 131 -1.000000, SX: 255 1.000000
2025-11-30T12:57:37.645041+01:00 esp32 Protocol: Parsed header. Millis 22719 Type: 0 Size: 10
2025-11-30T12:57:37.647000+01:00 esp32 Main: Received motor move
2025-11-30T12:57:37.659197+01:00 esp32 Protocol: Motor DX: 143 -1.000000, SX: 255 1.000000
2025-11-30T12:57:37.870274+01:00 esp32 Protocol: Parsed header. Millis 22819 Type: 0 Size: 10
2025-11-30T12:57:37.873039+01:00 esp32 Main: Received motor move
2025-11-30T12:57:37.875014+01:00 esp32 Protocol: Motor DX: 163 -1.000000, SX: 255 1.000000
2025-11-30T12:57:37.889049+01:00 esp32 Protocol: Parsed header. Millis 22919 Type: 0 Size: 10
2025-11-30T12:57:37.892965+01:00 esp32 Main: Received motor move
2025-11-30T12:57:37.894983+01:00 esp32 Protocol: Motor DX: 161 -1.000000, SX: 255 1.000000
2025-11-30T12:57:38.111675+01:00 esp32 Protocol: Parsed header. Millis 23019 Type: 0 Size: 10
2025-11-30T12:57:38.113161+01:00 esp32 Main: Received motor move
2025-11-30T12:57:38.125108+01:00 esp32 Protocol: Motor DX: 113 -1.000000, SX: 255 1.000000
2025-11-30T12:57:38.127971+01:00 esp32 Protocol: Parsed header. Millis 23119 Type: 0 Size: 10
2025-11-30T12:57:38.132900+01:00 esp32 Main: Received motor move
2025-11-30T12:57:38.143080+01:00 esp32 Protocol: Motor DX: 72 1.000000, SX: 250 1.000000
2025-11-30T12:57:38.146983+01:00 esp32 Protocol: Parsed header. Millis 23219 Type: 0 Size: 10
2025-11-30T12:57:38.150000+01:00 esp32 Main: Received motor move
2025-11-30T12:57:38.154450+01:00 esp32 Protocol: Motor DX: 110 1.000000, SX: 0 1.000000
2025-11-30T12:57:38.364301+01:00 esp32 Protocol: Parsed header. Millis 23319 Type: 0 Size: 10
2025-11-30T12:57:38.366993+01:00 esp32 Main: Received motor move
2025-11-30T12:57:38.381051+01:00 esp32 Protocol: Motor DX: 54 1.000000, SX: 23 -1.000000
2025-11-30T12:57:38.382990+01:00 esp32 Protocol: Parsed header. Millis 23419 Type: 0 Size: 10
2025-11-30T12:57:38.385012+01:00 esp32 Main: Received motor move
2025-11-30T12:57:38.397037+01:00 esp32 Protocol: Motor DX: 24 1.000000, SX: 5 -1.000000
2025-11-30T12:57:38.617376+01:00 esp32 Protocol: Parsed header. Millis 23520 Type: 0 Size: 10
2025-11-30T12:57:38.619967+01:00 esp32 Main: Received motor move
2025-11-30T12:57:38.632124+01:00 esp32 Protocol: Motor DX: 10 1.000000, SX: 0 1.000000
2025-11-30T12:57:38.634007+01:00 esp32 Protocol: Parsed header. Millis 23620 Type: 0 Size: 10
2025-11-30T12:57:38.635987+01:00 esp32 Main: Received motor move
2025-11-30T12:57:38.649082+01:00 esp32 Protocol: Motor DX: 2 -1.000000, SX: 4 1.000000
2025-11-30T12:57:39.248602+01:00 esp32 Protocol: Parsed header. Millis 24320 Type: 0 Size: 10
2025-11-30T12:57:39.251037+01:00 esp32 Main: Received motor move
2025-11-30T12:57:39.263234+01:00 esp32 Protocol: Motor DX: 2 1.000000, SX: 3 -1.000000
2025-11-30T12:57:39.368477+01:00 esp32 Protocol: Parsed header. Millis 24421 Type: 0 Size: 10
2025-11-30T12:57:39.370062+01:00 esp32 Main: Received motor move
2025-11-30T12:57:39.384096+01:00 esp32 Protocol: Motor DX: 118 1.000000, SX: 199 -1.000000
2025-11-30T12:57:39.619354+01:00 esp32 Protocol: Parsed header. Millis 24521 Type: 0 Size: 10
2025-11-30T12:57:39.621976+01:00 esp32 Main: Received motor move
2025-11-30T12:57:39.636024+01:00 esp32 Protocol: Motor DX: 182 1.000000, SX: 255 -1.000000
2025-11-30T12:57:39.638100+01:00 esp32 Protocol: Parsed header. Millis 24621 Type: 0 Size: 10
2025-11-30T12:57:39.639999+01:00 esp32 Main: Received motor move
2025-11-30T12:57:39.652211+01:00 esp32 Protocol: Motor DX: 178 1.000000, SX: 255 -1.000000
2025-11-30T12:57:39.654109+01:00 esp32 Protocol: Parsed header. Millis 24721 Type: 0 Size: 10
2025-11-30T12:57:39.657160+01:00 esp32 Main: Received motor move
2025-11-30T12:57:39.669139+01:00 esp32 Protocol: Motor DX: 180 1.000000, SX: 255 -1.000000
2025-11-30T12:57:39.869248+01:00 esp32 Protocol: Parsed header. Millis 24821 Type: 0 Size: 10
2025-11-30T12:57:39.874375+01:00 esp32 Main: Received motor move
2025-11-30T12:57:39.874948+01:00 esp32 Protocol: Motor DX: 66 1.000000, SX: 79 -1.000000
2025-11-30T12:57:39.887051+01:00 esp32 Protocol: Parsed header. Millis 24921 Type: 0 Size: 10
2025-11-30T12:57:39.889002+01:00 esp32 Main: Received motor move
2025-11-30T12:57:39.895238+01:00 esp32 Protocol: Motor DX: 2 -1.000000, SX: 4 1.000000
2025-11-30T12:57:40.116262+01:00 esp32 Protocol: Parsed header. Millis 25221 Type: 0 Size: 10
2025-11-30T12:57:40.118009+01:00 esp32 Main: Received motor move
2025-11-30T12:57:40.122004+01:00 esp32 Protocol: Motor DX: 42 -1.000000, SX: 44 1.000000
2025-11-30T12:57:40.362562+01:00 esp32 Protocol: Parsed header. Millis 25321 Type: 0 Size: 10
2025-11-30T12:57:40.364132+01:00 esp32 Main: Received motor move
2025-11-30T12:57:40.378045+01:00 esp32 Protocol: Motor DX: 124 -1.000000, SX: 182 1.000000
2025-11-30T12:57:40.380971+01:00 esp32 Protocol: Parsed header. Millis 25421 Type: 0 Size: 10
2025-11-30T12:57:40.385930+01:00 esp32 Main: Received motor move
2025-11-30T12:57:40.395065+01:00 esp32 Protocol: Motor DX: 162 -1.000000, SX: 255 1.000000
2025-11-30T12:57:40.612360+01:00 esp32 Protocol: Parsed header. Millis 25521 Type: 0 Size: 10
2025-11-30T12:57:40.614120+01:00 esp32 Main: Received motor move
2025-11-30T12:57:40.626178+01:00 esp32 Protocol: Motor DX: 120 -1.000000, SX: 122 1.000000
2025-11-30T12:57:40.631084+01:00 esp32 Protocol: Parsed header. Millis 25622 Type: 0 Size: 10
2025-11-30T12:57:40.639103+01:00 esp32 Main: Received motor move
2025-11-30T12:57:40.642002+01:00 esp32 Protocol: Motor DX: 114 -1.000000, SX: 112 1.000000
2025-11-30T12:57:40.650026+01:00 esp32 Protocol: Parsed header. Millis 25722 Type: 0 Size: 10
2025-11-30T12:57:40.652061+01:00 esp32 Main: Received motor move
2025-11-30T12:57:40.666079+01:00 esp32 Protocol: Motor DX: 98 -1.000000, SX: 88 1.000000
2025-11-30T12:57:40.869443+01:00 esp32 Protocol: Parsed header. Millis 25822 Type: 0 Size: 10
2025-11-30T12:57:40.873125+01:00 esp32 Main: Received motor move
2025-11-30T12:57:40.875180+01:00 esp32 Protocol: Motor DX: 0 1.000000, SX: 2 1.000000
2025-11-30T12:57:41.119344+01:00 esp32 Protocol: Parsed header. Millis 26022 Type: 0 Size: 10
2025-11-30T12:57:41.124018+01:00 esp32 Main: Received motor move
2025-11-30T12:57:41.128051+01:00 esp32 Protocol: Motor DX: 2 -1.000000, SX: 4 1.000000
2025-11-30T12:57:41.140036+01:00 esp32 Protocol: Parsed header. Millis 26122 Type: 0 Size: 10
2025-11-30T12:57:41.145991+01:00 esp32 Main: Received motor move
2025-11-30T12:57:41.147992+01:00 esp32 Protocol: Motor DX: 0 1.000000, SX: 2 1.000000
2025-11-30T12:57:41.151980+01:00 esp32 Protocol: Parsed header. Millis 26222 Type: 0 Size: 10
2025-11-30T12:57:41.154990+01:00 esp32 Main: Received motor move
2025-11-30T12:57:41.167043+01:00 esp32 Protocol: Motor DX: 138 1.000000, SX: 199 -1.000000
2025-11-30T12:57:41.363566+01:00 esp32 Protocol: Parsed header. Millis 26322 Type: 0 Size: 10
2025-11-30T12:57:41.365111+01:00 esp32 Main: Received motor move
2025-11-30T12:57:41.380105+01:00 esp32 Protocol: Motor DX: 214 1.000000, SX: 255 -1.000000
2025-11-30T12:57:41.382077+01:00 esp32 Protocol: Parsed header. Millis 26422 Type: 0 Size: 10
2025-11-30T12:57:41.386008+01:00 esp32 Main: Received motor move
2025-11-30T12:57:41.398121+01:00 esp32 Protocol: Motor DX: 52 1.000000, SX: 61 -1.000000
2025-11-30T12:57:41.620235+01:00 esp32 Protocol: Parsed header. Millis 26522 Type: 0 Size: 10
2025-11-30T12:57:41.622992+01:00 esp32 Main: Received motor move
2025-11-30T12:57:41.626015+01:00 esp32 Protocol: Motor DX: 2 -1.000000, SX: 4 1.000000
2025-11-30T12:57:41.638080+01:00 esp32 Protocol: Parsed header. Millis 26622 Type: 0 Size: 10
2025-11-30T12:57:41.641006+01:00 esp32 Main: Received motor move
2025-11-30T12:57:41.643010+01:00 esp32 Protocol: Motor DX: 0 1.000000, SX: 2 1.000000
2025-11-30T12:57:41.658003+01:00 esp32 Protocol: Parsed header. Millis 26723 Type: 0 Size: 10
2025-11-30T12:57:41.659987+01:00 esp32 Main: Received motor move
2025-11-30T12:57:41.662005+01:00 esp32 Protocol: Motor DX: 10 -1.000000, SX: 0 1.000000
2025-11-30T12:57:41.862310+01:00 esp32 Protocol: Parsed header. Millis 26823 Type: 0 Size: 10
2025-11-30T12:57:41.864042+01:00 esp32 Main: Received motor move
2025-11-30T12:57:41.877024+01:00 esp32 Protocol: Motor DX: 2 -1.000000, SX: 4 1.000000
2025-11-30T12:57:42.123372+01:00 esp32 Protocol: Parsed header. Millis 27023 Type: 0 Size: 10
2025-11-30T12:57:42.129467+01:00 esp32 Main: Received motor move
2025-11-30T12:57:42.131059+01:00 esp32 Protocol: Motor DX: 46 -1.000000, SX: 35 -1.000000
2025-11-30T12:57:42.133141+01:00 esp32 Protocol: Parsed header. Millis 27123 Type: 0 Size: 10
2025-11-30T12:57:42.149540+01:00 esp32 Main: Received motor move
2025-11-30T12:57:42.149540+01:00 esp32 Protocol: Motor DX: 2 -1.000000, SX: 4 1.000000
2025-11-30T12:57:42.370316+01:00 esp32 Protocol: Parsed header. Millis 27423 Type: 0 Size: 10
2025-11-30T12:57:42.372975+01:00 esp32 Main: Received motor move
2025-11-30T12:57:42.386022+01:00 esp32 Protocol: Motor DX: 0 1.000000, SX: 2 1.000000
2025-11-30T12:57:42.935287+01:00 esp32 Protocol: Parsed header. Millis 28024 Type: 0 Size: 10
2025-11-30T12:57:42.937946+01:00 esp32 Main: Received motor move
2025-11-30T12:57:42.950956+01:00 esp32 Protocol: Motor DX: 8 1.000000, SX: 10 1.000000
2025-11-30T12:57:43.120397+01:00 esp32 Protocol: Parsed header. Millis 28124 Type: 0 Size: 10
2025-11-30T12:57:43.122093+01:00 esp32 Main: Received motor move
2025-11-30T12:57:43.135016+01:00 esp32 Protocol: Motor DX: 50 1.000000, SX: 52 1.000000
2025-11-30T12:57:43.137079+01:00 esp32 Protocol: Parsed header. Millis 28224 Type: 0 Size: 10
2025-11-30T12:57:43.139043+01:00 esp32 Main: Received motor move
2025-11-30T12:57:43.152177+01:00 esp32 Protocol: Motor DX: 86 1.000000, SX: 92 1.000000
2025-11-30T12:57:43.371176+01:00 esp32 Protocol: Parsed header. Millis 28324 Type: 0 Size: 10
2025-11-30T12:57:43.376897+01:00 esp32 Main: Received motor move
2025-11-30T12:57:43.378682+01:00 esp32 Protocol: Motor DX: 104 1.000000, SX: 110 1.000000
2025-11-30T12:57:43.392217+01:00 esp32 Protocol: Parsed header. Millis 28424 Type: 0 Size: 10
2025-11-30T12:57:43.404763+01:00 esp32 Main: Received motor move
2025-11-30T12:57:43.407092+01:00 esp32 Protocol: Motor DX: 116 1.000000, SX: 126 1.000000
2025-11-30T12:57:43.412043+01:00 esp32 Protocol: Parsed header. Millis 28524 Type: 0 Size: 10
2025-11-30T12:57:43.414054+01:00 esp32 Main: Received motor move
2025-11-30T12:57:43.430161+01:00 esp32 Protocol: Motor DX: 124 1.000000, SX: 134 1.000000
2025-11-30T12:57:43.620331+01:00 esp32 Protocol: Parsed header. Millis 28624 Type: 0 Size: 10
2025-11-30T12:57:43.621997+01:00 esp32 Main: Received motor move
2025-11-30T12:57:43.634100+01:00 esp32 Protocol: Motor DX: 106 1.000000, SX: 112 1.000000
2025-11-30T12:57:43.636001+01:00 esp32 Protocol: Parsed header. Millis 28724 Type: 0 Size: 10
2025-11-30T12:57:43.641104+01:00 esp32 Main: Received motor move
2025-11-30T12:57:43.654035+01:00 esp32 Protocol: Motor DX: 130 1.000000, SX: 96 1.000000
2025-11-30T12:57:43.870358+01:00 esp32 Protocol: Parsed header. Millis 28825 Type: 0 Size: 10
2025-11-30T12:57:43.874025+01:00 esp32 Main: Received motor move
2025-11-30T12:57:43.888935+01:00 esp32 Protocol: Motor DX: 136 1.000000, SX: 62 1.000000
2025-11-30T12:57:43.890311+01:00 esp32 Protocol: Parsed header. Millis 28925 Type: 0 Size: 10
2025-11-30T12:57:43.894970+01:00 esp32 Main: Received motor move
2025-11-30T12:57:43.899996+01:00 esp32 Protocol: Motor DX: 140 1.000000, SX: 46 1.000000
2025-11-30T12:57:44.120341+01:00 esp32 Protocol: Parsed header. Millis 29025 Type: 0 Size: 10
2025-11-30T12:57:44.123984+01:00 esp32 Main: Received motor move
2025-11-30T12:57:44.126998+01:00 esp32 Protocol: Motor DX: 152 1.000000, SX: 18 1.000000
2025-11-30T12:57:44.139996+01:00 esp32 Protocol: Parsed header. Millis 29125 Type: 0 Size: 10
2025-11-30T12:57:44.142953+01:00 esp32 Main: Received motor move
2025-11-30T12:57:44.145037+01:00 esp32 Protocol: Motor DX: 180 1.000000, SX: 37 -1.000000
2025-11-30T12:57:44.160086+01:00 esp32 Protocol: Parsed header. Millis 29225 Type: 0 Size: 10
2025-11-30T12:57:44.163950+01:00 esp32 Main: Received motor move
2025-11-30T12:57:44.167969+01:00 esp32 Protocol: Motor DX: 186 1.000000, SX: 43 -1.000000
2025-11-30T12:57:44.370453+01:00 esp32 Protocol: Parsed header. Millis 29325 Type: 0 Size: 10
2025-11-30T12:57:44.374133+01:00 esp32 Main: Received motor move
2025-11-30T12:57:44.387121+01:00 esp32 Protocol: Motor DX: 170 1.000000, SX: 35 -1.000000
2025-11-30T12:57:44.390061+01:00 esp32 Protocol: Parsed header. Millis 29425 Type: 0 Size: 10
2025-11-30T12:57:44.393057+01:00 esp32 Main: Received motor move
2025-11-30T12:57:44.408098+01:00 esp32 Protocol: Motor DX: 128 1.000000, SX: 62 1.000000
2025-11-30T12:57:44.619391+01:00 esp32 Protocol: Parsed header. Millis 29525 Type: 0 Size: 10
2025-11-30T12:57:44.622031+01:00 esp32 Main: Received motor move
2025-11-30T12:57:44.636119+01:00 esp32 Protocol: Motor DX: 72 1.000000, SX: 142 1.000000
2025-11-30T12:57:44.638979+01:00 esp32 Protocol: Parsed header. Millis 29625 Type: 0 Size: 10
2025-11-30T12:57:44.641999+01:00 esp32 Main: Received motor move
2025-11-30T12:57:44.654561+01:00 esp32 Protocol: Motor DX: 16 -1.000000, SX: 254 1.000000
2025-11-30T12:57:44.658032+01:00 esp32 Protocol: Parsed header. Millis 29725 Type: 0 Size: 10
2025-11-30T12:57:44.660027+01:00 esp32 Main: Received motor move
2025-11-30T12:57:44.673125+01:00 esp32 Protocol: Motor DX: 44 -1.000000, SX: 254 1.000000
2025-11-30T12:57:44.869436+01:00 esp32 Protocol: Parsed header. Millis 29825 Type: 0 Size: 10
2025-11-30T12:57:44.871015+01:00 esp32 Main: Received motor move
2025-11-30T12:57:44.884195+01:00 esp32 Protocol: Motor DX: 56 -1.000000, SX: 246 1.000000
2025-11-30T12:57:44.887089+01:00 esp32 Protocol: Parsed header. Millis 29925 Type: 0 Size: 10
2025-11-30T12:57:44.891747+01:00 esp32 Main: Received motor move
2025-11-30T12:57:44.902127+01:00 esp32 Protocol: Motor DX: 72 -1.000000, SX: 255 1.000000
2025-11-30T12:57:45.113230+01:00 esp32 Protocol: Parsed header. Millis 30026 Type: 0 Size: 10
2025-11-30T12:57:45.118590+01:00 esp32 Main: Received motor move
2025-11-30T12:57:45.130981+01:00 esp32 Protocol: Motor DX: 78 -1.000000, SX: 255 1.000000
2025-11-30T12:57:45.135928+01:00 esp32 Protocol: Parsed header. Millis 30126 Type: 0 Size: 10
2025-11-30T12:57:45.137932+01:00 esp32 Main: Received motor move
2025-11-30T12:57:45.152001+01:00 esp32 Protocol: Motor DX: 38 -1.000000, SX: 236 1.000000
2025-11-30T12:57:45.153965+01:00 esp32 Protocol: Parsed header. Millis 30226 Type: 0 Size: 10
2025-11-30T12:57:45.156949+01:00 esp32 Main: Received motor move
2025-11-30T12:57:45.169056+01:00 esp32 Protocol: Motor DX: 18 -1.000000, SX: 216 1.000000
2025-11-30T12:57:45.372180+01:00 esp32 Protocol: Parsed header. Millis 30326 Type: 0 Size: 10
2025-11-30T12:57:45.374949+01:00 esp32 Main: Received motor move
2025-11-30T12:57:45.387300+01:00 esp32 Protocol: Motor DX: 44 1.000000, SX: 122 1.000000
2025-11-30T12:57:45.389917+01:00 esp32 Protocol: Parsed header. Millis 30426 Type: 0 Size: 10
2025-11-30T12:57:45.391942+01:00 esp32 Main: Received motor move
2025-11-30T12:57:45.404005+01:00 esp32 Protocol: Motor DX: 112 1.000000, SX: 2 1.000000
2025-11-30T12:57:45.620254+01:00 esp32 Protocol: Parsed header. Millis 30526 Type: 0 Size: 10
2025-11-30T12:57:45.622023+01:00 esp32 Main: Received motor move
2025-11-30T12:57:45.635041+01:00 esp32 Protocol: Motor DX: 152 1.000000, SX: 37 -1.000000
2025-11-30T12:57:45.638013+01:00 esp32 Protocol: Parsed header. Millis 30626 Type: 0 Size: 10
2025-11-30T12:57:45.640005+01:00 esp32 Main: Received motor move
2025-11-30T12:57:45.652074+01:00 esp32 Protocol: Motor DX: 176 1.000000, SX: 49 -1.000000
2025-11-30T12:57:45.656098+01:00 esp32 Protocol: Parsed header. Millis 30726 Type: 0 Size: 10
2025-11-30T12:57:45.658939+01:00 esp32 Main: Received motor move
2025-11-30T12:57:45.671149+01:00 esp32 Protocol: Motor DX: 168 1.000000, SX: 37 -1.000000
2025-11-30T12:57:45.870391+01:00 esp32 Protocol: Parsed header. Millis 30826 Type: 0 Size: 10
2025-11-30T12:57:45.872022+01:00 esp32 Main: Received motor move
2025-11-30T12:57:45.885109+01:00 esp32 Protocol: Motor DX: 172 1.000000, SX: 17 -1.000000
2025-11-30T12:57:45.886993+01:00 esp32 Protocol: Parsed header. Millis 30926 Type: 0 Size: 10
2025-11-30T12:57:45.888991+01:00 esp32 Main: Received motor move
2025-11-30T12:57:45.902038+01:00 esp32 Protocol: Motor DX: 188 1.000000, SX: 29 -1.000000
2025-11-30T12:57:46.121225+01:00 esp32 Protocol: Parsed header. Millis 31026 Type: 0 Size: 10
2025-11-30T12:57:46.123055+01:00 esp32 Main: Received motor move
2025-11-30T12:57:46.135061+01:00 esp32 Protocol: Motor DX: 162 1.000000, SX: 3 -1.000000
2025-11-30T12:57:46.137011+01:00 esp32 Protocol: Parsed header. Millis 31126 Type: 0 Size: 10
2025-11-30T12:57:46.142161+01:00 esp32 Main: Received motor move
2025-11-30T12:57:46.151067+01:00 esp32 Protocol: Motor DX: 124 1.000000, SX: 66 1.000000
2025-11-30T12:57:46.154000+01:00 esp32 Protocol: Parsed header. Millis 31227 Type: 0 Size: 10
2025-11-30T12:57:46.157952+01:00 esp32 Main: Received motor move
2025-11-30T12:57:46.164994+01:00 esp32 Protocol: Motor DX: 116 1.000000, SX: 106 1.000000
2025-11-30T12:57:46.364224+01:00 esp32 Protocol: Parsed header. Millis 31327 Type: 0 Size: 10
2025-11-30T12:57:46.366022+01:00 esp32 Main: Received motor move
2025-11-30T12:57:46.380049+01:00 esp32 Protocol: Motor DX: 120 1.000000, SX: 110 1.000000
2025-11-30T12:57:46.383973+01:00 esp32 Protocol: Parsed header. Millis 31427 Type: 0 Size: 10
2025-11-30T12:57:46.385993+01:00 esp32 Main: Received motor move
2025-11-30T12:57:46.398014+01:00 esp32 Protocol: Motor DX: 126 1.000000, SX: 104 1.000000
2025-11-30T12:57:46.619657+01:00 esp32 Protocol: Parsed header. Millis 31527 Type: 0 Size: 10
2025-11-30T12:57:46.623025+01:00 esp32 Main: Received motor move
2025-11-30T12:57:46.635149+01:00 esp32 Protocol: Motor DX: 114 1.000000, SX: 116 1.000000
2025-11-30T12:57:46.642012+01:00 esp32 Protocol: Parsed header. Millis 31627 Type: 0 Size: 10
2025-11-30T12:57:46.644048+01:00 esp32 Main: Received motor move
2025-11-30T12:57:46.656099+01:00 esp32 Protocol: Motor DX: 106 1.000000, SX: 120 1.000000
2025-11-30T12:57:46.659004+01:00 esp32 Protocol: Parsed header. Millis 31727 Type: 0 Size: 10
2025-11-30T12:57:46.661037+01:00 esp32 Main: Received motor move
2025-11-30T12:57:46.673140+01:00 esp32 Protocol: Motor DX: 112 1.000000, SX: 118 1.000000
2025-11-30T12:57:46.823496+01:00 esp32 Main: Battery: 18 , 13244 mV, 2385 raw
2025-11-30T12:57:46.838119+01:00 esp32 Protocol: Wifi 1, Server: 1, Latest millis: 31727, Used: 0, Read header: 0, Sensors count: 0
2025-11-30T12:57:46.870449+01:00 esp32 Protocol: Parsed header. Millis 31827 Type: 0 Size: 10
2025-11-30T12:57:46.872064+01:00 esp32 Main: Received motor move
2025-11-30T12:57:46.886217+01:00 esp32 Protocol: Motor DX: 92 1.000000, SX: 126 1.000000
2025-11-30T12:57:46.889128+01:00 esp32 Protocol: Parsed header. Millis 31927 Type: 0 Size: 10
2025-11-30T12:57:46.891104+01:00 esp32 Main: Received motor move
2025-11-30T12:57:46.903184+01:00 esp32 Protocol: Motor DX: 112 1.000000, SX: 102 1.000000
2025-11-30T12:57:47.113342+01:00 esp32 Protocol: Parsed header. Millis 32027 Type: 0 Size: 10
2025-11-30T12:57:47.116977+01:00 esp32 Main: Received motor move
2025-11-30T12:57:47.129126+01:00 esp32 Protocol: Motor DX: 255 1.000000, SX: 226 1.000000
2025-11-30T12:57:47.132002+01:00 esp32 Protocol: Parsed header. Millis 32127 Type: 0 Size: 10
2025-11-30T12:57:47.133981+01:00 esp32 Main: Received motor move
2025-11-30T12:57:47.138010+01:00 esp32 Protocol: Motor DX: 255 1.000000, SX: 212 1.000000
2025-11-30T12:57:47.151080+01:00 esp32 Protocol: Parsed header. Millis 32227 Type: 0 Size: 10
2025-11-30T12:57:47.156093+01:00 esp32 Main: Received motor move
2025-11-30T12:57:47.158073+01:00 esp32 Protocol: Motor DX: 255 1.000000, SX: 210 1.000000
2025-11-30T12:57:47.370324+01:00 esp32 Protocol: Parsed header. Millis 32327 Type: 0 Size: 10
2025-11-30T12:57:47.372021+01:00 esp32 Main: Received motor move
2025-11-30T12:57:47.384068+01:00 esp32 Protocol: Motor DX: 255 1.000000, SX: 216 1.000000
2025-11-30T12:57:47.387023+01:00 esp32 Protocol: Parsed header. Millis 32428 Type: 0 Size: 10
2025-11-30T12:57:47.392955+01:00 esp32 Main: Received motor move
2025-11-30T12:57:47.397159+01:00 esp32 Protocol: Motor DX: 255 1.000000, SX: 224 1.000000
2025-11-30T12:57:47.619306+01:00 esp32 Protocol: Parsed header. Millis 32528 Type: 0 Size: 10
2025-11-30T12:57:47.620988+01:00 esp32 Main: Received motor move
2025-11-30T12:57:47.633981+01:00 esp32 Protocol: Motor DX: 255 1.000000, SX: 226 1.000000
2025-11-30T12:57:47.635962+01:00 esp32 Protocol: Parsed header. Millis 32628 Type: 0 Size: 10
2025-11-30T12:57:47.638002+01:00 esp32 Main: Received motor move
2025-11-30T12:57:47.650021+01:00 esp32 Protocol: Motor DX: 255 1.000000, SX: 222 1.000000
2025-11-30T12:57:47.651972+01:00 esp32 Protocol: Parsed header. Millis 32728 Type: 0 Size: 10
2025-11-30T12:57:47.664009+01:00 esp32 Main: Received motor move
2025-11-30T12:57:47.666958+01:00 esp32 Protocol: Motor DX: 255 1.000000, SX: 158 1.000000
2025-11-30T12:57:47.872412+01:00 esp32 Protocol: Parsed header. Millis 32828 Type: 0 Size: 10
2025-11-30T12:57:47.874963+01:00 esp32 Main: Received motor move
2025-11-30T12:57:47.888052+01:00 esp32 Protocol: Motor DX: 255 1.000000, SX: 72 1.000000
2025-11-30T12:57:47.891918+01:00 esp32 Protocol: Parsed header. Millis 32928 Type: 0 Size: 10
2025-11-30T12:57:47.894008+01:00 esp32 Main: Received motor move
2025-11-30T12:57:47.907005+01:00 esp32 Protocol: Motor DX: 255 1.000000, SX: 40 1.000000
2025-11-30T12:57:48.113339+01:00 esp32 Protocol: Parsed header. Millis 33028 Type: 0 Size: 10
2025-11-30T12:57:48.115969+01:00 esp32 Main: Received motor move
2025-11-30T12:57:48.128032+01:00 esp32 Protocol: Motor DX: 255 1.000000, SX: 30 1.000000
2025-11-30T12:57:48.129992+01:00 esp32 Protocol: Parsed header. Millis 33128 Type: 0 Size: 10
2025-11-30T12:57:48.132021+01:00 esp32 Main: Received motor move
2025-11-30T12:57:48.137987+01:00 esp32 Protocol: Motor DX: 255 1.000000, SX: 15 -1.000000
2025-11-30T12:57:48.152232+01:00 esp32 Protocol: Parsed header. Millis 33229 Type: 0 Size: 10
2025-11-30T12:57:48.154027+01:00 esp32 Main: Received motor move
2025-11-30T12:57:48.155999+01:00 esp32 Protocol: Motor DX: 255 1.000000, SX: 75 -1.000000
2025-11-30T12:57:48.373874+01:00 esp32 Protocol: Parsed header. Millis 33329 Type: 0 Size: 10
2025-11-30T12:57:48.374335+01:00 esp32 Main: Received motor move
2025-11-30T12:57:48.377970+01:00 esp32 Protocol: Motor DX: 255 1.000000, SX: 64 1.000000
2025-11-30T12:57:48.395164+01:00 esp32 Protocol: Parsed header. Millis 33429 Type: 0 Size: 10
2025-11-30T12:57:48.395164+01:00 esp32 Main: Received motor move
2025-11-30T12:57:48.397046+01:00 esp32 Protocol: Motor DX: 167 1.000000, SX: 255 1.000000
2025-11-30T12:57:48.622362+01:00 esp32 Protocol: Parsed header. Millis 33529 Type: 0 Size: 10
2025-11-30T12:57:48.624056+01:00 esp32 Main: Received motor move
2025-11-30T12:57:48.636125+01:00 esp32 Protocol: Motor DX: 105 1.000000, SX: 255 1.000000
2025-11-30T12:57:48.638033+01:00 esp32 Protocol: Parsed header. Millis 33629 Type: 0 Size: 10
2025-11-30T12:57:48.640040+01:00 esp32 Main: Received motor move
2025-11-30T12:57:48.652083+01:00 esp32 Protocol: Motor DX: 12 -1.000000, SX: 255 1.000000
2025-11-30T12:57:48.655001+01:00 esp32 Protocol: Parsed header. Millis 33729 Type: 0 Size: 10
2025-11-30T12:57:48.657039+01:00 esp32 Main: Received motor move
2025-11-30T12:57:48.669408+01:00 esp32 Protocol: Motor DX: 64 -1.000000, SX: 255 1.000000
2025-11-30T12:57:48.862388+01:00 esp32 Protocol: Parsed header. Millis 33829 Type: 0 Size: 10
2025-11-30T12:57:48.865640+01:00 esp32 Main: Received motor move
2025-11-30T12:57:48.869142+01:00 esp32 Protocol: Motor DX: 82 -1.000000, SX: 255 1.000000
2025-11-30T12:57:49.124271+01:00 esp32 Protocol: Parsed header. Millis 34029 Type: 0 Size: 10
2025-11-30T12:57:49.126992+01:00 esp32 Main: Received motor move
2025-11-30T12:57:49.139066+01:00 esp32 Protocol: Motor DX: 10 1.000000, SX: 232 1.000000
2025-11-30T12:57:49.141000+01:00 esp32 Protocol: Parsed header. Millis 34129 Type: 0 Size: 10
2025-11-30T12:57:49.142980+01:00 esp32 Main: Received motor move
2025-11-30T12:57:49.157965+01:00 esp32 Protocol: Motor DX: 0 1.000000, SX: 2 1.000000
2025-11-30T12:57:49.369329+01:00 esp32 Protocol: Parsed header. Millis 34430 Type: 0 Size: 10
2025-11-30T12:57:49.371000+01:00 esp32 Main: Received motor move
2025-11-30T12:57:49.385121+01:00 esp32 Protocol: Motor DX: 154 -1.000000, SX: 191 -1.000000
2025-11-30T12:57:49.623295+01:00 esp32 Protocol: Parsed header. Millis 34530 Type: 0 Size: 10
2025-11-30T12:57:49.625123+01:00 esp32 Main: Received motor move
2025-11-30T12:57:49.640108+01:00 esp32 Protocol: Motor DX: 240 -1.000000, SX: 255 -1.000000
2025-11-30T12:57:49.644966+01:00 esp32 Protocol: Parsed header. Millis 34630 Type: 0 Size: 10
2025-11-30T12:57:49.646978+01:00 esp32 Main: Received motor move
2025-11-30T12:57:49.648988+01:00 esp32 Protocol: Motor DX: 250 -1.000000, SX: 255 -1.000000
2025-11-30T12:57:49.911439+01:00 esp32 Protocol: Parsed header. Millis 35030 Type: 0 Size: 10
2025-11-30T12:57:49.913259+01:00 esp32 Main: Received motor move
2025-11-30T12:57:49.925173+01:00 esp32 Protocol: Motor DX: 255 -1.000000, SX: 253 -1.000000
2025-11-30T12:57:50.124327+01:00 esp32 Protocol: Parsed header. Millis 35230 Type: 0 Size: 10
2025-11-30T12:57:50.126008+01:00 esp32 Main: Received motor move
2025-11-30T12:57:50.138145+01:00 esp32 Protocol: Motor DX: 255 -1.000000, SX: 225 -1.000000
2025-11-30T12:57:50.373323+01:00 esp32 Protocol: Parsed header. Millis 35331 Type: 0 Size: 10
2025-11-30T12:57:50.376004+01:00 esp32 Main: Received motor move
2025-11-30T12:57:50.388059+01:00 esp32 Protocol: Motor DX: 255 -1.000000, SX: 129 -1.000000
2025-11-30T12:57:50.390019+01:00 esp32 Protocol: Parsed header. Millis 35431 Type: 0 Size: 10
2025-11-30T12:57:50.393005+01:00 esp32 Main: Received motor move
2025-11-30T12:57:50.405030+01:00 esp32 Protocol: Motor DX: 255 -1.000000, SX: 85 -1.000000
2025-11-30T12:57:50.626984+01:00 esp32 Protocol: Parsed header. Millis 35531 Type: 0 Size: 10
2025-11-30T12:57:50.626984+01:00 esp32 Main: Received motor move
2025-11-30T12:57:50.640190+01:00 esp32 Protocol: Motor DX: 255 -1.000000, SX: 77 -1.000000
2025-11-30T12:57:50.870388+01:00 esp32 Protocol: Parsed header. Millis 35831 Type: 0 Size: 10
2025-11-30T12:57:50.874200+01:00 esp32 Main: Received motor move
2025-11-30T12:57:50.877132+01:00 esp32 Protocol: Motor DX: 255 -1.000000, SX: 85 -1.000000
2025-11-30T12:57:50.889103+01:00 esp32 Protocol: Parsed header. Millis 35931 Type: 0 Size: 10
2025-11-30T12:57:50.892024+01:00 esp32 Main: Received motor move
2025-11-30T12:57:50.904125+01:00 esp32 Protocol: Motor DX: 228 -1.000000, SX: 169 -1.000000
2025-11-30T12:57:51.120217+01:00 esp32 Protocol: Parsed header. Millis 36031 Type: 0 Size: 10
2025-11-30T12:57:51.125727+01:00 esp32 Main: Received motor move
2025-11-30T12:57:51.128118+01:00 esp32 Protocol: Motor DX: 0 1.000000, SX: 2 1.000000
2025-11-30T12:57:51.369304+01:00 esp32 Protocol: Parsed header. Millis 36331 Type: 0 Size: 10
2025-11-30T12:57:51.371963+01:00 esp32 Main: Received motor move
2025-11-30T12:57:51.384054+01:00 esp32 Protocol: Motor DX: 22 1.000000, SX: 24 1.000000
2025-11-30T12:57:51.385995+01:00 esp32 Protocol: Parsed header. Millis 36431 Type: 0 Size: 10
2025-11-30T12:57:51.388011+01:00 esp32 Main: Received motor move
2025-11-30T12:57:51.400185+01:00 esp32 Protocol: Motor DX: 76 1.000000, SX: 70 1.000000
2025-11-30T12:57:51.620506+01:00 esp32 Protocol: Parsed header. Millis 36532 Type: 0 Size: 10
2025-11-30T12:57:51.622033+01:00 esp32 Main: Received motor move
2025-11-30T12:57:51.635201+01:00 esp32 Protocol: Motor DX: 255 1.000000, SX: 198 1.000000
2025-11-30T12:57:51.639008+01:00 esp32 Protocol: Parsed header. Millis 36632 Type: 0 Size: 10
2025-11-30T12:57:51.642958+01:00 esp32 Main: Received motor move
2025-11-30T12:57:51.645084+01:00 esp32 Protocol: Motor DX: 255 1.000000, SX: 214 1.000000
2025-11-30T12:57:51.658027+01:00 esp32 Protocol: Parsed header. Millis 36732 Type: 0 Size: 10
2025-11-30T12:57:51.660008+01:00 esp32 Main: Received motor move
2025-11-30T12:57:51.663955+01:00 esp32 Protocol: Motor DX: 255 1.000000, SX: 216 1.000000
2025-11-30T12:57:51.877342+01:00 esp32 Protocol: Parsed header. Millis 36832 Type: 0 Size: 10
2025-11-30T12:57:51.879033+01:00 esp32 Main: Received motor move
2025-11-30T12:57:51.891164+01:00 esp32 Protocol: Motor DX: 255 1.000000, SX: 220 1.000000
2025-11-30T12:57:51.893990+01:00 esp32 Protocol: Parsed header. Millis 36932 Type: 0 Size: 10
2025-11-30T12:57:51.896004+01:00 esp32 Main: Received motor move
2025-11-30T12:57:51.902009+01:00 esp32 Protocol: Motor DX: 255 1.000000, SX: 222 1.000000
2025-11-30T12:57:52.130502+01:00 esp32 Protocol: Parsed header. Millis 37232 Type: 0 Size: 10
2025-11-30T12:57:52.132014+01:00 esp32 Main: Received motor move
2025-11-30T12:57:52.144117+01:00 esp32 Protocol: Motor DX: 255 1.000000, SX: 216 1.000000
2025-11-30T12:57:52.380020+01:00 esp32 Protocol: Parsed header. Millis 37332 Type: 0 Size: 10
2025-11-30T12:57:52.382978+01:00 esp32 Main: Received motor move
2025-11-30T12:57:52.385015+01:00 esp32 Protocol: Motor DX: 255 1.000000, SX: 208 1.000000
2025-11-30T12:57:52.628301+01:00 esp32 Protocol: Parsed header. Millis 37532 Type: 0 Size: 10
2025-11-30T12:57:52.630019+01:00 esp32 Main: Received motor move
2025-11-30T12:57:52.642149+01:00 esp32 Protocol: Motor DX: 255 1.000000, SX: 210 1.000000
2025-11-30T12:57:52.644994+01:00 esp32 Protocol: Parsed header. Millis 37632 Type: 0 Size: 10
2025-11-30T12:57:52.646990+01:00 esp32 Main: Received motor move
2025-11-30T12:57:52.660069+01:00 esp32 Protocol: Motor DX: 255 1.000000, SX: 230 1.000000
2025-11-30T12:57:52.662999+01:00 esp32 Protocol: Parsed header. Millis 37733 Type: 0 Size: 10
2025-11-30T12:57:52.666967+01:00 esp32 Main: Received motor move
2025-11-30T12:57:52.681340+01:00 esp32 Protocol: Motor DX: 231 1.000000, SX: 255 1.000000
2025-11-30T12:57:52.878800+01:00 esp32 Protocol: Parsed header. Millis 37833 Type: 0 Size: 10
2025-11-30T12:57:52.881022+01:00 esp32 Main: Received motor move
2025-11-30T12:57:52.894038+01:00 esp32 Protocol: Motor DX: 213 1.000000, SX: 255 1.000000
2025-11-30T12:57:52.900928+01:00 esp32 Protocol: Parsed header. Millis 37933 Type: 0 Size: 10
2025-11-30T12:57:52.900928+01:00 esp32 Main: Received motor move
2025-11-30T12:57:52.911046+01:00 esp32 Protocol: Motor DX: 211 1.000000, SX: 255 1.000000
2025-11-30T12:57:53.288168+01:00 esp32 Protocol: Parsed header. Millis 38333 Type: 0 Size: 10
2025-11-30T12:57:53.288977+01:00 esp32 Main: Received motor move
2025-11-30T12:57:53.292014+01:00 esp32 Protocol: Motor DX: 213 1.000000, SX: 255 1.000000
2025-11-30T12:57:53.382319+01:00 esp32 Protocol: Parsed header. Millis 38433 Type: 0 Size: 10
2025-11-30T12:57:53.383991+01:00 esp32 Main: Received motor move
2025-11-30T12:57:53.390596+01:00 esp32 Protocol: Motor DX: 217 1.000000, SX: 255 1.000000
2025-11-30T12:57:53.632253+01:00 esp32 Protocol: Parsed header. Millis 38533 Type: 0 Size: 10
2025-11-30T12:57:53.635116+01:00 esp32 Main: Received motor move
2025-11-30T12:57:53.647112+01:00 esp32 Protocol: Motor DX: 249 1.000000, SX: 255 1.000000
2025-11-30T12:57:53.649045+01:00 esp32 Protocol: Parsed header. Millis 38633 Type: 0 Size: 10
2025-11-30T12:57:53.651031+01:00 esp32 Main: Received motor move
2025-11-30T12:57:53.663086+01:00 esp32 Protocol: Motor DX: 255 1.000000, SX: 216 1.000000
2025-11-30T12:57:53.667036+01:00 esp32 Protocol: Parsed header. Millis 38733 Type: 0 Size: 10
2025-11-30T12:57:53.669038+01:00 esp32 Main: Received motor move
2025-11-30T12:57:53.681166+01:00 esp32 Protocol: Motor DX: 255 1.000000, SX: 186 1.000000
2025-11-30T12:57:53.709481+01:00 esp32 Protocol: Parsed header. Millis 38833 Type: 0 Size: 10
2025-11-30T12:57:53.712050+01:00 esp32 Main: Received motor move
2025-11-30T12:57:53.725135+01:00 esp32 Protocol: Motor DX: 255 1.000000, SX: 182 1.000000
2025-11-30T12:57:54.102769+01:00 esp32 Protocol: Parsed header. Millis 39134 Type: 0 Size: 10
2025-11-30T12:57:54.108577+01:00 esp32 Main: Received motor move
2025-11-30T12:57:54.117121+01:00 esp32 Protocol: Motor DX: 255 1.000000, SX: 178 1.000000
2025-11-30T12:57:54.131332+01:00 esp32 Protocol: Parsed header. Millis 39234 Type: 0 Size: 10
2025-11-30T12:57:54.133002+01:00 esp32 Main: Received motor move
2025-11-30T12:57:54.147050+01:00 esp32 Protocol: Motor DX: 255 1.000000, SX: 150 1.000000
2025-11-30T12:57:54.377371+01:00 esp32 Protocol: Parsed header. Millis 39334 Type: 0 Size: 10
2025-11-30T12:57:54.381125+01:00 esp32 Main: Received motor move
2025-11-30T12:57:54.383098+01:00 esp32 Protocol: Motor DX: 255 1.000000, SX: 146 1.000000
2025-11-30T12:57:54.396295+01:00 esp32 Protocol: Parsed header. Millis 39434 Type: 0 Size: 10
2025-11-30T12:57:54.400157+01:00 esp32 Main: Received motor move
2025-11-30T12:57:54.402128+01:00 esp32 Protocol: Motor DX: 255 1.000000, SX: 168 1.000000
2025-11-30T12:57:54.627694+01:00 esp32 Protocol: Parsed header. Millis 39534 Type: 0 Size: 10
2025-11-30T12:57:54.630003+01:00 esp32 Main: Received motor move
2025-11-30T12:57:54.633929+01:00 esp32 Protocol: Motor DX: 255 1.000000, SX: 170 1.000000
2025-11-30T12:57:54.647990+01:00 esp32 Protocol: Parsed header. Millis 39734 Type: 0 Size: 10
2025-11-30T12:57:54.651244+01:00 esp32 Main: Received motor move
2025-11-30T12:57:54.652967+01:00 esp32 Protocol: Motor DX: 255 1.000000, SX: 222 1.000000
2025-11-30T12:57:54.883483+01:00 esp32 Protocol: Parsed header. Millis 39834 Type: 0 Size: 10
2025-11-30T12:57:54.886955+01:00 esp32 Main: Received motor move
2025-11-30T12:57:54.899039+01:00 esp32 Protocol: Motor DX: 219 1.000000, SX: 255 1.000000
2025-11-30T12:57:54.900971+01:00 esp32 Protocol: Parsed header. Millis 39934 Type: 0 Size: 10
2025-11-30T12:57:54.903975+01:00 esp32 Main: Received motor move
2025-11-30T12:57:54.916566+01:00 esp32 Protocol: Motor DX: 179 1.000000, SX: 255 1.000000
2025-11-30T12:57:55.127433+01:00 esp32 Protocol: Parsed header. Millis 40034 Type: 0 Size: 10
2025-11-30T12:57:55.130159+01:00 esp32 Main: Received motor move
2025-11-30T12:57:55.144187+01:00 esp32 Protocol: Motor DX: 161 1.000000, SX: 255 1.000000
2025-11-30T12:57:55.378561+01:00 esp32 Protocol: Parsed header. Millis 40435 Type: 0 Size: 10
2025-11-30T12:57:55.384104+01:00 esp32 Main: Received motor move
2025-11-30T12:57:55.386059+01:00 esp32 Protocol: Motor DX: 163 1.000000, SX: 255 1.000000
2025-11-30T12:57:55.635522+01:00 esp32 Protocol: Parsed header. Millis 40535 Type: 0 Size: 10
2025-11-30T12:57:55.639956+01:00 esp32 Main: Received motor move
2025-11-30T12:57:55.643260+01:00 esp32 Protocol: Motor DX: 175 1.000000, SX: 255 1.000000
2025-11-30T12:57:55.655931+01:00 esp32 Protocol: Parsed header. Millis 40635 Type: 0 Size: 10
2025-11-30T12:57:55.657939+01:00 esp32 Main: Received motor move
2025-11-30T12:57:55.664508+01:00 esp32 Protocol: Motor DX: 255 1.000000, SX: 250 1.000000
2025-11-30T12:57:55.666041+01:00 esp32 Protocol: Parsed header. Millis 40735 Type: 0 Size: 10
2025-11-30T12:57:55.678956+01:00 esp32 Main: Received motor move
2025-11-30T12:57:55.680993+01:00 esp32 Protocol: Motor DX: 255 1.000000, SX: 168 1.000000
2025-11-30T12:57:55.881206+01:00 esp32 Protocol: Parsed header. Millis 40835 Type: 0 Size: 10
2025-11-30T12:57:55.882964+01:00 esp32 Main: Received motor move
2025-11-30T12:57:55.896016+01:00 esp32 Protocol: Motor DX: 255 1.000000, SX: 166 1.000000
2025-11-30T12:57:55.897972+01:00 esp32 Protocol: Parsed header. Millis 40935 Type: 0 Size: 10
2025-11-30T12:57:55.900981+01:00 esp32 Main: Received motor move
2025-11-30T12:57:55.913978+01:00 esp32 Protocol: Motor DX: 255 1.000000, SX: 150 1.000000
2025-11-30T12:57:56.136350+01:00 esp32 Protocol: Parsed header. Millis 41035 Type: 0 Size: 10
2025-11-30T12:57:56.138053+01:00 esp32 Main: Received motor move
2025-11-30T12:57:56.150343+01:00 esp32 Protocol: Motor DX: 255 1.000000, SX: 154 1.000000
2025-11-30T12:57:56.152057+01:00 esp32 Protocol: Parsed header. Millis 41135 Type: 0 Size: 10
2025-11-30T12:57:56.157465+01:00 esp32 Main: Received motor move
2025-11-30T12:57:56.167098+01:00 esp32 Protocol: Motor DX: 255 1.000000, SX: 156 1.000000
2025-11-30T12:57:56.169008+01:00 esp32 Protocol: Parsed header. Millis 41236 Type: 0 Size: 10
2025-11-30T12:57:56.172013+01:00 esp32 Main: Received motor move
2025-11-30T12:57:56.184176+01:00 esp32 Protocol: Motor DX: 255 1.000000, SX: 204 1.000000
2025-11-30T12:57:56.387343+01:00 esp32 Protocol: Parsed header. Millis 41336 Type: 0 Size: 10
2025-11-30T12:57:56.390972+01:00 esp32 Main: Received motor move
2025-11-30T12:57:56.394018+01:00 esp32 Protocol: Motor DX: 253 1.000000, SX: 255 1.000000
2025-11-30T12:57:56.407120+01:00 esp32 Protocol: Parsed header. Millis 41436 Type: 0 Size: 10
2025-11-30T12:57:56.409953+01:00 esp32 Main: Received motor move
2025-11-30T12:57:56.411984+01:00 esp32 Protocol: Motor DX: 221 1.000000, SX: 255 1.000000
2025-11-30T12:57:56.636512+01:00 esp32 Protocol: Parsed header. Millis 41536 Type: 0 Size: 10
2025-11-30T12:57:56.640002+01:00 esp32 Main: Received motor move
2025-11-30T12:57:56.643010+01:00 esp32 Protocol: Motor DX: 197 1.000000, SX: 255 1.000000
2025-11-30T12:57:56.655092+01:00 esp32 Protocol: Parsed header. Millis 41636 Type: 0 Size: 10
2025-11-30T12:57:56.658961+01:00 esp32 Main: Received motor move
2025-11-30T12:57:56.660976+01:00 esp32 Protocol: Motor DX: 195 1.000000, SX: 255 1.000000
2025-11-30T12:57:56.673980+01:00 esp32 Protocol: Parsed header. Millis 41736 Type: 0 Size: 10
2025-11-30T12:57:56.675968+01:00 esp32 Main: Received motor move
2025-11-30T12:57:56.677988+01:00 esp32 Protocol: Motor DX: 171 1.000000, SX: 255 1.000000
2025-11-30T12:57:56.825019+01:00 esp32 Main: Battery: 20 , 13244 mV, 2385 raw
2025-11-30T12:57:56.837270+01:00 esp32 Protocol: Wifi 1, Server: 1, Latest millis: 41736, Used: 0, Read header: 0, Sensors count: 0
2025-11-30T12:57:56.912340+01:00 esp32 Protocol: Parsed header. Millis 42036 Type: 0 Size: 10
2025-11-30T12:57:56.914009+01:00 esp32 Main: Received motor move
2025-11-30T12:57:56.927033+01:00 esp32 Protocol: Motor DX: 177 1.000000, SX: 255 1.000000
2025-11-30T12:57:57.130541+01:00 esp32 Protocol: Parsed header. Millis 42136 Type: 0 Size: 10
2025-11-30T12:57:57.135045+01:00 esp32 Main: Received motor move
2025-11-30T12:57:57.140082+01:00 esp32 Protocol: Motor DX: 255 1.000000, SX: 202 1.000000
2025-11-30T12:57:57.152082+01:00 esp32 Protocol: Parsed header. Millis 42236 Type: 0 Size: 10
2025-11-30T12:57:57.155030+01:00 esp32 Main: Received motor move
2025-11-30T12:57:57.157067+01:00 esp32 Protocol: Motor DX: 255 1.000000, SX: 166 1.000000
2025-11-30T12:57:57.382427+01:00 esp32 Protocol: Parsed header. Millis 42336 Type: 0 Size: 10
2025-11-30T12:57:57.384215+01:00 esp32 Main: Received motor move
2025-11-30T12:57:57.396103+01:00 esp32 Protocol: Motor DX: 255 1.000000, SX: 152 1.000000
2025-11-30T12:57:57.398033+01:00 esp32 Protocol: Parsed header. Millis 42437 Type: 0 Size: 10
2025-11-30T12:57:57.402071+01:00 esp32 Main: Received motor move
2025-11-30T12:57:57.414098+01:00 esp32 Protocol: Motor DX: 255 1.000000, SX: 76 1.000000
2025-11-30T12:57:57.638437+01:00 esp32 Protocol: Parsed header. Millis 42537 Type: 0 Size: 10
2025-11-30T12:57:57.643020+01:00 esp32 Main: Received motor move
2025-11-30T12:57:57.645955+01:00 esp32 Protocol: Motor DX: 255 1.000000, SX: 42 1.000000
2025-11-30T12:57:57.658993+01:00 esp32 Protocol: Parsed header. Millis 42637 Type: 0 Size: 10
2025-11-30T12:57:57.663963+01:00 esp32 Main: Received motor move
2025-11-30T12:57:57.665975+01:00 esp32 Protocol: Motor DX: 255 1.000000, SX: 30 1.000000
2025-11-30T12:57:57.669008+01:00 esp32 Protocol: Parsed header. Millis 42737 Type: 0 Size: 10
2025-11-30T12:57:57.682043+01:00 esp32 Main: Received motor move
2025-11-30T12:57:57.687042+01:00 esp32 Protocol: Motor DX: 255 1.000000, SX: 124 1.000000
2025-11-30T12:57:57.887399+01:00 esp32 Protocol: Parsed header. Millis 42837 Type: 0 Size: 10
2025-11-30T12:57:57.891984+01:00 esp32 Main: Received motor move
2025-11-30T12:57:57.895211+01:00 esp32 Protocol: Motor DX: 217 1.000000, SX: 255 1.000000
2025-11-30T12:57:57.907032+01:00 esp32 Protocol: Parsed header. Millis 42937 Type: 0 Size: 10
2025-11-30T12:57:57.910953+01:00 esp32 Main: Received motor move
2025-11-30T12:57:57.917327+01:00 esp32 Protocol: Motor DX: 161 1.000000, SX: 255 1.000000
2025-11-30T12:57:58.138513+01:00 esp32 Protocol: Parsed header. Millis 43037 Type: 0 Size: 10
2025-11-30T12:57:58.142038+01:00 esp32 Main: Received motor move
2025-11-30T12:57:58.154991+01:00 esp32 Protocol: Motor DX: 139 1.000000, SX: 255 1.000000
2025-11-30T12:57:58.157993+01:00 esp32 Protocol: Parsed header. Millis 43137 Type: 0 Size: 10
2025-11-30T12:57:58.160985+01:00 esp32 Main: Received motor move
2025-11-30T12:57:58.173052+01:00 esp32 Protocol: Motor DX: 121 1.000000, SX: 255 1.000000
2025-11-30T12:57:58.174994+01:00 esp32 Protocol: Parsed header. Millis 43237 Type: 0 Size: 10
2025-11-30T12:57:58.177086+01:00 esp32 Main: Received motor move
2025-11-30T12:57:58.190065+01:00 esp32 Protocol: Motor DX: 117 1.000000, SX: 255 1.000000
2025-11-30T12:57:58.389287+01:00 esp32 Protocol: Parsed header. Millis 43437 Type: 0 Size: 10
2025-11-30T12:57:58.391001+01:00 esp32 Main: Received motor move
2025-11-30T12:57:58.404064+01:00 esp32 Protocol: Motor DX: 137 1.000000, SX: 255 1.000000
2025-11-30T12:57:58.634282+01:00 esp32 Protocol: Parsed header. Millis 43537 Type: 0 Size: 10
2025-11-30T12:57:58.637072+01:00 esp32 Main: Received motor move
2025-11-30T12:57:58.650116+01:00 esp32 Protocol: Motor DX: 135 1.000000, SX: 255 1.000000
2025-11-30T12:57:58.653002+01:00 esp32 Protocol: Parsed header. Millis 43638 Type: 0 Size: 10
2025-11-30T12:57:58.656037+01:00 esp32 Main: Received motor move
2025-11-30T12:57:58.669101+01:00 esp32 Protocol: Motor DX: 155 1.000000, SX: 255 1.000000
2025-11-30T12:57:58.671037+01:00 esp32 Protocol: Parsed header. Millis 43738 Type: 0 Size: 10
2025-11-30T12:57:58.677064+01:00 esp32 Main: Received motor move
2025-11-30T12:57:58.679028+01:00 esp32 Protocol: Motor DX: 204 1.000000, SX: 255 1.000000
2025-11-30T12:57:58.891643+01:00 esp32 Protocol: Parsed header. Millis 43838 Type: 0 Size: 10
2025-11-30T12:57:58.895103+01:00 esp32 Main: Received motor move
2025-11-30T12:57:58.898026+01:00 esp32 Protocol: Motor DX: 165 1.000000, SX: 255 1.000000
2025-11-30T12:57:58.910380+01:00 esp32 Protocol: Parsed header. Millis 43938 Type: 0 Size: 10
2025-11-30T12:57:58.914045+01:00 esp32 Main: Received motor move
2025-11-30T12:57:58.916038+01:00 esp32 Protocol: Motor DX: 161 1.000000, SX: 255 1.000000
2025-11-30T12:57:59.134545+01:00 esp32 Protocol: Parsed header. Millis 44038 Type: 0 Size: 10
2025-11-30T12:57:59.137027+01:00 esp32 Main: Received motor move
2025-11-30T12:57:59.150079+01:00 esp32 Protocol: Motor DX: 96 1.000000, SX: 255 1.000000
2025-11-30T12:57:59.153002+01:00 esp32 Protocol: Parsed header. Millis 44138 Type: 0 Size: 10
2025-11-30T12:57:59.154962+01:00 esp32 Main: Received motor move
2025-11-30T12:57:59.167065+01:00 esp32 Protocol: Motor DX: 188 1.000000, SX: 255 1.000000
2025-11-30T12:57:59.171963+01:00 esp32 Protocol: Parsed header. Millis 44238 Type: 0 Size: 10
2025-11-30T12:57:59.174003+01:00 esp32 Main: Received motor move
2025-11-30T12:57:59.180020+01:00 esp32 Protocol: Motor DX: 255 1.000000, SX: 78 1.000000
2025-11-30T12:57:59.390324+01:00 esp32 Protocol: Parsed header. Millis 44338 Type: 0 Size: 10
2025-11-30T12:57:59.392003+01:00 esp32 Main: Received motor move
2025-11-30T12:57:59.407095+01:00 esp32 Protocol: Motor DX: 255 1.000000, SX: 130 1.000000
2025-11-30T12:57:59.408987+01:00 esp32 Protocol: Parsed header. Millis 44438 Type: 0 Size: 10
2025-11-30T12:57:59.410987+01:00 esp32 Main: Received motor move
2025-11-30T12:57:59.423314+01:00 esp32 Protocol: Motor DX: 255 1.000000, SX: 122 1.000000
2025-11-30T12:57:59.640407+01:00 esp32 Protocol: Parsed header. Millis 44538 Type: 0 Size: 10
2025-11-30T12:57:59.642044+01:00 esp32 Main: Received motor move
2025-11-30T12:57:59.648031+01:00 esp32 Protocol: Motor DX: 255 1.000000, SX: 124 1.000000
2025-11-30T12:57:59.661984+01:00 esp32 Protocol: Parsed header. Millis 44638 Type: 0 Size: 10
2025-11-30T12:57:59.663986+01:00 esp32 Main: Received motor move
2025-11-30T12:57:59.665985+01:00 esp32 Protocol: Motor DX: 255 1.000000, SX: 232 1.000000
2025-11-30T12:57:59.679023+01:00 esp32 Protocol: Parsed header. Millis 44739 Type: 0 Size: 10
2025-11-30T12:57:59.681996+01:00 esp32 Main: Received motor move
2025-11-30T12:57:59.685975+01:00 esp32 Protocol: Motor DX: 185 1.000000, SX: 255 1.000000
2025-11-30T12:57:59.891524+01:00 esp32 Protocol: Parsed header. Millis 44839 Type: 0 Size: 10
2025-11-30T12:57:59.896989+01:00 esp32 Main: Received motor move
2025-11-30T12:57:59.901965+01:00 esp32 Protocol: Motor DX: 125 1.000000, SX: 255 1.000000
2025-11-30T12:57:59.903986+01:00 esp32 Protocol: Parsed header. Millis 44939 Type: 0 Size: 10
2025-11-30T12:57:59.916002+01:00 esp32 Main: Received motor move
2025-11-30T12:57:59.917979+01:00 esp32 Protocol: Motor DX: 123 1.000000, SX: 255 1.000000
2025-11-30T12:58:00.135420+01:00 esp32 Protocol: Parsed header. Millis 45039 Type: 0 Size: 10
2025-11-30T12:58:00.139023+01:00 esp32 Main: Received motor move
2025-11-30T12:58:00.151097+01:00 esp32 Protocol: Motor DX: 109 1.000000, SX: 255 1.000000
2025-11-30T12:58:00.154004+01:00 esp32 Protocol: Parsed header. Millis 45139 Type: 0 Size: 10
2025-11-30T12:58:00.157000+01:00 esp32 Main: Received motor move
2025-11-30T12:58:00.170190+01:00 esp32 Protocol: Motor DX: 102 1.000000, SX: 255 1.000000
2025-11-30T12:58:00.172010+01:00 esp32 Protocol: Parsed header. Millis 45239 Type: 0 Size: 10
2025-11-30T12:58:00.176009+01:00 esp32 Main: Received motor move
2025-11-30T12:58:00.188161+01:00 esp32 Protocol: Motor DX: 100 1.000000, SX: 255 1.000000
2025-11-30T12:58:00.391461+01:00 esp32 Protocol: Parsed header. Millis 45339 Type: 0 Size: 10
2025-11-30T12:58:00.395045+01:00 esp32 Main: Received motor move
2025-11-30T12:58:00.398011+01:00 esp32 Protocol: Motor DX: 26 -1.000000, SX: 255 1.000000
2025-11-30T12:58:00.410034+01:00 esp32 Protocol: Parsed header. Millis 45439 Type: 0 Size: 10
2025-11-30T12:58:00.411982+01:00 esp32 Main: Received motor move
2025-11-30T12:58:00.424016+01:00 esp32 Protocol: Motor DX: 110 -1.000000, SX: 255 1.000000
2025-11-30T12:58:00.635372+01:00 esp32 Protocol: Parsed header. Millis 45539 Type: 0 Size: 10
2025-11-30T12:58:00.639018+01:00 esp32 Main: Received motor move
2025-11-30T12:58:00.653048+01:00 esp32 Protocol: Motor DX: 117 -1.000000, SX: 255 1.000000
2025-11-30T12:58:00.654987+01:00 esp32 Protocol: Parsed header. Millis 45639 Type: 0 Size: 10
2025-11-30T12:58:00.656980+01:00 esp32 Main: Received motor move
2025-11-30T12:58:00.669259+01:00 esp32 Protocol: Motor DX: 6 -1.000000, SX: 8 1.000000
2025-11-30T12:58:00.671997+01:00 esp32 Protocol: Parsed header. Millis 45739 Type: 0 Size: 10
2025-11-30T12:58:00.675010+01:00 esp32 Main: Received motor move
2025-11-30T12:58:00.687170+01:00 esp32 Protocol: Motor DX: 2 -1.000000, SX: 4 1.000000
2025-11-30T12:58:00.892850+01:00 esp32 Protocol: Parsed header. Millis 45839 Type: 0 Size: 10
2025-11-30T12:58:00.894000+01:00 esp32 Main: Received motor move
2025-11-30T12:58:00.906040+01:00 esp32 Protocol: Motor DX: 0 1.000000, SX: 2 1.000000
2025-11-30T12:58:02.697685+01:00 esp32 Protocol: Parsed header. Millis 47741 Type: 0 Size: 10
2025-11-30T12:58:02.701049+01:00 esp32 Main: Received motor move
2025-11-30T12:58:02.713107+01:00 esp32 Protocol: Motor DX: 42 1.000000, SX: 7 -1.000000
2025-11-30T12:58:02.885528+01:00 esp32 Protocol: Parsed header. Millis 47841 Type: 0 Size: 10
2025-11-30T12:58:02.887949+01:00 esp32 Main: Received motor move
2025-11-30T12:58:02.900461+01:00 esp32 Protocol: Motor DX: 255 1.000000, SX: 127 -1.000000
2025-11-30T12:58:02.905957+01:00 esp32 Protocol: Parsed header. Millis 47941 Type: 0 Size: 10
2025-11-30T12:58:02.907940+01:00 esp32 Main: Received motor move
2025-11-30T12:58:02.919970+01:00 esp32 Protocol: Motor DX: 255 1.000000, SX: 163 -1.000000
2025-11-30T12:58:03.134525+01:00 esp32 Protocol: Parsed header. Millis 48041 Type: 0 Size: 10
2025-11-30T12:58:03.142073+01:00 esp32 Main: Received motor move
2025-11-30T12:58:03.142169+01:00 esp32 Protocol: Motor DX: 255 1.000000, SX: 169 -1.000000
2025-11-30T12:58:03.155052+01:00 esp32 Protocol: Parsed header. Millis 48141 Type: 0 Size: 10
2025-11-30T12:58:03.157010+01:00 esp32 Main: Received motor move
2025-11-30T12:58:03.159006+01:00 esp32 Protocol: Motor DX: 255 1.000000, SX: 185 -1.000000
2025-11-30T12:58:03.171969+01:00 esp32 Protocol: Parsed header. Millis 48241 Type: 0 Size: 10
2025-11-30T12:58:03.175012+01:00 esp32 Main: Received motor move
2025-11-30T12:58:03.178009+01:00 esp32 Protocol: Motor DX: 255 1.000000, SX: 217 -1.000000
2025-11-30T12:58:03.392365+01:00 esp32 Protocol: Parsed header. Millis 48341 Type: 0 Size: 10
2025-11-30T12:58:03.395967+01:00 esp32 Main: Received motor move
2025-11-30T12:58:03.408160+01:00 esp32 Protocol: Motor DX: 174 1.000000, SX: 255 -1.000000
2025-11-30T12:58:03.412789+01:00 esp32 Protocol: Parsed header. Millis 48441 Type: 0 Size: 10
2025-11-30T12:58:03.416639+01:00 esp32 Main: Received motor move
2025-11-30T12:58:03.421204+01:00 esp32 Protocol: Motor DX: 255 -1.000000, SX: 129 -1.000000
2025-11-30T12:58:03.636472+01:00 esp32 Protocol: Parsed header. Millis 48541 Type: 0 Size: 10
2025-11-30T12:58:03.639015+01:00 esp32 Main: Received motor move
2025-11-30T12:58:03.653028+01:00 esp32 Protocol: Motor DX: 255 -1.000000, SX: 159 -1.000000
2025-11-30T12:58:03.655944+01:00 esp32 Protocol: Parsed header. Millis 48642 Type: 0 Size: 10
2025-11-30T12:58:03.657964+01:00 esp32 Main: Received motor move
2025-11-30T12:58:03.665359+01:00 esp32 Protocol: Motor DX: 255 -1.000000, SX: 191 -1.000000
2025-11-30T12:58:03.678053+01:00 esp32 Protocol: Parsed header. Millis 48742 Type: 0 Size: 10
2025-11-30T12:58:03.680980+01:00 esp32 Main: Received motor move
2025-11-30T12:58:03.682972+01:00 esp32 Protocol: Motor DX: 255 -1.000000, SX: 205 -1.000000
2025-11-30T12:58:03.887346+01:00 esp32 Protocol: Parsed header. Millis 48842 Type: 0 Size: 10
2025-11-30T12:58:03.889009+01:00 esp32 Main: Received motor move
2025-11-30T12:58:03.902082+01:00 esp32 Protocol: Motor DX: 255 -1.000000, SX: 231 -1.000000
2025-11-30T12:58:03.905014+01:00 esp32 Protocol: Parsed header. Millis 48942 Type: 0 Size: 10
2025-11-30T12:58:03.906958+01:00 esp32 Main: Received motor move
2025-11-30T12:58:03.920137+01:00 esp32 Protocol: Motor DX: 240 -1.000000, SX: 255 -1.000000
2025-11-30T12:58:04.137339+01:00 esp32 Protocol: Parsed header. Millis 49042 Type: 0 Size: 10
2025-11-30T12:58:04.140814+01:00 esp32 Main: Received motor move
2025-11-30T12:58:04.155115+01:00 esp32 Protocol: Motor DX: 210 -1.000000, SX: 255 -1.000000
2025-11-30T12:58:04.159039+01:00 esp32 Protocol: Parsed header. Millis 49142 Type: 0 Size: 10
2025-11-30T12:58:04.161021+01:00 esp32 Main: Received motor move
2025-11-30T12:58:04.173076+01:00 esp32 Protocol: Motor DX: 166 -1.000000, SX: 255 -1.000000
2025-11-30T12:58:04.175060+01:00 esp32 Protocol: Parsed header. Millis 49242 Type: 0 Size: 10
2025-11-30T12:58:04.179006+01:00 esp32 Main: Received motor move
2025-11-30T12:58:04.192109+01:00 esp32 Protocol: Motor DX: 255 -1.000000, SX: 139 -1.000000
2025-11-30T12:58:04.398616+01:00 esp32 Protocol: Parsed header. Millis 49342 Type: 0 Size: 10
2025-11-30T12:58:04.403169+01:00 esp32 Main: Received motor move
2025-11-30T12:58:04.405114+01:00 esp32 Protocol: Motor DX: 255 -1.000000, SX: 107 -1.000000
2025-11-30T12:58:04.420523+01:00 esp32 Protocol: Parsed header. Millis 49442 Type: 0 Size: 10
2025-11-30T12:58:04.422078+01:00 esp32 Main: Received motor move
2025-11-30T12:58:04.424031+01:00 esp32 Protocol: Motor DX: 255 -1.000000, SX: 20 1.000000
2025-11-30T12:58:04.645362+01:00 esp32 Protocol: Parsed header. Millis 49542 Type: 0 Size: 10
2025-11-30T12:58:04.648999+01:00 esp32 Main: Received motor move
2025-11-30T12:58:04.655515+01:00 esp32 Protocol: Motor DX: 255 -1.000000, SX: 186 1.000000
2025-11-30T12:58:04.664996+01:00 esp32 Protocol: Parsed header. Millis 49643 Type: 0 Size: 10
2025-11-30T12:58:04.666967+01:00 esp32 Main: Received motor move
2025-11-30T12:58:04.680436+01:00 esp32 Protocol: Motor DX: 255 -1.000000, SX: 212 1.000000
2025-11-30T12:58:04.684006+01:00 esp32 Protocol: Parsed header. Millis 49743 Type: 0 Size: 10
2025-11-30T12:58:04.685970+01:00 esp32 Main: Received motor move
2025-11-30T12:58:04.698044+01:00 esp32 Protocol: Motor DX: 255 -1.000000, SX: 170 1.000000
2025-11-30T12:58:04.897106+01:00 esp32 Protocol: Parsed header. Millis 49843 Type: 0 Size: 10
2025-11-30T12:58:04.899975+01:00 esp32 Main: Received motor move
2025-11-30T12:58:04.912211+01:00 esp32 Protocol: Motor DX: 255 -1.000000, SX: 48 1.000000
2025-11-30T12:58:04.925069+01:00 esp32 Protocol: Parsed header. Millis 49943 Type: 0 Size: 10
2025-11-30T12:58:04.926511+01:00 esp32 Main: Received motor move
2025-11-30T12:58:04.931055+01:00 esp32 Protocol: Motor DX: 255 -1.000000, SX: 125 -1.000000
2025-11-30T12:58:04.944094+01:00 esp32 Protocol: Parsed header. Millis 50043 Type: 0 Size: 10
2025-11-30T12:58:04.949669+01:00 esp32 Main: Received motor move
2025-11-30T12:58:04.952114+01:00 esp32 Protocol: Motor DX: 240 -1.000000, SX: 255 -1.000000
2025-11-30T12:58:05.146548+01:00 esp32 Protocol: Parsed header. Millis 50143 Type: 0 Size: 10
2025-11-30T12:58:05.154358+01:00 esp32 Main: Received motor move
2025-11-30T12:58:05.154438+01:00 esp32 Protocol: Motor DX: 210 -1.000000, SX: 255 -1.000000
2025-11-30T12:58:05.167874+01:00 esp32 Protocol: Parsed header. Millis 50243 Type: 0 Size: 10
2025-11-30T12:58:05.173032+01:00 esp32 Main: Received motor move
2025-11-30T12:58:05.175578+01:00 esp32 Protocol: Motor DX: 202 -1.000000, SX: 255 -1.000000
2025-11-30T12:58:05.390446+01:00 esp32 Protocol: Parsed header. Millis 50444 Type: 0 Size: 10
2025-11-30T12:58:05.393171+01:00 esp32 Main: Received motor move
2025-11-30T12:58:05.404409+01:00 esp32 Protocol: Motor DX: 224 -1.000000, SX: 255 -1.000000
2025-11-30T12:58:05.640239+01:00 esp32 Protocol: Parsed header. Millis 50544 Type: 0 Size: 10
2025-11-30T12:58:05.641961+01:00 esp32 Main: Received motor move
2025-11-30T12:58:05.654055+01:00 esp32 Protocol: Motor DX: 255 -1.000000, SX: 195 -1.000000
2025-11-30T12:58:05.655945+01:00 esp32 Protocol: Parsed header. Millis 50644 Type: 0 Size: 10
2025-11-30T12:58:05.658942+01:00 esp32 Main: Received motor move
2025-11-30T12:58:05.671018+01:00 esp32 Protocol: Motor DX: 255 -1.000000, SX: 173 -1.000000
2025-11-30T12:58:05.673961+01:00 esp32 Protocol: Parsed header. Millis 50744 Type: 0 Size: 10
2025-11-30T12:58:05.678737+01:00 esp32 Main: Received motor move
2025-11-30T12:58:05.693937+01:00 esp32 Protocol: Motor DX: 255 -1.000000, SX: 49 -1.000000
2025-11-30T12:58:05.898437+01:00 esp32 Protocol: Parsed header. Millis 50844 Type: 0 Size: 10
2025-11-30T12:58:05.900992+01:00 esp32 Main: Received motor move
2025-11-30T12:58:05.914037+01:00 esp32 Protocol: Motor DX: 255 -1.000000, SX: 150 1.000000
2025-11-30T12:58:05.917922+01:00 esp32 Protocol: Parsed header. Millis 50944 Type: 0 Size: 10
2025-11-30T12:58:05.920917+01:00 esp32 Main: Received motor move
2025-11-30T12:58:05.924900+01:00 esp32 Protocol: Motor DX: 255 -1.000000, SX: 192 1.000000
2025-11-30T12:58:06.149314+01:00 esp32 Protocol: Parsed header. Millis 51044 Type: 0 Size: 10
2025-11-30T12:58:06.152009+01:00 esp32 Main: Received motor move
2025-11-30T12:58:06.165016+01:00 esp32 Protocol: Motor DX: 221 -1.000000, SX: 255 1.000000
2025-11-30T12:58:06.167936+01:00 esp32 Protocol: Parsed header. Millis 51144 Type: 0 Size: 10
2025-11-30T12:58:06.171030+01:00 esp32 Main: Received motor move
2025-11-30T12:58:06.183332+01:00 esp32 Protocol: Motor DX: 181 -1.000000, SX: 255 1.000000
2025-11-30T12:58:06.396362+01:00 esp32 Protocol: Parsed header. Millis 51344 Type: 0 Size: 10
2025-11-30T12:58:06.399019+01:00 esp32 Main: Received motor move
2025-11-30T12:58:06.411066+01:00 esp32 Protocol: Motor DX: 201 -1.000000, SX: 255 1.000000
2025-11-30T12:58:06.413109+01:00 esp32 Protocol: Parsed header. Millis 51444 Type: 0 Size: 10
2025-11-30T12:58:06.416389+01:00 esp32 Main: Received motor move
2025-11-30T12:58:06.429003+01:00 esp32 Protocol: Motor DX: 237 -1.000000, SX: 255 1.000000
2025-11-30T12:58:06.652301+01:00 esp32 Protocol: Parsed header. Millis 51544 Type: 0 Size: 10
2025-11-30T12:58:06.656019+01:00 esp32 Main: Received motor move
2025-11-30T12:58:06.660003+01:00 esp32 Protocol: Motor DX: 0 1.000000, SX: 2 1.000000
2025-11-30T12:58:06.824020+01:00 esp32 Main: Battery: 13 , 13067 mV, 2368 raw
2025-11-30T12:58:06.836493+01:00 esp32 Protocol: Wifi 1, Server: 1, Latest millis: 51544, Used: 0, Read header: 0, Sensors count: 0
2025-11-30T12:58:09.770559+01:00 esp32 Protocol: Parsed header. Millis 54847 Type: 0 Size: 10
2025-11-30T12:58:09.774184+01:00 esp32 Main: Received motor move
2025-11-30T12:58:09.786371+01:00 esp32 Protocol: Motor DX: 10 1.000000, SX: 12 1.000000
2025-11-30T12:58:09.893283+01:00 esp32 Protocol: Parsed header. Millis 54947 Type: 0 Size: 10
2025-11-30T12:58:09.895062+01:00 esp32 Main: Received motor move
2025-11-30T12:58:09.909011+01:00 esp32 Protocol: Motor DX: 72 1.000000, SX: 78 1.000000
2025-11-30T12:58:10.151345+01:00 esp32 Protocol: Parsed header. Millis 55047 Type: 0 Size: 10
2025-11-30T12:58:10.155967+01:00 esp32 Main: Received motor move
2025-11-30T12:58:10.158971+01:00 esp32 Protocol: Motor DX: 8 1.000000, SX: 10 1.000000
2025-11-30T12:58:10.174037+01:00 esp32 Protocol: Parsed header. Millis 55147 Type: 0 Size: 10
2025-11-30T12:58:10.175984+01:00 esp32 Main: Received motor move
2025-11-30T12:58:10.185862+01:00 esp32 Protocol: Motor DX: 158 1.000000, SX: 144 1.000000
2025-11-30T12:58:10.185938+01:00 esp32 Protocol: Parsed header. Millis 55247 Type: 0 Size: 10
2025-11-30T12:58:10.188956+01:00 esp32 Main: Received motor move
2025-11-30T12:58:10.205079+01:00 esp32 Protocol: Motor DX: 255 1.000000, SX: 228 1.000000
2025-11-30T12:58:10.401426+01:00 esp32 Protocol: Parsed header. Millis 55347 Type: 0 Size: 10
2025-11-30T12:58:10.405619+01:00 esp32 Main: Received motor move
2025-11-30T12:58:10.409907+01:00 esp32 Protocol: Motor DX: 191 1.000000, SX: 255 1.000000
2025-11-30T12:58:10.422975+01:00 esp32 Protocol: Parsed header. Millis 55447 Type: 0 Size: 10
2025-11-30T12:58:10.425945+01:00 esp32 Main: Received motor move
2025-11-30T12:58:10.427974+01:00 esp32 Protocol: Motor DX: 175 1.000000, SX: 255 1.000000
2025-11-30T12:58:10.652387+01:00 esp32 Protocol: Parsed header. Millis 55547 Type: 0 Size: 10
2025-11-30T12:58:10.655224+01:00 esp32 Main: Received motor move
2025-11-30T12:58:10.668044+01:00 esp32 Protocol: Motor DX: 107 1.000000, SX: 255 1.000000
2025-11-30T12:58:10.670970+01:00 esp32 Protocol: Parsed header. Millis 55648 Type: 0 Size: 10
2025-11-30T12:58:10.673972+01:00 esp32 Main: Received motor move
2025-11-30T12:58:10.686399+01:00 esp32 Protocol: Motor DX: 197 -1.000000, SX: 255 1.000000
2025-11-30T12:58:10.689000+01:00 esp32 Protocol: Parsed header. Millis 55748 Type: 0 Size: 10
2025-11-30T12:58:10.692947+01:00 esp32 Main: Received motor move
2025-11-30T12:58:10.705303+01:00 esp32 Protocol: Motor DX: 255 -1.000000, SX: 246 1.000000
2025-11-30T12:58:10.905061+01:00 esp32 Protocol: Parsed header. Millis 55848 Type: 0 Size: 10
2025-11-30T12:58:10.905263+01:00 esp32 Main: Received motor move
2025-11-30T12:58:10.917041+01:00 esp32 Protocol: Motor DX: 253 -1.000000, SX: 255 1.000000
2025-11-30T12:58:10.918969+01:00 esp32 Protocol: Parsed header. Millis 55948 Type: 0 Size: 10
2025-11-30T12:58:10.923026+01:00 esp32 Main: Received motor move
2025-11-30T12:58:10.935301+01:00 esp32 Protocol: Motor DX: 255 -1.000000, SX: 190 1.000000
2025-11-30T12:58:11.152326+01:00 esp32 Protocol: Parsed header. Millis 56048 Type: 0 Size: 10
2025-11-30T12:58:11.155181+01:00 esp32 Main: Received motor move
2025-11-30T12:58:11.167026+01:00 esp32 Protocol: Motor DX: 255 -1.000000, SX: 98 1.000000
2025-11-30T12:58:11.168979+01:00 esp32 Protocol: Parsed header. Millis 56148 Type: 0 Size: 10
2025-11-30T12:58:11.170957+01:00 esp32 Main: Received motor move
2025-11-30T12:58:11.184024+01:00 esp32 Protocol: Motor DX: 28 1.000000, SX: 1 -1.000000
2025-11-30T12:58:11.192224+01:00 esp32 Protocol: Parsed header. Millis 56248 Type: 0 Size: 10
2025-11-30T12:58:11.192271+01:00 esp32 Main: Received motor move
2025-11-30T12:58:11.193022+01:00 esp32 Protocol: Motor DX: 0 1.000000, SX: 2 1.000000
2025-11-30T12:58:11.400049+01:00 esp32 Protocol: Parsed header. Millis 56348 Type: 0 Size: 10
2025-11-30T12:58:11.400049+01:00 esp32 Main: Received motor move
2025-11-30T12:58:11.412160+01:00 esp32 Protocol: Motor DX: 14 -1.000000, SX: 11 -1.000000
2025-11-30T12:58:11.415689+01:00 esp32 Protocol: Parsed header. Millis 56448 Type: 0 Size: 10
2025-11-30T12:58:11.417946+01:00 esp32 Main: Received motor move
2025-11-30T12:58:11.421994+01:00 esp32 Protocol: Motor DX: 10 1.000000, SX: 47 -1.000000
2025-11-30T12:58:11.647485+01:00 esp32 Protocol: Parsed header. Millis 56548 Type: 0 Size: 10
2025-11-30T12:58:11.649003+01:00 esp32 Main: Received motor move
2025-11-30T12:58:11.662046+01:00 esp32 Protocol: Motor DX: 170 1.000000, SX: 255 -1.000000
2025-11-30T12:58:11.664947+01:00 esp32 Protocol: Parsed header. Millis 56648 Type: 0 Size: 10
2025-11-30T12:58:11.670943+01:00 esp32 Main: Received motor move
2025-11-30T12:58:11.672596+01:00 esp32 Protocol: Motor DX: 216 1.000000, SX: 255 -1.000000
2025-11-30T12:58:11.686978+01:00 esp32 Protocol: Parsed header. Millis 56748 Type: 0 Size: 10
2025-11-30T12:58:11.689997+01:00 esp32 Main: Received motor move
2025-11-30T12:58:11.693939+01:00 esp32 Protocol: Motor DX: 212 1.000000, SX: 255 -1.000000
2025-11-30T12:58:11.905782+01:00 esp32 Protocol: Parsed header. Millis 56949 Type: 0 Size: 10
2025-11-30T12:58:11.908311+01:00 esp32 Main: Received motor move
2025-11-30T12:58:11.913992+01:00 esp32 Protocol: Motor DX: 242 1.000000, SX: 255 -1.000000
2025-11-30T12:58:12.150925+01:00 esp32 Protocol: Parsed header. Millis 57149 Type: 0 Size: 10
2025-11-30T12:58:12.151342+01:00 esp32 Main: Received motor move
2025-11-30T12:58:12.165381+01:00 esp32 Protocol: Motor DX: 248 1.000000, SX: 255 -1.000000
2025-11-30T12:58:12.167026+01:00 esp32 Protocol: Parsed header. Millis 57249 Type: 0 Size: 10
2025-11-30T12:58:12.169029+01:00 esp32 Main: Received motor move
2025-11-30T12:58:12.182132+01:00 esp32 Protocol: Motor DX: 255 1.000000, SX: 251 -1.000000
2025-11-30T12:58:12.399330+01:00 esp32 Protocol: Parsed header. Millis 57349 Type: 0 Size: 10
2025-11-30T12:58:12.405403+01:00 esp32 Main: Received motor move
2025-11-30T12:58:12.407050+01:00 esp32 Protocol: Motor DX: 255 1.000000, SX: 241 -1.000000
2025-11-30T12:58:12.419123+01:00 esp32 Protocol: Parsed header. Millis 57449 Type: 0 Size: 10
2025-11-30T12:58:12.422052+01:00 esp32 Main: Received motor move
2025-11-30T12:58:12.424030+01:00 esp32 Protocol: Motor DX: 0 1.000000, SX: 6 1.000000
2025-11-30T12:58:12.650257+01:00 esp32 Protocol: Parsed header. Millis 57549 Type: 0 Size: 10
2025-11-30T12:58:12.652996+01:00 esp32 Main: Received motor move
2025-11-30T12:58:12.666263+01:00 esp32 Protocol: Motor DX: 2 -1.000000, SX: 4 1.000000
2025-11-30T12:58:12.669996+01:00 esp32 Protocol: Parsed header. Millis 57749 Type: 0 Size: 10
2025-11-30T12:58:12.675198+01:00 esp32 Main: Received motor move
2025-11-30T12:58:12.680940+01:00 esp32 Protocol: Motor DX: 62 1.000000, SX: 171 -1.000000
2025-11-30T12:58:12.900284+01:00 esp32 Protocol: Parsed header. Millis 57849 Type: 0 Size: 10
2025-11-30T12:58:12.901985+01:00 esp32 Main: Received motor move
2025-11-30T12:58:12.914359+01:00 esp32 Protocol: Motor DX: 220 1.000000, SX: 255 -1.000000
2025-11-30T12:58:12.918033+01:00 esp32 Protocol: Parsed header. Millis 57949 Type: 0 Size: 10
2025-11-30T12:58:12.923941+01:00 esp32 Main: Received motor move
2025-11-30T12:58:12.926909+01:00 esp32 Protocol: Motor DX: 8 1.000000, SX: 29 -1.000000
2025-11-30T12:58:13.157311+01:00 esp32 Protocol: Parsed header. Millis 58049 Type: 0 Size: 10
2025-11-30T12:58:13.159985+01:00 esp32 Main: Received motor move
2025-11-30T12:58:13.174858+01:00 esp32 Protocol: Motor DX: 4 -1.000000, SX: 6 1.000000
2025-11-30T12:58:13.181352+01:00 esp32 Protocol: Parsed header. Millis 58150 Type: 0 Size: 10
2025-11-30T12:58:13.181352+01:00 esp32 Main: Received motor move
2025-11-30T12:58:13.184314+01:00 esp32 Protocol: Motor DX: 24 1.000000, SX: 26 1.000000
2025-11-30T12:58:13.197044+01:00 esp32 Protocol: Parsed header. Millis 58250 Type: 0 Size: 10
2025-11-30T12:58:13.204722+01:00 esp32 Main: Received motor move
2025-11-30T12:58:13.205112+01:00 esp32 Protocol: Motor DX: 255 1.000000, SX: 204 1.000000
2025-11-30T12:58:13.407274+01:00 esp32 Protocol: Parsed header. Millis 58350 Type: 0 Size: 10
2025-11-30T12:58:13.409950+01:00 esp32 Main: Received motor move
2025-11-30T12:58:13.423004+01:00 esp32 Protocol: Motor DX: 255 1.000000, SX: 210 1.000000
2025-11-30T12:58:13.650023+01:00 esp32 Protocol: Parsed header. Millis 58550 Type: 0 Size: 10
2025-11-30T12:58:13.651986+01:00 esp32 Main: Received motor move
2025-11-30T12:58:13.664016+01:00 esp32 Protocol: Motor DX: 255 1.000000, SX: 216 1.000000
2025-11-30T12:58:13.665965+01:00 esp32 Protocol: Parsed header. Millis 58650 Type: 0 Size: 10
2025-11-30T12:58:13.669776+01:00 esp32 Main: Received motor move
2025-11-30T12:58:13.682038+01:00 esp32 Protocol: Motor DX: 255 1.000000, SX: 222 1.000000
2025-11-30T12:58:13.686713+01:00 esp32 Protocol: Parsed header. Millis 58750 Type: 0 Size: 10
2025-11-30T12:58:13.689044+01:00 esp32 Main: Received motor move
2025-11-30T12:58:13.701274+01:00 esp32 Protocol: Motor DX: 255 1.000000, SX: 214 1.000000
2025-11-30T12:58:13.900309+01:00 esp32 Protocol: Parsed header. Millis 58850 Type: 0 Size: 10
2025-11-30T12:58:13.905233+01:00 esp32 Main: Received motor move
2025-11-30T12:58:13.907163+01:00 esp32 Protocol: Motor DX: 255 1.000000, SX: 196 1.000000
2025-11-30T12:58:13.919976+01:00 esp32 Protocol: Parsed header. Millis 58950 Type: 0 Size: 10
2025-11-30T12:58:13.921976+01:00 esp32 Main: Received motor move
2025-11-30T12:58:13.925235+01:00 esp32 Protocol: Motor DX: 255 1.000000, SX: 194 1.000000
2025-11-30T12:58:14.153431+01:00 esp32 Protocol: Parsed header. Millis 59050 Type: 0 Size: 10
2025-11-30T12:58:14.156976+01:00 esp32 Main: Received motor move
2025-11-30T12:58:14.159017+01:00 esp32 Protocol: Motor DX: 255 1.000000, SX: 1 -1.000000
2025-11-30T12:58:14.172981+01:00 esp32 Protocol: Parsed header. Millis 59150 Type: 0 Size: 10
2025-11-30T12:58:14.173444+01:00 esp32 Main: Received motor move
2025-11-30T12:58:14.176986+01:00 esp32 Protocol: Motor DX: 255 1.000000, SX: 143 -1.000000
2025-11-30T12:58:14.189061+01:00 esp32 Protocol: Parsed header. Millis 59250 Type: 0 Size: 10
2025-11-30T12:58:14.191966+01:00 esp32 Main: Received motor move
2025-11-30T12:58:14.195197+01:00 esp32 Protocol: Motor DX: 255 1.000000, SX: 87 -1.000000
2025-11-30T12:58:14.410342+01:00 esp32 Protocol: Parsed header. Millis 59351 Type: 0 Size: 10
2025-11-30T12:58:14.412009+01:00 esp32 Main: Received motor move
2025-11-30T12:58:14.424362+01:00 esp32 Protocol: Motor DX: 153 1.000000, SX: 255 1.000000
2025-11-30T12:58:14.427936+01:00 esp32 Protocol: Parsed header. Millis 59451 Type: 0 Size: 10
2025-11-30T12:58:14.430045+01:00 esp32 Main: Received motor move
2025-11-30T12:58:14.443143+01:00 esp32 Protocol: Motor DX: 113 1.000000, SX: 255 1.000000
2025-11-30T12:58:14.661299+01:00 esp32 Protocol: Parsed header. Millis 59551 Type: 0 Size: 10
2025-11-30T12:58:14.662982+01:00 esp32 Main: Received motor move
2025-11-30T12:58:14.676418+01:00 esp32 Protocol: Motor DX: 64 1.000000, SX: 255 1.000000
2025-11-30T12:58:14.678182+01:00 esp32 Protocol: Parsed header. Millis 59651 Type: 0 Size: 10
2025-11-30T12:58:14.679958+01:00 esp32 Main: Received motor move
2025-11-30T12:58:14.692100+01:00 esp32 Protocol: Motor DX: 24 1.000000, SX: 255 1.000000
2025-11-30T12:58:14.694164+01:00 esp32 Protocol: Parsed header. Millis 59751 Type: 0 Size: 10
2025-11-30T12:58:14.696982+01:00 esp32 Main: Received motor move
2025-11-30T12:58:14.711032+01:00 esp32 Protocol: Motor DX: 18 -1.000000, SX: 255 1.000000
2025-11-30T12:58:14.910409+01:00 esp32 Protocol: Parsed header. Millis 59851 Type: 0 Size: 10
2025-11-30T12:58:14.912012+01:00 esp32 Main: Received motor move
2025-11-30T12:58:14.924306+01:00 esp32 Protocol: Motor DX: 163 -1.000000, SX: 255 1.000000
2025-11-30T12:58:14.926207+01:00 esp32 Protocol: Parsed header. Millis 59951 Type: 0 Size: 10
2025-11-30T12:58:14.928078+01:00 esp32 Main: Received motor move
2025-11-30T12:58:14.940072+01:00 esp32 Protocol: Motor DX: 213 -1.000000, SX: 255 1.000000
2025-11-30T12:58:15.153241+01:00 esp32 Protocol: Parsed header. Millis 60151 Type: 0 Size: 10
2025-11-30T12:58:15.155160+01:00 esp32 Main: Received motor move
2025-11-30T12:58:15.166974+01:00 esp32 Protocol: Motor DX: 195 -1.000000, SX: 255 1.000000
2025-11-30T12:58:15.169886+01:00 esp32 Protocol: Parsed header. Millis 60252 Type: 0 Size: 10
2025-11-30T12:58:15.171930+01:00 esp32 Main: Received motor move
2025-11-30T12:58:15.185756+01:00 esp32 Protocol: Motor DX: 125 1.000000, SX: 255 1.000000
2025-11-30T12:58:15.406303+01:00 esp32 Protocol: Parsed header. Millis 60352 Type: 0 Size: 10
2025-11-30T12:58:15.409034+01:00 esp32 Main: Received motor move
2025-11-30T12:58:15.413010+01:00 esp32 Protocol: Motor DX: 239 1.000000, SX: 255 1.000000
2025-11-30T12:58:15.427628+01:00 esp32 Protocol: Parsed header. Millis 60452 Type: 0 Size: 10
2025-11-30T12:58:15.431909+01:00 esp32 Main: Received motor move
2025-11-30T12:58:15.434126+01:00 esp32 Protocol: Motor DX: 255 1.000000, SX: 198 1.000000
2025-11-30T12:58:15.656303+01:00 esp32 Protocol: Parsed header. Millis 60552 Type: 0 Size: 10
2025-11-30T12:58:15.658232+01:00 esp32 Main: Received motor move
2025-11-30T12:58:15.672056+01:00 esp32 Protocol: Motor DX: 255 1.000000, SX: 224 1.000000
2025-11-30T12:58:15.674310+01:00 esp32 Protocol: Parsed header. Millis 60652 Type: 0 Size: 10
2025-11-30T12:58:15.677002+01:00 esp32 Main: Received motor move
2025-11-30T12:58:15.690035+01:00 esp32 Protocol: Motor DX: 255 1.000000, SX: 246 1.000000
2025-11-30T12:58:15.694282+01:00 esp32 Protocol: Parsed header. Millis 60752 Type: 0 Size: 10
2025-11-30T12:58:15.697809+01:00 esp32 Main: Received motor move
2025-11-30T12:58:15.704254+01:00 esp32 Protocol: Motor DX: 219 1.000000, SX: 255 1.000000
2025-11-30T12:58:15.914608+01:00 esp32 Protocol: Parsed header. Millis 60852 Type: 0 Size: 10
2025-11-30T12:58:15.917014+01:00 esp32 Main: Received motor move
2025-11-30T12:58:15.930036+01:00 esp32 Protocol: Motor DX: 82 -1.000000, SX: 255 1.000000
2025-11-30T12:58:15.932984+01:00 esp32 Protocol: Parsed header. Millis 60952 Type: 0 Size: 10
2025-11-30T12:58:15.935951+01:00 esp32 Main: Received motor move
2025-11-30T12:58:15.941987+01:00 esp32 Protocol: Motor DX: 191 -1.000000, SX: 255 1.000000
2025-11-30T12:58:16.164316+01:00 esp32 Protocol: Parsed header. Millis 61052 Type: 0 Size: 10
2025-11-30T12:58:16.166391+01:00 esp32 Main: Received motor move
2025-11-30T12:58:16.180110+01:00 esp32 Protocol: Motor DX: 203 -1.000000, SX: 255 1.000000
2025-11-30T12:58:16.181981+01:00 esp32 Protocol: Parsed header. Millis 61153 Type: 0 Size: 10
2025-11-30T12:58:16.184158+01:00 esp32 Main: Received motor move
2025-11-30T12:58:16.198931+01:00 esp32 Protocol: Motor DX: 112 1.000000, SX: 185 -1.000000
2025-11-30T12:58:16.201929+01:00 esp32 Protocol: Parsed header. Millis 61253 Type: 0 Size: 10
2025-11-30T12:58:16.204280+01:00 esp32 Main: Received motor move
2025-11-30T12:58:16.223634+01:00 esp32 Protocol: Motor DX: 216 1.000000, SX: 255 -1.000000
2025-11-30T12:58:16.409345+01:00 esp32 Protocol: Parsed header. Millis 61353 Type: 0 Size: 10
2025-11-30T12:58:16.412103+01:00 esp32 Main: Received motor move
2025-11-30T12:58:16.424327+01:00 esp32 Protocol: Motor DX: 228 1.000000, SX: 255 -1.000000
2025-11-30T12:58:16.426971+01:00 esp32 Protocol: Parsed header. Millis 61453 Type: 0 Size: 10
2025-11-30T12:58:16.431939+01:00 esp32 Main: Received motor move
2025-11-30T12:58:16.434184+01:00 esp32 Protocol: Motor DX: 242 1.000000, SX: 255 -1.000000
2025-11-30T12:58:16.667364+01:00 esp32 Protocol: Parsed header. Millis 61653 Type: 0 Size: 10
2025-11-30T12:58:16.668998+01:00 esp32 Main: Received motor move
2025-11-30T12:58:16.682962+01:00 esp32 Protocol: Motor DX: 255 1.000000, SX: 249 -1.000000
2025-11-30T12:58:16.685185+01:00 esp32 Protocol: Parsed header. Millis 61753 Type: 0 Size: 10
2025-11-30T12:58:16.689059+01:00 esp32 Main: Received motor move
2025-11-30T12:58:16.701367+01:00 esp32 Protocol: Motor DX: 255 1.000000, SX: 123 -1.000000
2025-11-30T12:58:16.823171+01:00 esp32 Main: Battery: 7 , 12719 mV, 2321 raw
2025-11-30T12:58:16.836233+01:00 esp32 Protocol: Wifi 1, Server: 1, Latest millis: 61753, Used: 0, Read header: 0, Sensors count: 0
2025-11-30T12:58:16.917411+01:00 esp32 Protocol: Parsed header. Millis 61853 Type: 0 Size: 10
2025-11-30T12:58:16.920113+01:00 esp32 Main: Received motor move
2025-11-30T12:58:16.924207+01:00 esp32 Protocol: Motor DX: 233 1.000000, SX: 255 1.000000
2025-11-30T12:58:16.936245+01:00 esp32 Protocol: Parsed header. Millis 61953 Type: 0 Size: 10
2025-11-30T12:58:16.941881+01:00 esp32 Main: Received motor move
2025-11-30T12:58:16.946588+01:00 esp32 Protocol: Motor DX: 249 1.000000, SX: 255 1.000000
2025-11-30T12:58:17.168523+01:00 esp32 Protocol: Parsed header. Millis 62053 Type: 0 Size: 10
2025-11-30T12:58:17.171964+01:00 esp32 Main: Received motor move
2025-11-30T12:58:17.174203+01:00 esp32 Protocol: Motor DX: 247 1.000000, SX: 255 1.000000
2025-11-30T12:58:17.186275+01:00 esp32 Protocol: Parsed header. Millis 62153 Type: 0 Size: 10
2025-11-30T12:58:17.188127+01:00 esp32 Main: Received motor move
2025-11-30T12:58:17.200022+01:00 esp32 Protocol: Motor DX: 255 1.000000, SX: 200 1.000000
2025-11-30T12:58:17.201983+01:00 esp32 Protocol: Parsed header. Millis 62253 Type: 0 Size: 10
2025-11-30T12:58:17.205133+01:00 esp32 Main: Received motor move
2025-11-30T12:58:17.210010+01:00 esp32 Protocol: Motor DX: 255 1.000000, SX: 80 1.000000
2025-11-30T12:58:17.411313+01:00 esp32 Protocol: Parsed header. Millis 62354 Type: 0 Size: 10
2025-11-30T12:58:17.414201+01:00 esp32 Main: Received motor move
2025-11-30T12:58:17.426190+01:00 esp32 Protocol: Motor DX: 255 1.000000, SX: 123 -1.000000
2025-11-30T12:58:17.438649+01:00 esp32 Protocol: Parsed header. Millis 62454 Type: 0 Size: 10
2025-11-30T12:58:17.441233+01:00 esp32 Main: Received motor move
2025-11-30T12:58:17.442916+01:00 esp32 Protocol: Motor DX: 255 1.000000, SX: 129 -1.000000
2025-11-30T12:58:17.454224+01:00 esp32 Protocol: Parsed header. Millis 62554 Type: 0 Size: 10
2025-11-30T12:58:17.458563+01:00 esp32 Main: Received motor move
2025-11-30T12:58:17.461979+01:00 esp32 Protocol: Motor DX: 255 1.000000, SX: 127 -1.000000
2025-11-30T12:58:17.662279+01:00 esp32 Protocol: Parsed header. Millis 62654 Type: 0 Size: 10
2025-11-30T12:58:17.666173+01:00 esp32 Main: Received motor move
2025-11-30T12:58:17.678180+01:00 esp32 Protocol: Motor DX: 255 1.000000, SX: 197 -1.000000
2025-11-30T12:58:17.680444+01:00 esp32 Protocol: Parsed header. Millis 62754 Type: 0 Size: 10
2025-11-30T12:58:17.682990+01:00 esp32 Main: Received motor move
2025-11-30T12:58:17.695159+01:00 esp32 Protocol: Motor DX: 242 1.000000, SX: 255 -1.000000
2025-11-30T12:58:17.920294+01:00 esp32 Protocol: Parsed header. Millis 62854 Type: 0 Size: 10
2025-11-30T12:58:17.921979+01:00 esp32 Main: Received motor move
2025-11-30T12:58:17.935143+01:00 esp32 Protocol: Motor DX: 154 1.000000, SX: 255 -1.000000
2025-11-30T12:58:17.936989+01:00 esp32 Protocol: Parsed header. Millis 62954 Type: 0 Size: 10
2025-11-30T12:58:17.944289+01:00 esp32 Main: Received motor move
2025-11-30T12:58:17.950652+01:00 esp32 Protocol: Motor DX: 134 1.000000, SX: 255 -1.000000
2025-11-30T12:58:18.162344+01:00 esp32 Protocol: Parsed header. Millis 63054 Type: 0 Size: 10
2025-11-30T12:58:18.164213+01:00 esp32 Main: Received motor move
2025-11-30T12:58:18.176220+01:00 esp32 Protocol: Motor DX: 228 1.000000, SX: 255 -1.000000
2025-11-30T12:58:18.178297+01:00 esp32 Protocol: Parsed header. Millis 63154 Type: 0 Size: 10
2025-11-30T12:58:18.180001+01:00 esp32 Main: Received motor move
2025-11-30T12:58:18.193050+01:00 esp32 Protocol: Motor DX: 157 -1.000000, SX: 255 1.000000
2025-11-30T12:58:18.195148+01:00 esp32 Protocol: Parsed header. Millis 63254 Type: 0 Size: 10
2025-11-30T12:58:18.198325+01:00 esp32 Main: Received motor move
2025-11-30T12:58:18.211331+01:00 esp32 Protocol: Motor DX: 215 -1.000000, SX: 255 1.000000
2025-11-30T12:58:18.422358+01:00 esp32 Protocol: Parsed header. Millis 63354 Type: 0 Size: 10
2025-11-30T12:58:18.424220+01:00 esp32 Main: Received motor move
2025-11-30T12:58:18.426161+01:00 esp32 Protocol: Motor DX: 251 -1.000000, SX: 255 1.000000
2025-11-30T12:58:18.438358+01:00 esp32 Protocol: Parsed header. Millis 63455 Type: 0 Size: 10
2025-11-30T12:58:18.442037+01:00 esp32 Main: Received motor move
2025-11-30T12:58:18.444214+01:00 esp32 Protocol: Motor DX: 255 -1.000000, SX: 250 1.000000
2025-11-30T12:58:18.669287+01:00 esp32 Protocol: Parsed header. Millis 63555 Type: 0 Size: 10
2025-11-30T12:58:18.672949+01:00 esp32 Main: Received motor move
2025-11-30T12:58:18.677038+01:00 esp32 Protocol: Motor DX: 245 -1.000000, SX: 255 1.000000
2025-11-30T12:58:18.691158+01:00 esp32 Protocol: Parsed header. Millis 63655 Type: 0 Size: 10
2025-11-30T12:58:18.694998+01:00 esp32 Main: Received motor move
2025-11-30T12:58:18.698157+01:00 esp32 Protocol: Motor DX: 227 -1.000000, SX: 255 1.000000
2025-11-30T12:58:18.701125+01:00 esp32 Protocol: Parsed header. Millis 63755 Type: 0 Size: 10
2025-11-30T12:58:18.713020+01:00 esp32 Main: Received motor move
2025-11-30T12:58:18.715129+01:00 esp32 Protocol: Motor DX: 211 -1.000000, SX: 255 1.000000
2025-11-30T12:58:18.920261+01:00 esp32 Protocol: Parsed header. Millis 63855 Type: 0 Size: 10
2025-11-30T12:58:18.921938+01:00 esp32 Main: Received motor move
2025-11-30T12:58:18.935092+01:00 esp32 Protocol: Motor DX: 201 -1.000000, SX: 255 1.000000
2025-11-30T12:58:18.938057+01:00 esp32 Protocol: Parsed header. Millis 63955 Type: 0 Size: 10
2025-11-30T12:58:18.939927+01:00 esp32 Main: Received motor move
2025-11-30T12:58:18.951959+01:00 esp32 Protocol: Motor DX: 193 -1.000000, SX: 255 1.000000
2025-11-30T12:58:19.169289+01:00 esp32 Protocol: Parsed header. Millis 64055 Type: 0 Size: 10
2025-11-30T12:58:19.171139+01:00 esp32 Main: Received motor move
2025-11-30T12:58:19.185170+01:00 esp32 Protocol: Motor DX: 181 -1.000000, SX: 255 1.000000
2025-11-30T12:58:19.186970+01:00 esp32 Protocol: Parsed header. Millis 64155 Type: 0 Size: 10
2025-11-30T12:58:19.199583+01:00 esp32 Main: Received motor move
2025-11-30T12:58:19.199758+01:00 esp32 Protocol: Motor DX: 125 -1.000000, SX: 255 1.000000
2025-11-30T12:58:19.201952+01:00 esp32 Protocol: Parsed header. Millis 64255 Type: 0 Size: 10
2025-11-30T12:58:19.205451+01:00 esp32 Main: Received motor move
2025-11-30T12:58:19.219052+01:00 esp32 Protocol: Motor DX: 253 1.000000, SX: 255 1.000000
2025-11-30T12:58:19.421257+01:00 esp32 Protocol: Parsed header. Millis 64355 Type: 0 Size: 10
2025-11-30T12:58:19.422983+01:00 esp32 Main: Received motor move
2025-11-30T12:58:19.426201+01:00 esp32 Protocol: Motor DX: 255 1.000000, SX: 210 1.000000
2025-11-30T12:58:19.439931+01:00 esp32 Protocol: Parsed header. Millis 64455 Type: 0 Size: 10
2025-11-30T12:58:19.442937+01:00 esp32 Main: Received motor move
2025-11-30T12:58:19.445162+01:00 esp32 Protocol: Motor DX: 255 1.000000, SX: 188 1.000000
2025-11-30T12:58:19.670311+01:00 esp32 Protocol: Parsed header. Millis 64556 Type: 0 Size: 10
2025-11-30T12:58:19.672939+01:00 esp32 Main: Received motor move
2025-11-30T12:58:19.685110+01:00 esp32 Protocol: Motor DX: 255 1.000000, SX: 158 1.000000
2025-11-30T12:58:19.686976+01:00 esp32 Protocol: Parsed header. Millis 64656 Type: 0 Size: 10
2025-11-30T12:58:19.689069+01:00 esp32 Main: Received motor move
2025-11-30T12:58:19.701303+01:00 esp32 Protocol: Motor DX: 255 1.000000, SX: 104 1.000000
2025-11-30T12:58:19.703004+01:00 esp32 Protocol: Parsed header. Millis 64756 Type: 0 Size: 10
2025-11-30T12:58:19.706981+01:00 esp32 Main: Received motor move
2025-11-30T12:58:19.720096+01:00 esp32 Protocol: Motor DX: 117 1.000000, SX: 255 1.000000
2025-11-30T12:58:19.916352+01:00 esp32 Protocol: Parsed header. Millis 64856 Type: 0 Size: 10
2025-11-30T12:58:19.918346+01:00 esp32 Main: Received motor move
2025-11-30T12:58:19.922105+01:00 esp32 Protocol: Motor DX: 109 -1.000000, SX: 255 1.000000
2025-11-30T12:58:19.935129+01:00 esp32 Protocol: Parsed header. Millis 64956 Type: 0 Size: 10
2025-11-30T12:58:19.936972+01:00 esp32 Main: Received motor move
2025-11-30T12:58:19.941991+01:00 esp32 Protocol: Motor DX: 129 -1.000000, SX: 255 1.000000
2025-11-30T12:58:20.163367+01:00 esp32 Protocol: Parsed header. Millis 65156 Type: 0 Size: 10
2025-11-30T12:58:20.166284+01:00 esp32 Main: Received motor move
2025-11-30T12:58:20.178271+01:00 esp32 Protocol: Motor DX: 92 -1.000000, SX: 255 1.000000
2025-11-30T12:58:20.181233+01:00 esp32 Protocol: Parsed header. Millis 65256 Type: 0 Size: 10
2025-11-30T12:58:20.182999+01:00 esp32 Main: Received motor move
2025-11-30T12:58:20.196996+01:00 esp32 Protocol: Motor DX: 109 1.000000, SX: 255 1.000000
2025-11-30T12:58:20.413334+01:00 esp32 Protocol: Parsed header. Millis 65356 Type: 0 Size: 10
2025-11-30T12:58:20.415094+01:00 esp32 Main: Received motor move
2025-11-30T12:58:20.427127+01:00 esp32 Protocol: Motor DX: 183 1.000000, SX: 255 1.000000
2025-11-30T12:58:20.429034+01:00 esp32 Protocol: Parsed header. Millis 65457 Type: 0 Size: 10
2025-11-30T12:58:20.434220+01:00 esp32 Main: Received motor move
2025-11-30T12:58:20.446199+01:00 esp32 Protocol: Motor DX: 255 1.000000, SX: 208 1.000000
2025-11-30T12:58:20.666532+01:00 esp32 Protocol: Parsed header. Millis 65557 Type: 0 Size: 10
2025-11-30T12:58:20.670134+01:00 esp32 Main: Received motor move
2025-11-30T12:58:20.675063+01:00 esp32 Protocol: Motor DX: 255 1.000000, SX: 210 1.000000
2025-11-30T12:58:20.680004+01:00 esp32 Protocol: Parsed header. Millis 65657 Type: 0 Size: 10
2025-11-30T12:58:20.683022+01:00 esp32 Main: Received motor move
2025-11-30T12:58:20.695210+01:00 esp32 Protocol: Motor DX: 255 1.000000, SX: 166 1.000000
2025-11-30T12:58:20.696974+01:00 esp32 Protocol: Parsed header. Millis 65757 Type: 0 Size: 10
2025-11-30T12:58:20.701997+01:00 esp32 Main: Received motor move
2025-11-30T12:58:20.714409+01:00 esp32 Protocol: Motor DX: 255 1.000000, SX: 174 1.000000
2025-11-30T12:58:20.922267+01:00 esp32 Protocol: Parsed header. Millis 65857 Type: 0 Size: 10
2025-11-30T12:58:20.924218+01:00 esp32 Main: Received motor move
2025-11-30T12:58:20.936147+01:00 esp32 Protocol: Motor DX: 255 1.000000, SX: 114 1.000000
2025-11-30T12:58:20.939837+01:00 esp32 Protocol: Parsed header. Millis 65957 Type: 0 Size: 10
2025-11-30T12:58:20.942917+01:00 esp32 Main: Received motor move
2025-11-30T12:58:20.945103+01:00 esp32 Protocol: Motor DX: 255 1.000000, SX: 36 1.000000
2025-11-30T12:58:21.171446+01:00 esp32 Protocol: Parsed header. Millis 66057 Type: 0 Size: 10
2025-11-30T12:58:21.174164+01:00 esp32 Main: Received motor move
2025-11-30T12:58:21.187032+01:00 esp32 Protocol: Motor DX: 255 1.000000, SX: 11 -1.000000
2025-11-30T12:58:21.188989+01:00 esp32 Protocol: Parsed header. Millis 66157 Type: 0 Size: 10
2025-11-30T12:58:21.191916+01:00 esp32 Main: Received motor move
2025-11-30T12:58:21.204113+01:00 esp32 Protocol: Motor DX: 255 1.000000, SX: 24 1.000000
2025-11-30T12:58:21.206968+01:00 esp32 Protocol: Parsed header. Millis 66257 Type: 0 Size: 10
2025-11-30T12:58:21.208955+01:00 esp32 Main: Received motor move
2025-11-30T12:58:21.221091+01:00 esp32 Protocol: Motor DX: 253 1.000000, SX: 255 1.000000
2025-11-30T12:58:21.422312+01:00 esp32 Protocol: Parsed header. Millis 66357 Type: 0 Size: 10
2025-11-30T12:58:21.424189+01:00 esp32 Main: Received motor move
2025-11-30T12:58:21.437121+01:00 esp32 Protocol: Motor DX: 207 1.000000, SX: 255 1.000000
2025-11-30T12:58:21.439923+01:00 esp32 Protocol: Parsed header. Millis 66457 Type: 0 Size: 10
2025-11-30T12:58:21.441951+01:00 esp32 Main: Received motor move
2025-11-30T12:58:21.448227+01:00 esp32 Protocol: Motor DX: 189 1.000000, SX: 255 1.000000
2025-11-30T12:58:21.663380+01:00 esp32 Protocol: Parsed header. Millis 66558 Type: 0 Size: 10
2025-11-30T12:58:21.665176+01:00 esp32 Main: Received motor move
2025-11-30T12:58:21.678335+01:00 esp32 Protocol: Motor DX: 169 1.000000, SX: 255 1.000000
2025-11-30T12:58:21.684334+01:00 esp32 Protocol: Parsed header. Millis 66658 Type: 0 Size: 10
2025-11-30T12:58:21.687071+01:00 esp32 Main: Received motor move
2025-11-30T12:58:21.690094+01:00 esp32 Protocol: Motor DX: 147 1.000000, SX: 255 1.000000
2025-11-30T12:58:21.702216+01:00 esp32 Protocol: Parsed header. Millis 66758 Type: 0 Size: 10
2025-11-30T12:58:21.704353+01:00 esp32 Main: Received motor move
2025-11-30T12:58:21.707135+01:00 esp32 Protocol: Motor DX: 153 1.000000, SX: 255 1.000000
2025-11-30T12:58:21.914403+01:00 esp32 Protocol: Parsed header. Millis 66858 Type: 0 Size: 10
2025-11-30T12:58:21.920006+01:00 esp32 Main: Received motor move
2025-11-30T12:58:21.924205+01:00 esp32 Protocol: Motor DX: 179 1.000000, SX: 255 1.000000
2025-11-30T12:58:21.936195+01:00 esp32 Protocol: Parsed header. Millis 66958 Type: 0 Size: 10
2025-11-30T12:58:21.938194+01:00 esp32 Main: Received motor move
2025-11-30T12:58:21.940070+01:00 esp32 Protocol: Motor DX: 255 1.000000, SX: 214 1.000000
2025-11-30T12:58:22.168433+01:00 esp32 Protocol: Parsed header. Millis 67058 Type: 0 Size: 10
2025-11-30T12:58:22.172027+01:00 esp32 Main: Received motor move
2025-11-30T12:58:22.185773+01:00 esp32 Protocol: Motor DX: 255 1.000000, SX: 184 1.000000
2025-11-30T12:58:22.188136+01:00 esp32 Protocol: Parsed header. Millis 67158 Type: 0 Size: 10
2025-11-30T12:58:22.191144+01:00 esp32 Main: Received motor move
2025-11-30T12:58:22.203087+01:00 esp32 Protocol: Motor DX: 255 1.000000, SX: 176 1.000000
2025-11-30T12:58:22.205053+01:00 esp32 Protocol: Parsed header. Millis 67258 Type: 0 Size: 10
2025-11-30T12:58:22.208964+01:00 esp32 Main: Received motor move
2025-11-30T12:58:22.221125+01:00 esp32 Protocol: Motor DX: 255 1.000000, SX: 108 1.000000
2025-11-30T12:58:22.421562+01:00 esp32 Protocol: Parsed header. Millis 67358 Type: 0 Size: 10
2025-11-30T12:58:22.425239+01:00 esp32 Main: Received motor move
2025-11-30T12:58:22.437086+01:00 esp32 Protocol: Motor DX: 255 1.000000, SX: 36 1.000000
2025-11-30T12:58:22.665393+01:00 esp32 Protocol: Parsed header. Millis 67558 Type: 0 Size: 10
2025-11-30T12:58:22.671183+01:00 esp32 Main: Received motor move
2025-11-30T12:58:22.672974+01:00 esp32 Protocol: Motor DX: 255 1.000000, SX: 44 1.000000
2025-11-30T12:58:22.686149+01:00 esp32 Protocol: Parsed header. Millis 67658 Type: 0 Size: 10
2025-11-30T12:58:22.688148+01:00 esp32 Main: Received motor move
2025-11-30T12:58:22.690624+01:00 esp32 Protocol: Motor DX: 255 1.000000, SX: 196 1.000000
2025-11-30T12:58:22.703026+01:00 esp32 Protocol: Parsed header. Millis 67759 Type: 0 Size: 10
2025-11-30T12:58:22.705102+01:00 esp32 Main: Received motor move
2025-11-30T12:58:22.708097+01:00 esp32 Protocol: Motor DX: 221 1.000000, SX: 255 1.000000
2025-11-30T12:58:22.914352+01:00 esp32 Protocol: Parsed header. Millis 67859 Type: 0 Size: 10
2025-11-30T12:58:22.918065+01:00 esp32 Main: Received motor move
2025-11-30T12:58:22.931054+01:00 esp32 Protocol: Motor DX: 153 1.000000, SX: 255 1.000000
2025-11-30T12:58:22.934087+01:00 esp32 Protocol: Parsed header. Millis 67959 Type: 0 Size: 10
2025-11-30T12:58:22.936037+01:00 esp32 Main: Received motor move
2025-11-30T12:58:22.948365+01:00 esp32 Protocol: Motor DX: 102 1.000000, SX: 255 1.000000
2025-11-30T12:58:23.166178+01:00 esp32 Protocol: Parsed header. Millis 68059 Type: 0 Size: 10
2025-11-30T12:58:23.169476+01:00 esp32 Main: Received motor move
2025-11-30T12:58:23.173316+01:00 esp32 Protocol: Motor DX: 50 1.000000, SX: 255 1.000000
2025-11-30T12:58:23.185138+01:00 esp32 Protocol: Parsed header. Millis 68159 Type: 0 Size: 10
2025-11-30T12:58:23.188219+01:00 esp32 Main: Received motor move
2025-11-30T12:58:23.191158+01:00 esp32 Protocol: Motor DX: 16 1.000000, SX: 255 1.000000
2025-11-30T12:58:23.420315+01:00 esp32 Protocol: Parsed header. Millis 68359 Type: 0 Size: 10
2025-11-30T12:58:23.422923+01:00 esp32 Main: Received motor move
2025-11-30T12:58:23.436112+01:00 esp32 Protocol: Motor DX: 12 1.000000, SX: 255 1.000000
2025-11-30T12:58:23.439938+01:00 esp32 Protocol: Parsed header. Millis 68459 Type: 0 Size: 10
2025-11-30T12:58:23.442510+01:00 esp32 Main: Received motor move
2025-11-30T12:58:23.455025+01:00 esp32 Protocol: Motor DX: 6 1.000000, SX: 255 1.000000
2025-11-30T12:58:23.673298+01:00 esp32 Protocol: Parsed header. Millis 68659 Type: 0 Size: 10
2025-11-30T12:58:23.675021+01:00 esp32 Main: Received motor move
2025-11-30T12:58:23.688118+01:00 esp32 Protocol: Motor DX: 100 1.000000, SX: 255 1.000000
2025-11-30T12:58:23.689975+01:00 esp32 Protocol: Parsed header. Millis 68759 Type: 0 Size: 10
2025-11-30T12:58:23.694047+01:00 esp32 Main: Received motor move
2025-11-30T12:58:23.706998+01:00 esp32 Protocol: Motor DX: 247 1.000000, SX: 255 1.000000
2025-11-30T12:58:23.919208+01:00 esp32 Protocol: Parsed header. Millis 68859 Type: 0 Size: 10
2025-11-30T12:58:23.923160+01:00 esp32 Main: Received motor move
2025-11-30T12:58:23.926776+01:00 esp32 Protocol: Motor DX: 255 1.000000, SX: 212 1.000000
2025-11-30T12:58:23.939011+01:00 esp32 Protocol: Parsed header. Millis 68960 Type: 0 Size: 10
2025-11-30T12:58:23.941928+01:00 esp32 Main: Received motor move
2025-11-30T12:58:23.944146+01:00 esp32 Protocol: Motor DX: 255 1.000000, SX: 204 1.000000
2025-11-30T12:58:24.166323+01:00 esp32 Protocol: Parsed header. Millis 69060 Type: 0 Size: 10
2025-11-30T12:58:24.168107+01:00 esp32 Main: Received motor move
2025-11-30T12:58:24.180027+01:00 esp32 Protocol: Motor DX: 255 1.000000, SX: 186 1.000000
2025-11-30T12:58:24.184034+01:00 esp32 Protocol: Parsed header. Millis 69160 Type: 0 Size: 10
2025-11-30T12:58:24.187568+01:00 esp32 Main: Received motor move
2025-11-30T12:58:24.200060+01:00 esp32 Protocol: Motor DX: 255 1.000000, SX: 218 1.000000
2025-11-30T12:58:24.202921+01:00 esp32 Protocol: Parsed header. Millis 69260 Type: 0 Size: 10
2025-11-30T12:58:24.205095+01:00 esp32 Main: Received motor move
2025-11-30T12:58:24.217067+01:00 esp32 Protocol: Motor DX: 255 1.000000, SX: 242 1.000000
2025-11-30T12:58:24.425396+01:00 esp32 Protocol: Parsed header. Millis 69360 Type: 0 Size: 10
2025-11-30T12:58:24.426983+01:00 esp32 Main: Received motor move
2025-11-30T12:58:24.431978+01:00 esp32 Protocol: Motor DX: 231 1.000000, SX: 255 1.000000
2025-11-30T12:58:24.444118+01:00 esp32 Protocol: Parsed header. Millis 69460 Type: 0 Size: 10
2025-11-30T12:58:24.446944+01:00 esp32 Main: Received motor move
2025-11-30T12:58:24.451059+01:00 esp32 Protocol: Motor DX: 255 1.000000, SX: 200 1.000000
2025-11-30T12:58:24.676185+01:00 esp32 Protocol: Parsed header. Millis 69560 Type: 0 Size: 10
2025-11-30T12:58:24.678010+01:00 esp32 Main: Received motor move
2025-11-30T12:58:24.690008+01:00 esp32 Protocol: Motor DX: 255 1.000000, SX: 140 1.000000
2025-11-30T12:58:24.692980+01:00 esp32 Protocol: Parsed header. Millis 69660 Type: 0 Size: 10
2025-11-30T12:58:24.696054+01:00 esp32 Main: Received motor move
2025-11-30T12:58:24.698973+01:00 esp32 Protocol: Motor DX: 255 1.000000, SX: 110 1.000000
2025-11-30T12:58:24.712069+01:00 esp32 Protocol: Parsed header. Millis 69760 Type: 0 Size: 10
2025-11-30T12:58:24.715000+01:00 esp32 Main: Received motor move
2025-11-30T12:58:24.719076+01:00 esp32 Protocol: Motor DX: 255 1.000000, SX: 86 1.000000
2025-11-30T12:58:24.925406+01:00 esp32 Protocol: Parsed header. Millis 69861 Type: 0 Size: 10
2025-11-30T12:58:24.930489+01:00 esp32 Main: Received motor move
2025-11-30T12:58:24.941033+01:00 esp32 Protocol: Motor DX: 255 1.000000, SX: 62 1.000000
2025-11-30T12:58:24.944071+01:00 esp32 Protocol: Parsed header. Millis 69961 Type: 0 Size: 10
2025-11-30T12:58:24.948264+01:00 esp32 Main: Received motor move
2025-11-30T12:58:24.951084+01:00 esp32 Protocol: Motor DX: 255 1.000000, SX: 132 1.000000
2025-11-30T12:58:25.170401+01:00 esp32 Protocol: Parsed header. Millis 70061 Type: 0 Size: 10
2025-11-30T12:58:25.173027+01:00 esp32 Main: Received motor move
2025-11-30T12:58:25.185162+01:00 esp32 Protocol: Motor DX: 255 1.000000, SX: 204 1.000000
2025-11-30T12:58:25.187012+01:00 esp32 Protocol: Parsed header. Millis 70161 Type: 0 Size: 10
2025-11-30T12:58:25.191172+01:00 esp32 Main: Received motor move
2025-11-30T12:58:25.203042+01:00 esp32 Protocol: Motor DX: 227 1.000000, SX: 255 1.000000
2025-11-30T12:58:25.206190+01:00 esp32 Protocol: Parsed header. Millis 70261 Type: 0 Size: 10
2025-11-30T12:58:25.208206+01:00 esp32 Main: Received motor move
2025-11-30T12:58:25.221255+01:00 esp32 Protocol: Motor DX: 187 1.000000, SX: 255 1.000000
2025-11-30T12:58:25.426591+01:00 esp32 Protocol: Parsed header. Millis 70361 Type: 0 Size: 10
2025-11-30T12:58:25.431286+01:00 esp32 Main: Received motor move
2025-11-30T12:58:25.432873+01:00 esp32 Protocol: Motor DX: 159 1.000000, SX: 255 1.000000
2025-11-30T12:58:25.445226+01:00 esp32 Protocol: Parsed header. Millis 70461 Type: 0 Size: 10
2025-11-30T12:58:25.450172+01:00 esp32 Main: Received motor move
2025-11-30T12:58:25.452044+01:00 esp32 Protocol: Motor DX: 153 1.000000, SX: 255 1.000000
2025-11-30T12:58:25.677296+01:00 esp32 Protocol: Parsed header. Millis 70561 Type: 0 Size: 10
2025-11-30T12:58:25.678972+01:00 esp32 Main: Received motor move
2025-11-30T12:58:25.691101+01:00 esp32 Protocol: Motor DX: 143 1.000000, SX: 255 1.000000
2025-11-30T12:58:25.694261+01:00 esp32 Protocol: Parsed header. Millis 70661 Type: 0 Size: 10
2025-11-30T12:58:25.696928+01:00 esp32 Main: Received motor move
2025-11-30T12:58:25.701898+01:00 esp32 Protocol: Motor DX: 145 1.000000, SX: 255 1.000000
2025-11-30T12:58:25.716069+01:00 esp32 Protocol: Parsed header. Millis 70761 Type: 0 Size: 10
2025-11-30T12:58:25.718078+01:00 esp32 Main: Received motor move
2025-11-30T12:58:25.719939+01:00 esp32 Protocol: Motor DX: 181 1.000000, SX: 255 1.000000
2025-11-30T12:58:25.917236+01:00 esp32 Protocol: Parsed header. Millis 70861 Type: 0 Size: 10
2025-11-30T12:58:25.918953+01:00 esp32 Main: Received motor move
2025-11-30T12:58:25.931113+01:00 esp32 Protocol: Motor DX: 251 1.000000, SX: 255 1.000000
2025-11-30T12:58:25.934083+01:00 esp32 Protocol: Parsed header. Millis 70962 Type: 0 Size: 10
2025-11-30T12:58:25.936078+01:00 esp32 Main: Received motor move
2025-11-30T12:58:25.948077+01:00 esp32 Protocol: Motor DX: 255 1.000000, SX: 234 1.000000
2025-11-30T12:58:26.167263+01:00 esp32 Protocol: Parsed header. Millis 71062 Type: 0 Size: 10
2025-11-30T12:58:26.169965+01:00 esp32 Main: Received motor move
2025-11-30T12:58:26.182040+01:00 esp32 Protocol: Motor DX: 255 1.000000, SX: 196 1.000000
2025-11-30T12:58:26.184120+01:00 esp32 Protocol: Parsed header. Millis 71162 Type: 0 Size: 10
2025-11-30T12:58:26.186964+01:00 esp32 Main: Received motor move
2025-11-30T12:58:26.199949+01:00 esp32 Protocol: Motor DX: 255 1.000000, SX: 212 1.000000
2025-11-30T12:58:26.201986+01:00 esp32 Protocol: Parsed header. Millis 71262 Type: 0 Size: 10
2025-11-30T12:58:26.204966+01:00 esp32 Main: Received motor move
2025-11-30T12:58:26.209935+01:00 esp32 Protocol: Motor DX: 255 1.000000, SX: 214 1.000000
2025-11-30T12:58:26.428349+01:00 esp32 Protocol: Parsed header. Millis 71362 Type: 0 Size: 10
2025-11-30T12:58:26.442163+01:00 esp32 Main: Received motor move
2025-11-30T12:58:26.444383+01:00 esp32 Protocol: Motor DX: 255 1.000000, SX: 206 1.000000
2025-11-30T12:58:26.457066+01:00 esp32 Protocol: Parsed header. Millis 71462 Type: 0 Size: 10
2025-11-30T12:58:26.459941+01:00 esp32 Main: Received motor move
2025-11-30T12:58:26.466685+01:00 esp32 Protocol: Motor DX: 255 1.000000, SX: 174 1.000000
2025-11-30T12:58:26.466685+01:00 esp32 Protocol: Parsed header. Millis 71562 Type: 0 Size: 10
2025-11-30T12:58:26.470037+01:00 esp32 Main: Received motor move
2025-11-30T12:58:26.486614+01:00 esp32 Protocol: Motor DX: 255 1.000000, SX: 164 1.000000
2025-11-30T12:58:26.672113+01:00 esp32 Protocol: Parsed header. Millis 71662 Type: 0 Size: 10
2025-11-30T12:58:26.672440+01:00 esp32 Main: Received motor move
2025-11-30T12:58:26.684171+01:00 esp32 Protocol: Motor DX: 255 1.000000, SX: 126 1.000000
2025-11-30T12:58:26.687006+01:00 esp32 Protocol: Parsed header. Millis 71762 Type: 0 Size: 10
2025-11-30T12:58:26.692547+01:00 esp32 Main: Received motor move
2025-11-30T12:58:26.701325+01:00 esp32 Protocol: Motor DX: 255 1.000000, SX: 100 1.000000
2025-11-30T12:58:26.823953+01:00 esp32 Main: Battery: -14 , 11743 mV, 2128 raw
2025-11-30T12:58:26.836491+01:00 esp32 Protocol: Wifi 1, Server: 1, Latest millis: 71762, Used: 0, Read header: 0, Sensors count: 0
2025-11-30T12:58:26.927424+01:00 esp32 Protocol: Parsed header. Millis 71862 Type: 0 Size: 10
2025-11-30T12:58:26.929059+01:00 esp32 Main: Received motor move
2025-11-30T12:58:26.942071+01:00 esp32 Protocol: Motor DX: 255 1.000000, SX: 104 1.000000
2025-11-30T12:58:26.945099+01:00 esp32 Protocol: Parsed header. Millis 71962 Type: 0 Size: 10
2025-11-30T12:58:26.948994+01:00 esp32 Main: Received motor move
2025-11-30T12:58:26.951110+01:00 esp32 Protocol: Motor DX: 255 1.000000, SX: 92 1.000000
2025-11-30T12:58:27.176424+01:00 esp32 Protocol: Parsed header. Millis 72063 Type: 0 Size: 10
2025-11-30T12:58:27.184140+01:00 esp32 Main: Received motor move
2025-11-30T12:58:27.184593+01:00 esp32 Protocol: Motor DX: 255 1.000000, SX: 78 1.000000
2025-11-30T12:58:27.198198+01:00 esp32 Protocol: Parsed header. Millis 72163 Type: 0 Size: 10
2025-11-30T12:58:27.199950+01:00 esp32 Main: Received motor move
2025-11-30T12:58:27.205560+01:00 esp32 Protocol: Motor DX: 255 1.000000, SX: 50 1.000000
2025-11-30T12:58:27.215011+01:00 esp32 Protocol: Parsed header. Millis 72263 Type: 0 Size: 10
2025-11-30T12:58:27.218022+01:00 esp32 Main: Received motor move
2025-11-30T12:58:27.221103+01:00 esp32 Protocol: Motor DX: 4 -1.000000, SX: 6 1.000000
2025-11-30T12:58:27.689371+01:00 esp32 Protocol: Parsed header. Millis 72763 Type: 0 Size: 10
2025-11-30T12:58:27.691024+01:00 esp32 Main: Received motor move
2025-11-30T12:58:27.706110+01:00 esp32 Protocol: Motor DX: 2 -1.000000, SX: 4 1.000000
2025-11-30T12:58:27.939330+01:00 esp32 Protocol: Parsed header. Millis 73063 Type: 0 Size: 10
2025-11-30T12:58:27.940976+01:00 esp32 Main: Received motor move
2025-11-30T12:58:27.953012+01:00 esp32 Protocol: Motor DX: 0 1.000000, SX: 2 1.000000
2025-11-30T12:58:30.044515+01:00 esp32 Protocol: Parsed header. Millis 75065 Type: 0 Size: 10
2025-11-30T12:58:30.049628+01:00 esp32 Main: Received motor move
2025-11-30T12:58:30.060070+01:00 esp32 Protocol: Motor DX: 20 1.000000, SX: 22 1.000000
2025-11-30T12:58:30.182321+01:00 esp32 Protocol: Parsed header. Millis 75165 Type: 0 Size: 10
2025-11-30T12:58:30.185009+01:00 esp32 Main: Received motor move
2025-11-30T12:58:30.188116+01:00 esp32 Protocol: Motor DX: 44 1.000000, SX: 38 1.000000
2025-11-30T12:58:30.200000+01:00 esp32 Protocol: Parsed header. Millis 75265 Type: 0 Size: 10
2025-11-30T12:58:30.207008+01:00 esp32 Main: Received motor move
2025-11-30T12:58:30.209978+01:00 esp32 Protocol: Motor DX: 58 1.000000, SX: 40 1.000000
2025-11-30T12:58:30.428379+01:00 esp32 Protocol: Parsed header. Millis 75365 Type: 0 Size: 10
2025-11-30T12:58:30.432025+01:00 esp32 Main: Received motor move
2025-11-30T12:58:30.444259+01:00 esp32 Protocol: Motor DX: 66 1.000000, SX: 32 1.000000
2025-11-30T12:58:30.448045+01:00 esp32 Protocol: Parsed header. Millis 75465 Type: 0 Size: 10
2025-11-30T12:58:30.452984+01:00 esp32 Main: Received motor move
2025-11-30T12:58:30.460459+01:00 esp32 Protocol: Motor DX: 76 1.000000, SX: 26 1.000000
2025-11-30T12:58:30.677291+01:00 esp32 Protocol: Parsed header. Millis 75565 Type: 0 Size: 10
2025-11-30T12:58:30.680993+01:00 esp32 Main: Received motor move
2025-11-30T12:58:30.686225+01:00 esp32 Protocol: Motor DX: 90 1.000000, SX: 44 1.000000
2025-11-30T12:58:30.698037+01:00 esp32 Protocol: Parsed header. Millis 75665 Type: 0 Size: 10
2025-11-30T12:58:30.699956+01:00 esp32 Main: Received motor move
2025-11-30T12:58:30.705977+01:00 esp32 Protocol: Motor DX: 96 1.000000, SX: 54 1.000000
2025-11-30T12:58:30.929343+01:00 esp32 Protocol: Parsed header. Millis 75866 Type: 0 Size: 10
2025-11-30T12:58:30.931932+01:00 esp32 Main: Received motor move
2025-11-30T12:58:30.945998+01:00 esp32 Protocol: Motor DX: 98 1.000000, SX: 56 1.000000
2025-11-30T12:58:30.948958+01:00 esp32 Protocol: Parsed header. Millis 75966 Type: 0 Size: 10
2025-11-30T12:58:30.950945+01:00 esp32 Main: Received motor move
2025-11-30T12:58:30.963075+01:00 esp32 Protocol: Motor DX: 108 1.000000, SX: 66 1.000000
2025-11-30T12:58:31.180227+01:00 esp32 Protocol: Parsed header. Millis 76066 Type: 0 Size: 10
2025-11-30T12:58:31.181955+01:00 esp32 Main: Received motor move
2025-11-30T12:58:31.198267+01:00 esp32 Protocol: Motor DX: 120 1.000000, SX: 78 1.000000
2025-11-30T12:58:31.198267+01:00 esp32 Protocol: Parsed header. Millis 76166 Type: 0 Size: 10
2025-11-30T12:58:31.198411+01:00 esp32 Main: Received motor move
2025-11-30T12:58:31.203054+01:00 esp32 Protocol: Motor DX: 126 1.000000, SX: 80 1.000000
2025-11-30T12:58:31.216062+01:00 esp32 Protocol: Parsed header. Millis 76266 Type: 0 Size: 10
2025-11-30T12:58:31.218962+01:00 esp32 Main: Received motor move
2025-11-30T12:58:31.222964+01:00 esp32 Protocol: Motor DX: 130 1.000000, SX: 84 1.000000
2025-11-30T12:58:31.430280+01:00 esp32 Protocol: Parsed header. Millis 76366 Type: 0 Size: 10
2025-11-30T12:58:31.431966+01:00 esp32 Main: Received motor move
2025-11-30T12:58:31.444943+01:00 esp32 Protocol: Motor DX: 146 1.000000, SX: 100 1.000000
2025-11-30T12:58:31.446954+01:00 esp32 Protocol: Parsed header. Millis 76466 Type: 0 Size: 10
2025-11-30T12:58:31.449922+01:00 esp32 Main: Received motor move
2025-11-30T12:58:31.463990+01:00 esp32 Protocol: Motor DX: 156 1.000000, SX: 102 1.000000
2025-11-30T12:58:31.672937+01:00 esp32 Protocol: Parsed header. Millis 76566 Type: 0 Size: 10
2025-11-30T12:58:31.675143+01:00 esp32 Main: Received motor move
2025-11-30T12:58:31.688424+01:00 esp32 Protocol: Motor DX: 160 1.000000, SX: 102 1.000000
2025-11-30T12:58:31.688663+01:00 esp32 Protocol: Parsed header. Millis 76666 Type: 0 Size: 10
2025-11-30T12:58:31.690989+01:00 esp32 Main: Received motor move
2025-11-30T12:58:31.703149+01:00 esp32 Protocol: Motor DX: 166 1.000000, SX: 96 1.000000
2025-11-30T12:58:31.710097+01:00 esp32 Protocol: Parsed header. Millis 76766 Type: 0 Size: 10
2025-11-30T12:58:31.710301+01:00 esp32 Main: Received motor move
2025-11-30T12:58:31.721078+01:00 esp32 Protocol: Motor DX: 172 1.000000, SX: 90 1.000000
2025-11-30T12:58:31.934458+01:00 esp32 Protocol: Parsed header. Millis 76866 Type: 0 Size: 10
2025-11-30T12:58:31.940049+01:00 esp32 Main: Received motor move
2025-11-30T12:58:31.943032+01:00 esp32 Protocol: Motor DX: 180 1.000000, SX: 70 1.000000
2025-11-30T12:58:31.948148+01:00 esp32 Protocol: Parsed header. Millis 76967 Type: 0 Size: 10
2025-11-30T12:58:31.951164+01:00 esp32 Main: Received motor move
2025-11-30T12:58:31.964339+01:00 esp32 Protocol: Motor DX: 192 1.000000, SX: 50 1.000000
2025-11-30T12:58:32.182396+01:00 esp32 Protocol: Parsed header. Millis 77067 Type: 0 Size: 10
2025-11-30T12:58:32.184470+01:00 esp32 Main: Received motor move
2025-11-30T12:58:32.196040+01:00 esp32 Protocol: Motor DX: 210 1.000000, SX: 44 1.000000
2025-11-30T12:58:32.200165+01:00 esp32 Protocol: Parsed header. Millis 77167 Type: 0 Size: 10
2025-11-30T12:58:32.203964+01:00 esp32 Main: Received motor move
2025-11-30T12:58:32.216013+01:00 esp32 Protocol: Motor DX: 206 1.000000, SX: 116 1.000000
2025-11-30T12:58:32.221162+01:00 esp32 Protocol: Parsed header. Millis 77267 Type: 0 Size: 10
2025-11-30T12:58:32.221215+01:00 esp32 Main: Received motor move
2025-11-30T12:58:32.232934+01:00 esp32 Protocol: Motor DX: 216 1.000000, SX: 230 1.000000
2025-11-30T12:58:32.437391+01:00 esp32 Protocol: Parsed header. Millis 77367 Type: 0 Size: 10
2025-11-30T12:58:32.440038+01:00 esp32 Main: Received motor move
2025-11-30T12:58:32.453093+01:00 esp32 Protocol: Motor DX: 212 1.000000, SX: 230 1.000000
2025-11-30T12:58:32.456123+01:00 esp32 Protocol: Parsed header. Millis 77467 Type: 0 Size: 10
2025-11-30T12:58:32.460966+01:00 esp32 Main: Received motor move
2025-11-30T12:58:32.464921+01:00 esp32 Protocol: Motor DX: 204 1.000000, SX: 222 1.000000
2025-11-30T12:58:32.677336+01:00 esp32 Protocol: Parsed header. Millis 77567 Type: 0 Size: 10
2025-11-30T12:58:32.681062+01:00 esp32 Main: Received motor move
2025-11-30T12:58:32.687073+01:00 esp32 Protocol: Motor DX: 198 1.000000, SX: 228 1.000000
2025-11-30T12:58:32.699126+01:00 esp32 Protocol: Parsed header. Millis 77667 Type: 0 Size: 10
2025-11-30T12:58:32.701965+01:00 esp32 Main: Received motor move
2025-11-30T12:58:32.705044+01:00 esp32 Protocol: Motor DX: 198 1.000000, SX: 236 1.000000
2025-11-30T12:58:32.718121+01:00 esp32 Protocol: Parsed header. Millis 77767 Type: 0 Size: 10
2025-11-30T12:58:32.721039+01:00 esp32 Main: Received motor move
2025-11-30T12:58:32.722966+01:00 esp32 Protocol: Motor DX: 188 1.000000, SX: 250 1.000000
2025-11-30T12:58:32.933365+01:00 esp32 Protocol: Parsed header. Millis 77867 Type: 0 Size: 10
2025-11-30T12:58:32.938367+01:00 esp32 Main: Received motor move
2025-11-30T12:58:32.947159+01:00 esp32 Protocol: Motor DX: 180 1.000000, SX: 255 1.000000
2025-11-30T12:58:32.950132+01:00 esp32 Protocol: Parsed header. Millis 77967 Type: 0 Size: 10
2025-11-30T12:58:32.953043+01:00 esp32 Main: Received motor move
2025-11-30T12:58:32.965112+01:00 esp32 Protocol: Motor DX: 182 1.000000, SX: 255 1.000000
2025-11-30T12:58:33.178414+01:00 esp32 Protocol: Parsed header. Millis 78067 Type: 0 Size: 10
2025-11-30T12:58:33.180008+01:00 esp32 Main: Received motor move
2025-11-30T12:58:33.194029+01:00 esp32 Protocol: Motor DX: 172 1.000000, SX: 242 1.000000
2025-11-30T12:58:33.196041+01:00 esp32 Protocol: Parsed header. Millis 78168 Type: 0 Size: 10
2025-11-30T12:58:33.198015+01:00 esp32 Main: Received motor move
2025-11-30T12:58:33.211241+01:00 esp32 Protocol: Motor DX: 156 1.000000, SX: 206 1.000000
2025-11-30T12:58:33.213041+01:00 esp32 Protocol: Parsed header. Millis 78268 Type: 0 Size: 10
2025-11-30T12:58:33.214987+01:00 esp32 Main: Received motor move
2025-11-30T12:58:33.228087+01:00 esp32 Protocol: Motor DX: 148 1.000000, SX: 178 1.000000
2025-11-30T12:58:33.433324+01:00 esp32 Protocol: Parsed header. Millis 78368 Type: 0 Size: 10
2025-11-30T12:58:33.438086+01:00 esp32 Main: Received motor move
2025-11-30T12:58:33.441076+01:00 esp32 Protocol: Motor DX: 148 1.000000, SX: 174 1.000000
2025-11-30T12:58:33.453036+01:00 esp32 Protocol: Parsed header. Millis 78468 Type: 0 Size: 10
2025-11-30T12:58:33.454962+01:00 esp32 Main: Received motor move
2025-11-30T12:58:33.458992+01:00 esp32 Protocol: Motor DX: 146 1.000000, SX: 168 1.000000
2025-11-30T12:58:33.683399+01:00 esp32 Protocol: Parsed header. Millis 78668 Type: 0 Size: 10
2025-11-30T12:58:33.686006+01:00 esp32 Main: Received motor move
2025-11-30T12:58:33.700084+01:00 esp32 Protocol: Motor DX: 148 1.000000, SX: 170 1.000000
2025-11-30T12:58:33.933438+01:00 esp32 Protocol: Parsed header. Millis 78868 Type: 0 Size: 10
2025-11-30T12:58:33.935217+01:00 esp32 Main: Received motor move
2025-11-30T12:58:33.947986+01:00 esp32 Protocol: Motor DX: 150 1.000000, SX: 172 1.000000
2025-11-30T12:58:33.949908+01:00 esp32 Protocol: Parsed header. Millis 78968 Type: 0 Size: 10
2025-11-30T12:58:33.951892+01:00 esp32 Main: Received motor move
2025-11-30T12:58:33.964962+01:00 esp32 Protocol: Motor DX: 152 1.000000, SX: 166 1.000000
2025-11-30T12:58:34.189180+01:00 esp32 Protocol: Parsed header. Millis 79068 Type: 0 Size: 10
2025-11-30T12:58:34.190934+01:00 esp32 Main: Received motor move
2025-11-30T12:58:34.195167+01:00 esp32 Protocol: Motor DX: 170 1.000000, SX: 136 1.000000
2025-11-30T12:58:34.208133+01:00 esp32 Protocol: Parsed header. Millis 79168 Type: 0 Size: 10
2025-11-30T12:58:34.209907+01:00 esp32 Main: Received motor move
2025-11-30T12:58:34.212009+01:00 esp32 Protocol: Motor DX: 194 1.000000, SX: 96 1.000000
2025-11-30T12:58:34.224899+01:00 esp32 Protocol: Parsed header. Millis 79269 Type: 0 Size: 10
2025-11-30T12:58:34.227890+01:00 esp32 Main: Received motor move
2025-11-30T12:58:34.231128+01:00 esp32 Protocol: Motor DX: 228 1.000000, SX: 54 1.000000
2025-11-30T12:58:34.428169+01:00 esp32 Protocol: Parsed header. Millis 79369 Type: 0 Size: 10
2025-11-30T12:58:34.429941+01:00 esp32 Main: Received motor move
2025-11-30T12:58:34.442197+01:00 esp32 Protocol: Motor DX: 238 1.000000, SX: 44 1.000000
2025-11-30T12:58:34.446932+01:00 esp32 Protocol: Parsed header. Millis 79469 Type: 0 Size: 10
2025-11-30T12:58:34.449883+01:00 esp32 Main: Received motor move
2025-11-30T12:58:34.457310+01:00 esp32 Protocol: Motor DX: 252 1.000000, SX: 26 1.000000
2025-11-30T12:58:34.679263+01:00 esp32 Protocol: Parsed header. Millis 79569 Type: 0 Size: 10
2025-11-30T12:58:34.681072+01:00 esp32 Main: Received motor move
2025-11-30T12:58:34.694118+01:00 esp32 Protocol: Motor DX: 255 1.000000, SX: 3 -1.000000
2025-11-30T12:58:34.698965+01:00 esp32 Protocol: Parsed header. Millis 79669 Type: 0 Size: 10
2025-11-30T12:58:34.701002+01:00 esp32 Main: Received motor move
2025-11-30T12:58:34.706058+01:00 esp32 Protocol: Motor DX: 255 1.000000, SX: 5 -1.000000
2025-11-30T12:58:34.718095+01:00 esp32 Protocol: Parsed header. Millis 79769 Type: 0 Size: 10
2025-11-30T12:58:34.721955+01:00 esp32 Main: Received motor move
2025-11-30T12:58:34.725159+01:00 esp32 Protocol: Motor DX: 255 1.000000, SX: 2 1.000000
2025-11-30T12:58:34.930586+01:00 esp32 Protocol: Parsed header. Millis 79869 Type: 0 Size: 10
2025-11-30T12:58:34.932003+01:00 esp32 Main: Received motor move
2025-11-30T12:58:34.944079+01:00 esp32 Protocol: Motor DX: 254 1.000000, SX: 36 1.000000
2025-11-30T12:58:34.948010+01:00 esp32 Protocol: Parsed header. Millis 79969 Type: 0 Size: 10
2025-11-30T12:58:34.950063+01:00 esp32 Main: Received motor move
2025-11-30T12:58:34.965473+01:00 esp32 Protocol: Motor DX: 226 1.000000, SX: 88 1.000000
2025-11-30T12:58:35.181204+01:00 esp32 Protocol: Parsed header. Millis 80069 Type: 0 Size: 10
2025-11-30T12:58:35.185047+01:00 esp32 Main: Received motor move
2025-11-30T12:58:35.198171+01:00 esp32 Protocol: Motor DX: 206 1.000000, SX: 156 1.000000
2025-11-30T12:58:35.200030+01:00 esp32 Protocol: Parsed header. Millis 80169 Type: 0 Size: 10
2025-11-30T12:58:35.201907+01:00 esp32 Main: Received motor move
2025-11-30T12:58:35.214929+01:00 esp32 Protocol: Motor DX: 198 1.000000, SX: 232 1.000000
2025-11-30T12:58:35.217952+01:00 esp32 Protocol: Parsed header. Millis 80269 Type: 0 Size: 10
2025-11-30T12:58:35.220900+01:00 esp32 Main: Received motor move
2025-11-30T12:58:35.232925+01:00 esp32 Protocol: Motor DX: 194 1.000000, SX: 255 1.000000
2025-11-30T12:58:35.436317+01:00 esp32 Protocol: Parsed header. Millis 80369 Type: 0 Size: 10
2025-11-30T12:58:35.437955+01:00 esp32 Main: Received motor move
2025-11-30T12:58:35.450953+01:00 esp32 Protocol: Motor DX: 178 1.000000, SX: 255 1.000000
2025-11-30T12:58:35.455933+01:00 esp32 Protocol: Parsed header. Millis 80470 Type: 0 Size: 10
2025-11-30T12:58:35.457584+01:00 esp32 Main: Received motor move
2025-11-30T12:58:35.469980+01:00 esp32 Protocol: Motor DX: 172 1.000000, SX: 255 1.000000
2025-11-30T12:58:35.695531+01:00 esp32 Protocol: Parsed header. Millis 80570 Type: 0 Size: 10
2025-11-30T12:58:35.698158+01:00 esp32 Main: Received motor move
2025-11-30T12:58:35.710242+01:00 esp32 Protocol: Motor DX: 174 1.000000, SX: 255 1.000000
2025-11-30T12:58:35.712046+01:00 esp32 Protocol: Parsed header. Millis 80670 Type: 0 Size: 10
2025-11-30T12:58:35.715045+01:00 esp32 Main: Received motor move
2025-11-30T12:58:35.727168+01:00 esp32 Protocol: Motor DX: 178 1.000000, SX: 255 1.000000
2025-11-30T12:58:35.730171+01:00 esp32 Protocol: Parsed header. Millis 80770 Type: 0 Size: 10
2025-11-30T12:58:35.732002+01:00 esp32 Main: Received motor move
2025-11-30T12:58:35.746210+01:00 esp32 Protocol: Motor DX: 176 1.000000, SX: 255 1.000000
2025-11-30T12:58:35.928375+01:00 esp32 Protocol: Parsed header. Millis 80970 Type: 0 Size: 10
2025-11-30T12:58:35.931978+01:00 esp32 Main: Received motor move
2025-11-30T12:58:35.946022+01:00 esp32 Protocol: Motor DX: 172 1.000000, SX: 255 1.000000
2025-11-30T12:58:36.186263+01:00 esp32 Protocol: Parsed header. Millis 81070 Type: 0 Size: 10
2025-11-30T12:58:36.187943+01:00 esp32 Main: Received motor move
2025-11-30T12:58:36.200328+01:00 esp32 Protocol: Motor DX: 193 1.000000, SX: 255 1.000000
2025-11-30T12:58:36.431132+01:00 esp32 Protocol: Parsed header. Millis 81370 Type: 0 Size: 10
2025-11-30T12:58:36.433012+01:00 esp32 Main: Received motor move
2025-11-30T12:58:36.447947+01:00 esp32 Protocol: Motor DX: 192 1.000000, SX: 255 1.000000
2025-11-30T12:58:36.449896+01:00 esp32 Protocol: Parsed header. Millis 81470 Type: 0 Size: 10
2025-11-30T12:58:36.452880+01:00 esp32 Main: Received motor move
2025-11-30T12:58:36.465126+01:00 esp32 Protocol: Motor DX: 2 -1.000000, SX: 4 1.000000
2025-11-30T12:58:36.685300+01:00 esp32 Protocol: Parsed header. Millis 81671 Type: 0 Size: 10
2025-11-30T12:58:36.688086+01:00 esp32 Main: Received motor move
2025-11-30T12:58:36.700384+01:00 esp32 Protocol: Motor DX: 74 -1.000000, SX: 175 -1.000000
2025-11-30T12:58:36.702005+01:00 esp32 Protocol: Parsed header. Millis 81771 Type: 0 Size: 10
2025-11-30T12:58:36.705922+01:00 esp32 Main: Received motor move
2025-11-30T12:58:36.718323+01:00 esp32 Protocol: Motor DX: 134 -1.000000, SX: 203 -1.000000
2025-11-30T12:58:36.823436+01:00 esp32 Main: Battery: 13 , 12984 mV, 2352 raw
2025-11-30T12:58:36.836366+01:00 esp32 Protocol: Wifi 1, Server: 1, Latest millis: 81771, Used: 0, Read header: 0, Sensors count: 0
2025-11-30T12:58:36.937350+01:00 esp32 Protocol: Parsed header. Millis 81871 Type: 0 Size: 10
2025-11-30T12:58:36.939995+01:00 esp32 Main: Received motor move
2025-11-30T12:58:36.953973+01:00 esp32 Protocol: Motor DX: 208 -1.000000, SX: 249 -1.000000
2025-11-30T12:58:36.956958+01:00 esp32 Protocol: Parsed header. Millis 81971 Type: 0 Size: 10
2025-11-30T12:58:36.959954+01:00 esp32 Main: Received motor move
2025-11-30T12:58:36.962959+01:00 esp32 Protocol: Motor DX: 220 -1.000000, SX: 237 -1.000000
2025-11-30T12:58:37.186262+01:00 esp32 Protocol: Parsed header. Millis 82071 Type: 0 Size: 10
2025-11-30T12:58:37.188941+01:00 esp32 Main: Received motor move
2025-11-30T12:58:37.201915+01:00 esp32 Protocol: Motor DX: 206 -1.000000, SX: 191 -1.000000
2025-11-30T12:58:37.202887+01:00 esp32 Protocol: Parsed header. Millis 82171 Type: 0 Size: 10
2025-11-30T12:58:37.206114+01:00 esp32 Main: Received motor move
2025-11-30T12:58:37.219175+01:00 esp32 Protocol: Motor DX: 196 -1.000000, SX: 161 -1.000000
2025-11-30T12:58:37.221949+01:00 esp32 Protocol: Parsed header. Millis 82271 Type: 0 Size: 10
2025-11-30T12:58:37.224868+01:00 esp32 Main: Received motor move
2025-11-30T12:58:37.238648+01:00 esp32 Protocol: Motor DX: 188 -1.000000, SX: 153 -1.000000
2025-11-30T12:58:37.436397+01:00 esp32 Protocol: Parsed header. Millis 82371 Type: 0 Size: 10
2025-11-30T12:58:37.438075+01:00 esp32 Main: Received motor move
2025-11-30T12:58:37.450074+01:00 esp32 Protocol: Motor DX: 190 -1.000000, SX: 139 -1.000000
2025-11-30T12:58:37.452026+01:00 esp32 Protocol: Parsed header. Millis 82471 Type: 0 Size: 10
2025-11-30T12:58:37.456000+01:00 esp32 Main: Received motor move
2025-11-30T12:58:37.468242+01:00 esp32 Protocol: Motor DX: 198 -1.000000, SX: 135 -1.000000
2025-11-30T12:58:37.686251+01:00 esp32 Protocol: Parsed header. Millis 82571 Type: 0 Size: 10
2025-11-30T12:58:37.688090+01:00 esp32 Main: Received motor move
2025-11-30T12:58:37.699981+01:00 esp32 Protocol: Motor DX: 192 -1.000000, SX: 137 -1.000000
2025-11-30T12:58:37.707052+01:00 esp32 Protocol: Parsed header. Millis 82671 Type: 0 Size: 10
2025-11-30T12:58:37.710097+01:00 esp32 Main: Received motor move
2025-11-30T12:58:37.722238+01:00 esp32 Protocol: Motor DX: 186 -1.000000, SX: 131 -1.000000
2025-11-30T12:58:37.724096+01:00 esp32 Protocol: Parsed header. Millis 82772 Type: 0 Size: 10
2025-11-30T12:58:37.729815+01:00 esp32 Main: Received motor move
2025-11-30T12:58:37.740112+01:00 esp32 Protocol: Motor DX: 186 -1.000000, SX: 135 -1.000000
2025-11-30T12:58:37.936327+01:00 esp32 Protocol: Parsed header. Millis 82872 Type: 0 Size: 10
2025-11-30T12:58:37.938934+01:00 esp32 Main: Received motor move
2025-11-30T12:58:37.957423+01:00 esp32 Protocol: Motor DX: 188 -1.000000, SX: 137 -1.000000
2025-11-30T12:58:37.957423+01:00 esp32 Protocol: Parsed header. Millis 82972 Type: 0 Size: 10
2025-11-30T12:58:37.957850+01:00 esp32 Main: Received motor move
2025-11-30T12:58:37.970075+01:00 esp32 Protocol: Motor DX: 180 -1.000000, SX: 125 -1.000000
2025-11-30T12:58:38.188069+01:00 esp32 Protocol: Parsed header. Millis 83072 Type: 0 Size: 10
2025-11-30T12:58:38.191971+01:00 esp32 Main: Received motor move
2025-11-30T12:58:38.196999+01:00 esp32 Protocol: Motor DX: 180 -1.000000, SX: 129 -1.000000
2025-11-30T12:58:38.210007+01:00 esp32 Protocol: Parsed header. Millis 83172 Type: 0 Size: 10
2025-11-30T12:58:38.211957+01:00 esp32 Main: Received motor move
2025-11-30T12:58:38.213966+01:00 esp32 Protocol: Motor DX: 178 -1.000000, SX: 127 -1.000000
2025-11-30T12:58:38.231110+01:00 esp32 Protocol: Parsed header. Millis 83272 Type: 0 Size: 10
2025-11-30T12:58:38.235349+01:00 esp32 Main: Received motor move
2025-11-30T12:58:38.240961+01:00 esp32 Protocol: Motor DX: 172 -1.000000, SX: 149 -1.000000
2025-11-30T12:58:38.256166+01:00 esp32 Protocol: Parsed header. Millis 83372 Type: 0 Size: 10
2025-11-30T12:58:38.258178+01:00 esp32 Main: Received motor move
2025-11-30T12:58:38.270025+01:00 esp32 Protocol: Motor DX: 216 -1.000000, SX: 241 -1.000000
2025-11-30T12:58:38.430764+01:00 esp32 Protocol: Parsed header. Millis 83472 Type: 0 Size: 10
2025-11-30T12:58:38.432583+01:00 esp32 Main: Received motor move
2025-11-30T12:58:38.448843+01:00 esp32 Protocol: Motor DX: 220 -1.000000, SX: 245 -1.000000
2025-11-30T12:58:38.679234+01:00 esp32 Protocol: Parsed header. Millis 83572 Type: 0 Size: 10
2025-11-30T12:58:38.683952+01:00 esp32 Main: Received motor move
2025-11-30T12:58:38.686950+01:00 esp32 Protocol: Motor DX: 198 -1.000000, SX: 215 -1.000000
2025-11-30T12:58:38.699942+01:00 esp32 Protocol: Parsed header. Millis 83672 Type: 0 Size: 10
2025-11-30T12:58:38.701936+01:00 esp32 Main: Received motor move
2025-11-30T12:58:38.705078+01:00 esp32 Protocol: Motor DX: 180 -1.000000, SX: 213 -1.000000
2025-11-30T12:58:38.717028+01:00 esp32 Protocol: Parsed header. Millis 83772 Type: 0 Size: 10
2025-11-30T12:58:38.718935+01:00 esp32 Main: Received motor move
2025-11-30T12:58:38.721033+01:00 esp32 Protocol: Motor DX: 180 -1.000000, SX: 225 -1.000000
2025-11-30T12:58:38.937315+01:00 esp32 Protocol: Parsed header. Millis 83873 Type: 0 Size: 10
2025-11-30T12:58:38.940027+01:00 esp32 Main: Received motor move
2025-11-30T12:58:38.955052+01:00 esp32 Protocol: Motor DX: 170 -1.000000, SX: 239 -1.000000
2025-11-30T12:58:38.959990+01:00 esp32 Protocol: Parsed header. Millis 83973 Type: 0 Size: 10
2025-11-30T12:58:38.962944+01:00 esp32 Main: Received motor move
2025-11-30T12:58:38.975112+01:00 esp32 Protocol: Motor DX: 156 -1.000000, SX: 229 -1.000000
2025-11-30T12:58:39.187392+01:00 esp32 Protocol: Parsed header. Millis 84073 Type: 0 Size: 10
2025-11-30T12:58:39.188980+01:00 esp32 Main: Received motor move
2025-11-30T12:58:39.201146+01:00 esp32 Protocol: Motor DX: 134 -1.000000, SX: 247 -1.000000
2025-11-30T12:58:39.203034+01:00 esp32 Protocol: Parsed header. Millis 84173 Type: 0 Size: 10
2025-11-30T12:58:39.207016+01:00 esp32 Main: Received motor move
2025-11-30T12:58:39.219970+01:00 esp32 Protocol: Motor DX: 128 -1.000000, SX: 241 -1.000000
2025-11-30T12:58:39.222923+01:00 esp32 Protocol: Parsed header. Millis 84273 Type: 0 Size: 10
2025-11-30T12:58:39.225112+01:00 esp32 Main: Received motor move
2025-11-30T12:58:39.238087+01:00 esp32 Protocol: Motor DX: 124 -1.000000, SX: 237 -1.000000
2025-11-30T12:58:39.437793+01:00 esp32 Protocol: Parsed header. Millis 84373 Type: 0 Size: 10
2025-11-30T12:58:39.438950+01:00 esp32 Main: Received motor move
2025-11-30T12:58:39.452099+01:00 esp32 Protocol: Motor DX: 118 -1.000000, SX: 231 -1.000000
2025-11-30T12:58:39.454860+01:00 esp32 Protocol: Parsed header. Millis 84473 Type: 0 Size: 10
2025-11-30T12:58:39.455901+01:00 esp32 Main: Received motor move
2025-11-30T12:58:39.471841+01:00 esp32 Protocol: Motor DX: 114 -1.000000, SX: 227 -1.000000
2025-11-30T12:58:39.687318+01:00 esp32 Protocol: Parsed header. Millis 84573 Type: 0 Size: 10
2025-11-30T12:58:39.690025+01:00 esp32 Main: Received motor move
2025-11-30T12:58:39.703025+01:00 esp32 Protocol: Motor DX: 110 -1.000000, SX: 231 -1.000000
2025-11-30T12:58:39.706117+01:00 esp32 Protocol: Parsed header. Millis 84673 Type: 0 Size: 10
2025-11-30T12:58:39.708231+01:00 esp32 Main: Received motor move
2025-11-30T12:58:39.720090+01:00 esp32 Protocol: Motor DX: 108 -1.000000, SX: 229 -1.000000
2025-11-30T12:58:39.722952+01:00 esp32 Protocol: Parsed header. Millis 84773 Type: 0 Size: 10
2025-11-30T12:58:39.725048+01:00 esp32 Main: Received motor move
2025-11-30T12:58:39.738030+01:00 esp32 Protocol: Motor DX: 104 -1.000000, SX: 225 -1.000000
2025-11-30T12:58:39.930349+01:00 esp32 Protocol: Parsed header. Millis 84973 Type: 0 Size: 10
2025-11-30T12:58:39.932024+01:00 esp32 Main: Received motor move
2025-11-30T12:58:39.945175+01:00 esp32 Protocol: Motor DX: 98 -1.000000, SX: 219 -1.000000
2025-11-30T12:58:40.190208+01:00 esp32 Protocol: Parsed header. Millis 85074 Type: 0 Size: 10
2025-11-30T12:58:40.193920+01:00 esp32 Main: Received motor move
2025-11-30T12:58:40.196132+01:00 esp32 Protocol: Motor DX: 96 -1.000000, SX: 217 -1.000000
2025-11-30T12:58:40.208121+01:00 esp32 Protocol: Parsed header. Millis 85174 Type: 0 Size: 10
2025-11-30T12:58:40.210022+01:00 esp32 Main: Received motor move
2025-11-30T12:58:40.215136+01:00 esp32 Protocol: Motor DX: 88 -1.000000, SX: 217 -1.000000
2025-11-30T12:58:40.226988+01:00 esp32 Protocol: Parsed header. Millis 85274 Type: 0 Size: 10
2025-11-30T12:58:40.229959+01:00 esp32 Main: Received motor move
2025-11-30T12:58:40.231952+01:00 esp32 Protocol: Motor DX: 80 -1.000000, SX: 245 -1.000000
2025-11-30T12:58:40.437563+01:00 esp32 Protocol: Parsed header. Millis 85374 Type: 0 Size: 10
2025-11-30T12:58:40.442196+01:00 esp32 Main: Received motor move
2025-11-30T12:58:40.453033+01:00 esp32 Protocol: Motor DX: 74 -1.000000, SX: 251 -1.000000
2025-11-30T12:58:40.454953+01:00 esp32 Protocol: Parsed header. Millis 85474 Type: 0 Size: 10
2025-11-30T12:58:40.457920+01:00 esp32 Main: Received motor move
2025-11-30T12:58:40.470989+01:00 esp32 Protocol: Motor DX: 70 -1.000000, SX: 251 -1.000000
2025-11-30T12:58:40.688676+01:00 esp32 Protocol: Parsed header. Millis 85574 Type: 0 Size: 10
2025-11-30T12:58:40.690012+01:00 esp32 Main: Received motor move
2025-11-30T12:58:40.702047+01:00 esp32 Protocol: Motor DX: 64 -1.000000, SX: 245 -1.000000
2025-11-30T12:58:40.706170+01:00 esp32 Protocol: Parsed header. Millis 85674 Type: 0 Size: 10
2025-11-30T12:58:40.709169+01:00 esp32 Main: Received motor move
2025-11-30T12:58:40.721235+01:00 esp32 Protocol: Motor DX: 36 -1.000000, SX: 229 -1.000000
2025-11-30T12:58:40.726030+01:00 esp32 Protocol: Parsed header. Millis 85774 Type: 0 Size: 10
2025-11-30T12:58:40.729026+01:00 esp32 Main: Received motor move
2025-11-30T12:58:40.733015+01:00 esp32 Protocol: Motor DX: 28 -1.000000, SX: 197 -1.000000
2025-11-30T12:58:40.939281+01:00 esp32 Protocol: Parsed header. Millis 85874 Type: 0 Size: 10
2025-11-30T12:58:40.941092+01:00 esp32 Main: Received motor move
2025-11-30T12:58:40.954133+01:00 esp32 Protocol: Motor DX: 30 -1.000000, SX: 95 -1.000000
2025-11-30T12:58:40.956133+01:00 esp32 Protocol: Parsed header. Millis 85974 Type: 0 Size: 10
2025-11-30T12:58:40.958143+01:00 esp32 Main: Received motor move
2025-11-30T12:58:40.970055+01:00 esp32 Protocol: Motor DX: 0 1.000000, SX: 2 1.000000
2025-11-30T12:58:41.187403+01:00 esp32 Protocol: Parsed header. Millis 86275 Type: 0 Size: 10
2025-11-30T12:58:41.190015+01:00 esp32 Main: Received motor move
2025-11-30T12:58:41.203220+01:00 esp32 Protocol: Motor DX: 22 1.000000, SX: 36 1.000000
2025-11-30T12:58:41.437411+01:00 esp32 Protocol: Parsed header. Millis 86375 Type: 0 Size: 10
2025-11-30T12:58:41.439960+01:00 esp32 Main: Received motor move
2025-11-30T12:58:41.453014+01:00 esp32 Protocol: Motor DX: 62 -1.000000, SX: 184 1.000000
2025-11-30T12:58:41.457000+01:00 esp32 Protocol: Parsed header. Millis 86475 Type: 0 Size: 10
2025-11-30T12:58:41.458939+01:00 esp32 Main: Received motor move
2025-11-30T12:58:41.471122+01:00 esp32 Protocol: Motor DX: 80 -1.000000, SX: 210 1.000000
2025-11-30T12:58:41.690208+01:00 esp32 Protocol: Parsed header. Millis 86575 Type: 0 Size: 10
2025-11-30T12:58:41.692962+01:00 esp32 Main: Received motor move
2025-11-30T12:58:41.696083+01:00 esp32 Protocol: Motor DX: 100 -1.000000, SX: 222 1.000000
2025-11-30T12:58:41.708075+01:00 esp32 Protocol: Parsed header. Millis 86675 Type: 0 Size: 10
2025-11-30T12:58:41.709940+01:00 esp32 Main: Received motor move
2025-11-30T12:58:41.714053+01:00 esp32 Protocol: Motor DX: 94 -1.000000, SX: 204 1.000000
2025-11-30T12:58:41.728106+01:00 esp32 Protocol: Parsed header. Millis 86775 Type: 0 Size: 10
2025-11-30T12:58:41.731115+01:00 esp32 Main: Received motor move
2025-11-30T12:58:41.734071+01:00 esp32 Protocol: Motor DX: 80 -1.000000, SX: 190 1.000000
2025-11-30T12:58:41.941293+01:00 esp32 Protocol: Parsed header. Millis 86875 Type: 0 Size: 10
2025-11-30T12:58:41.944069+01:00 esp32 Main: Received motor move
2025-11-30T12:58:41.956980+01:00 esp32 Protocol: Motor DX: 58 -1.000000, SX: 160 1.000000
2025-11-30T12:58:41.959996+01:00 esp32 Protocol: Parsed header. Millis 86975 Type: 0 Size: 10
2025-11-30T12:58:41.962201+01:00 esp32 Main: Received motor move
2025-11-30T12:58:41.975067+01:00 esp32 Protocol: Motor DX: 24 -1.000000, SX: 62 1.000000
2025-11-30T12:58:42.182198+01:00 esp32 Protocol: Parsed header. Millis 87075 Type: 0 Size: 10
2025-11-30T12:58:42.184981+01:00 esp32 Main: Received motor move
2025-11-30T12:58:42.186961+01:00 esp32 Protocol: Motor DX: 0 1.000000, SX: 2 1.000000
2025-11-30T12:58:42.201903+01:00 esp32 Protocol: Parsed header. Millis 87175 Type: 0 Size: 10
2025-11-30T12:58:42.206937+01:00 esp32 Main: Received motor move
2025-11-30T12:58:42.209912+01:00 esp32 Protocol: Motor DX: 72 1.000000, SX: 69 -1.000000
2025-11-30T12:58:42.212962+01:00 esp32 Protocol: Parsed header. Millis 87275 Type: 0 Size: 10
2025-11-30T12:58:42.216929+01:00 esp32 Main: Received motor move
2025-11-30T12:58:42.229057+01:00 esp32 Protocol: Motor DX: 194 1.000000, SX: 255 -1.000000
2025-11-30T12:58:42.430243+01:00 esp32 Protocol: Parsed header. Millis 87376 Type: 0 Size: 10
2025-11-30T12:58:42.431955+01:00 esp32 Main: Received motor move
2025-11-30T12:58:42.445052+01:00 esp32 Protocol: Motor DX: 186 1.000000, SX: 255 -1.000000
2025-11-30T12:58:42.688289+01:00 esp32 Protocol: Parsed header. Millis 87576 Type: 0 Size: 10
2025-11-30T12:58:42.690001+01:00 esp32 Main: Received motor move
2025-11-30T12:58:42.702033+01:00 esp32 Protocol: Motor DX: 208 1.000000, SX: 255 -1.000000
2025-11-30T12:58:42.704031+01:00 esp32 Protocol: Parsed header. Millis 87676 Type: 0 Size: 10
2025-11-30T12:58:42.706069+01:00 esp32 Main: Received motor move
2025-11-30T12:58:42.719019+01:00 esp32 Protocol: Motor DX: 46 1.000000, SX: 20 1.000000
2025-11-30T12:58:42.721053+01:00 esp32 Protocol: Parsed header. Millis 87776 Type: 0 Size: 10
2025-11-30T12:58:42.724979+01:00 esp32 Main: Received motor move
2025-11-30T12:58:42.737058+01:00 esp32 Protocol: Motor DX: 26 -1.000000, SX: 12 1.000000
2025-11-30T12:58:42.937338+01:00 esp32 Protocol: Parsed header. Millis 87876 Type: 0 Size: 10
2025-11-30T12:58:42.939928+01:00 esp32 Main: Received motor move
2025-11-30T12:58:42.952013+01:00 esp32 Protocol: Motor DX: 2 -1.000000, SX: 4 1.000000
2025-11-30T12:58:42.955014+01:00 esp32 Protocol: Parsed header. Millis 87976 Type: 0 Size: 10
2025-11-30T12:58:42.964163+01:00 esp32 Main: Received motor move
2025-11-30T12:58:42.966988+01:00 esp32 Protocol: Motor DX: 14 -1.000000, SX: 16 1.000000
2025-11-30T12:58:43.182294+01:00 esp32 Protocol: Parsed header. Millis 88076 Type: 0 Size: 10
2025-11-30T12:58:43.185013+01:00 esp32 Main: Received motor move
2025-11-30T12:58:43.189039+01:00 esp32 Protocol: Motor DX: 88 -1.000000, SX: 78 1.000000
2025-11-30T12:58:43.201951+01:00 esp32 Protocol: Parsed header. Millis 88176 Type: 0 Size: 10
2025-11-30T12:58:43.203994+01:00 esp32 Main: Received motor move
2025-11-30T12:58:43.206159+01:00 esp32 Protocol: Motor DX: 164 -1.000000, SX: 166 1.000000
2025-11-30T12:58:43.218207+01:00 esp32 Protocol: Parsed header. Millis 88276 Type: 0 Size: 10
2025-11-30T12:58:43.221048+01:00 esp32 Main: Received motor move
2025-11-30T12:58:43.233083+01:00 esp32 Protocol: Motor DX: 56 -1.000000, SX: 134 1.000000
2025-11-30T12:58:43.431340+01:00 esp32 Protocol: Parsed header. Millis 88376 Type: 0 Size: 10
2025-11-30T12:58:43.433054+01:00 esp32 Main: Received motor move
2025-11-30T12:58:43.445389+01:00 esp32 Protocol: Motor DX: 10 1.000000, SX: 112 1.000000
2025-11-30T12:58:43.448564+01:00 esp32 Protocol: Parsed header. Millis 88476 Type: 0 Size: 10
2025-11-30T12:58:43.451256+01:00 esp32 Main: Received motor move
2025-11-30T12:58:43.465507+01:00 esp32 Protocol: Motor DX: 80 1.000000, SX: 158 1.000000
2025-11-30T12:58:43.689387+01:00 esp32 Protocol: Parsed header. Millis 88577 Type: 0 Size: 10
2025-11-30T12:58:43.691914+01:00 esp32 Main: Received motor move
2025-11-30T12:58:43.694090+01:00 esp32 Protocol: Motor DX: 88 1.000000, SX: 94 1.000000
2025-11-30T12:58:43.706981+01:00 esp32 Protocol: Parsed header. Millis 88677 Type: 0 Size: 10
2025-11-30T12:58:43.708957+01:00 esp32 Main: Received motor move
2025-11-30T12:58:43.711902+01:00 esp32 Protocol: Motor DX: 16 1.000000, SX: 10 1.000000
2025-11-30T12:58:43.724092+01:00 esp32 Protocol: Parsed header. Millis 88777 Type: 0 Size: 10
2025-11-30T12:58:43.726052+01:00 esp32 Main: Received motor move
2025-11-30T12:58:43.728964+01:00 esp32 Protocol: Motor DX: 0 1.000000, SX: 2 1.000000
2025-11-30T12:58:43.933356+01:00 esp32 Protocol: Parsed header. Millis 88977 Type: 0 Size: 10
2025-11-30T12:58:43.934953+01:00 esp32 Main: Received motor move
2025-11-30T12:58:43.950037+01:00 esp32 Protocol: Motor DX: 50 1.000000, SX: 11 -1.000000
2025-11-30T12:58:44.184337+01:00 esp32 Protocol: Parsed header. Millis 89077 Type: 0 Size: 10
2025-11-30T12:58:44.185808+01:00 esp32 Main: Received motor move
2025-11-30T12:58:44.202186+01:00 esp32 Protocol: Motor DX: 0 1.000000, SX: 2 1.000000
2025-11-30T12:58:46.233614+01:00 esp32 Protocol: Parsed header. Millis 91279 Type: 0 Size: 10
2025-11-30T12:58:46.236039+01:00 esp32 Main: Received motor move
2025-11-30T12:58:46.250005+01:00 esp32 Protocol: Motor DX: 46 1.000000, SX: 40 1.000000
2025-11-30T12:58:46.435805+01:00 esp32 Protocol: Parsed header. Millis 91379 Type: 0 Size: 10
2025-11-30T12:58:46.435805+01:00 esp32 Main: Received motor move
2025-11-30T12:58:46.448150+01:00 esp32 Protocol: Motor DX: 64 1.000000, SX: 54 1.000000
2025-11-30T12:58:46.459062+01:00 esp32 Protocol: Parsed header. Millis 91479 Type: 0 Size: 10
2025-11-30T12:58:46.459062+01:00 esp32 Main: Received motor move
2025-11-30T12:58:46.459421+01:00 esp32 Protocol: Motor DX: 66 1.000000, SX: 68 1.000000
2025-11-30T12:58:46.681650+01:00 esp32 Protocol: Parsed header. Millis 91579 Type: 0 Size: 10
2025-11-30T12:58:46.684002+01:00 esp32 Main: Received motor move
2025-11-30T12:58:46.696038+01:00 esp32 Protocol: Motor DX: 108 1.000000, SX: 94 1.000000
2025-11-30T12:58:46.697990+01:00 esp32 Protocol: Parsed header. Millis 91680 Type: 0 Size: 10
2025-11-30T12:58:46.701987+01:00 esp32 Main: Received motor move
2025-11-30T12:58:46.716159+01:00 esp32 Protocol: Motor DX: 144 1.000000, SX: 122 1.000000
2025-11-30T12:58:46.718073+01:00 esp32 Protocol: Parsed header. Millis 91780 Type: 0 Size: 10
2025-11-30T12:58:46.719919+01:00 esp32 Main: Received motor move
2025-11-30T12:58:46.732019+01:00 esp32 Protocol: Motor DX: 166 1.000000, SX: 172 1.000000
2025-11-30T12:58:46.823525+01:00 esp32 Main: Battery: 15 , 13073 mV, 2368 raw
2025-11-30T12:58:46.836251+01:00 esp32 Protocol: Wifi 1, Server: 1, Latest millis: 91780, Used: 0, Read header: 0, Sensors count: 0
2025-11-30T12:58:46.932197+01:00 esp32 Protocol: Parsed header. Millis 91880 Type: 0 Size: 10
2025-11-30T12:58:46.933956+01:00 esp32 Main: Received motor move
2025-11-30T12:58:46.936972+01:00 esp32 Protocol: Motor DX: 204 1.000000, SX: 226 1.000000
2025-11-30T12:58:46.948977+01:00 esp32 Protocol: Parsed header. Millis 91980 Type: 0 Size: 10
2025-11-30T12:58:46.951949+01:00 esp32 Main: Received motor move
2025-11-30T12:58:46.954002+01:00 esp32 Protocol: Motor DX: 224 1.000000, SX: 234 1.000000
2025-11-30T12:58:47.181278+01:00 esp32 Protocol: Parsed header. Millis 92080 Type: 0 Size: 10
2025-11-30T12:58:47.184031+01:00 esp32 Main: Received motor move
2025-11-30T12:58:47.187114+01:00 esp32 Protocol: Motor DX: 228 1.000000, SX: 230 1.000000
2025-11-30T12:58:47.199090+01:00 esp32 Protocol: Parsed header. Millis 92280 Type: 0 Size: 10
2025-11-30T12:58:47.201980+01:00 esp32 Main: Received motor move
2025-11-30T12:58:47.206044+01:00 esp32 Protocol: Motor DX: 226 1.000000, SX: 244 1.000000
2025-11-30T12:58:47.431275+01:00 esp32 Protocol: Parsed header. Millis 92380 Type: 0 Size: 10
2025-11-30T12:58:47.434022+01:00 esp32 Main: Received motor move
2025-11-30T12:58:47.447056+01:00 esp32 Protocol: Motor DX: 229 1.000000, SX: 255 1.000000
2025-11-30T12:58:47.449979+01:00 esp32 Protocol: Parsed header. Millis 92480 Type: 0 Size: 10
2025-11-30T12:58:47.453033+01:00 esp32 Main: Received motor move
2025-11-30T12:58:47.465091+01:00 esp32 Protocol: Motor DX: 203 1.000000, SX: 255 1.000000
2025-11-30T12:58:47.689283+01:00 esp32 Protocol: Parsed header. Millis 92580 Type: 0 Size: 10
2025-11-30T12:58:47.692923+01:00 esp32 Main: Received motor move
2025-11-30T12:58:47.696020+01:00 esp32 Protocol: Motor DX: 183 1.000000, SX: 255 1.000000
2025-11-30T12:58:47.710001+01:00 esp32 Protocol: Parsed header. Millis 92680 Type: 0 Size: 10
2025-11-30T12:58:47.714038+01:00 esp32 Main: Received motor move
2025-11-30T12:58:47.715961+01:00 esp32 Protocol: Motor DX: 175 1.000000, SX: 255 1.000000
2025-11-30T12:58:47.728974+01:00 esp32 Protocol: Parsed header. Millis 92780 Type: 0 Size: 10
2025-11-30T12:58:47.731938+01:00 esp32 Main: Received motor move
2025-11-30T12:58:47.734104+01:00 esp32 Protocol: Motor DX: 167 1.000000, SX: 255 1.000000
2025-11-30T12:58:47.938290+01:00 esp32 Protocol: Parsed header. Millis 92881 Type: 0 Size: 10
2025-11-30T12:58:47.939962+01:00 esp32 Main: Received motor move
2025-11-30T12:58:47.945213+01:00 esp32 Protocol: Motor DX: 174 1.000000, SX: 255 1.000000
2025-11-30T12:58:47.957083+01:00 esp32 Protocol: Parsed header. Millis 92981 Type: 0 Size: 10
2025-11-30T12:58:47.958942+01:00 esp32 Main: Received motor move
2025-11-30T12:58:47.964017+01:00 esp32 Protocol: Motor DX: 255 1.000000, SX: 186 1.000000
2025-11-30T12:58:48.189477+01:00 esp32 Protocol: Parsed header. Millis 93081 Type: 0 Size: 10
2025-11-30T12:58:48.195081+01:00 esp32 Main: Received motor move
2025-11-30T12:58:48.197015+01:00 esp32 Protocol: Motor DX: 255 1.000000, SX: 176 1.000000
2025-11-30T12:58:48.211140+01:00 esp32 Protocol: Parsed header. Millis 93181 Type: 0 Size: 10
2025-11-30T12:58:48.213056+01:00 esp32 Main: Received motor move
2025-11-30T12:58:48.216965+01:00 esp32 Protocol: Motor DX: 255 1.000000, SX: 112 1.000000
2025-11-30T12:58:48.229987+01:00 esp32 Protocol: Parsed header. Millis 93281 Type: 0 Size: 10
2025-11-30T12:58:48.233017+01:00 esp32 Main: Received motor move
2025-11-30T12:58:48.235076+01:00 esp32 Protocol: Motor DX: 255 1.000000, SX: 2 1.000000
2025-11-30T12:58:48.440654+01:00 esp32 Protocol: Parsed header. Millis 93381 Type: 0 Size: 10
2025-11-30T12:58:48.442011+01:00 esp32 Main: Received motor move
2025-11-30T12:58:48.456018+01:00 esp32 Protocol: Motor DX: 255 1.000000, SX: 51 -1.000000
2025-11-30T12:58:48.458958+01:00 esp32 Protocol: Parsed header. Millis 93481 Type: 0 Size: 10
2025-11-30T12:58:48.462218+01:00 esp32 Main: Received motor move
2025-11-30T12:58:48.474362+01:00 esp32 Protocol: Motor DX: 255 1.000000, SX: 69 -1.000000
2025-11-30T12:58:48.688518+01:00 esp32 Protocol: Parsed header. Millis 93781 Type: 0 Size: 10
2025-11-30T12:58:48.692057+01:00 esp32 Main: Received motor move
2025-11-30T12:58:48.704055+01:00 esp32 Protocol: Motor DX: 255 1.000000, SX: 114 1.000000
2025-11-30T12:58:48.939310+01:00 esp32 Protocol: Parsed header. Millis 93881 Type: 0 Size: 10
2025-11-30T12:58:48.940949+01:00 esp32 Main: Received motor move
2025-11-30T12:58:48.953034+01:00 esp32 Protocol: Motor DX: 253 1.000000, SX: 255 1.000000
2025-11-30T12:58:48.954926+01:00 esp32 Protocol: Parsed header. Millis 93982 Type: 0 Size: 10
2025-11-30T12:58:48.956950+01:00 esp32 Main: Received motor move
2025-11-30T12:58:48.969024+01:00 esp32 Protocol: Motor DX: 219 1.000000, SX: 255 1.000000
2025-11-30T12:58:49.182991+01:00 esp32 Protocol: Parsed header. Millis 94082 Type: 0 Size: 10
2025-11-30T12:58:49.186051+01:00 esp32 Main: Received motor move
2025-11-30T12:58:49.198717+01:00 esp32 Protocol: Motor DX: 173 1.000000, SX: 255 1.000000
2025-11-30T12:58:49.201015+01:00 esp32 Protocol: Parsed header. Millis 94182 Type: 0 Size: 10
2025-11-30T12:58:49.203992+01:00 esp32 Main: Received motor move
2025-11-30T12:58:49.219062+01:00 esp32 Protocol: Motor DX: 135 1.000000, SX: 255 1.000000
2025-11-30T12:58:49.221023+01:00 esp32 Protocol: Parsed header. Millis 94282 Type: 0 Size: 10
2025-11-30T12:58:49.224047+01:00 esp32 Main: Received motor move
2025-11-30T12:58:49.237051+01:00 esp32 Protocol: Motor DX: 111 1.000000, SX: 255 1.000000
2025-11-30T12:58:49.438527+01:00 esp32 Protocol: Parsed header. Millis 94382 Type: 0 Size: 10
2025-11-30T12:58:49.442989+01:00 esp32 Main: Received motor move
2025-11-30T12:58:49.445038+01:00 esp32 Protocol: Motor DX: 102 1.000000, SX: 255 1.000000
2025-11-30T12:58:49.460061+01:00 esp32 Protocol: Parsed header. Millis 94482 Type: 0 Size: 10
2025-11-30T12:58:49.464108+01:00 esp32 Main: Received motor move
2025-11-30T12:58:49.466950+01:00 esp32 Protocol: Motor DX: 113 1.000000, SX: 255 1.000000
2025-11-30T12:58:49.692059+01:00 esp32 Protocol: Parsed header. Millis 94582 Type: 0 Size: 10
2025-11-30T12:58:49.693953+01:00 esp32 Main: Received motor move
2025-11-30T12:58:49.707028+01:00 esp32 Protocol: Motor DX: 115 1.000000, SX: 255 1.000000
2025-11-30T12:58:49.710934+01:00 esp32 Protocol: Parsed header. Millis 94682 Type: 0 Size: 10
2025-11-30T12:58:49.711908+01:00 esp32 Main: Received motor move
2025-11-30T12:58:49.724050+01:00 esp32 Protocol: Motor DX: 117 1.000000, SX: 255 1.000000
2025-11-30T12:58:49.726940+01:00 esp32 Protocol: Parsed header. Millis 94782 Type: 0 Size: 10
2025-11-30T12:58:49.730940+01:00 esp32 Main: Received motor move
2025-11-30T12:58:49.734952+01:00 esp32 Protocol: Motor DX: 221 1.000000, SX: 255 1.000000
2025-11-30T12:58:49.751182+01:00 esp32 Protocol: Parsed header. Millis 94882 Type: 0 Size: 10
2025-11-30T12:58:49.752953+01:00 esp32 Main: Received motor move
2025-11-30T12:58:49.768099+01:00 esp32 Protocol: Motor DX: 255 1.000000, SX: 220 1.000000
2025-11-30T12:58:49.941343+01:00 esp32 Protocol: Parsed header. Millis 94982 Type: 0 Size: 10
2025-11-30T12:58:49.944038+01:00 esp32 Main: Received motor move
2025-11-30T12:58:49.949065+01:00 esp32 Protocol: Motor DX: 255 1.000000, SX: 200 1.000000
2025-11-30T12:58:50.183228+01:00 esp32 Protocol: Parsed header. Millis 95082 Type: 0 Size: 10
2025-11-30T12:58:50.184973+01:00 esp32 Main: Received motor move
2025-11-30T12:58:50.198065+01:00 esp32 Protocol: Motor DX: 255 1.000000, SX: 184 1.000000
2025-11-30T12:58:50.201250+01:00 esp32 Protocol: Parsed header. Millis 95183 Type: 0 Size: 10
2025-11-30T12:58:50.204006+01:00 esp32 Main: Received motor move
2025-11-30T12:58:50.210975+01:00 esp32 Protocol: Motor DX: 255 1.000000, SX: 210 1.000000
2025-11-30T12:58:50.222973+01:00 esp32 Protocol: Parsed header. Millis 95283 Type: 0 Size: 10
2025-11-30T12:58:50.224992+01:00 esp32 Main: Received motor move
2025-11-30T12:58:50.228005+01:00 esp32 Protocol: Motor DX: 249 1.000000, SX: 255 1.000000
2025-11-30T12:58:50.439310+01:00 esp32 Protocol: Parsed header. Millis 95383 Type: 0 Size: 10
2025-11-30T12:58:50.440970+01:00 esp32 Main: Received motor move
2025-11-30T12:58:50.454033+01:00 esp32 Protocol: Motor DX: 199 1.000000, SX: 255 1.000000
2025-11-30T12:58:50.455949+01:00 esp32 Protocol: Parsed header. Millis 95483 Type: 0 Size: 10
2025-11-30T12:58:50.457929+01:00 esp32 Main: Received motor move
2025-11-30T12:58:50.472977+01:00 esp32 Protocol: Motor DX: 107 1.000000, SX: 255 1.000000
2025-11-30T12:58:50.682335+01:00 esp32 Protocol: Parsed header. Millis 95583 Type: 0 Size: 10
2025-11-30T12:58:50.684011+01:00 esp32 Main: Received motor move
2025-11-30T12:58:50.699584+01:00 esp32 Protocol: Motor DX: 8 1.000000, SX: 255 1.000000
2025-11-30T12:58:50.701937+01:00 esp32 Protocol: Parsed header. Millis 95683 Type: 0 Size: 10
2025-11-30T12:58:50.703929+01:00 esp32 Main: Received motor move
2025-11-30T12:58:50.716078+01:00 esp32 Protocol: Motor DX: 167 -1.000000, SX: 255 1.000000
2025-11-30T12:58:50.717972+01:00 esp32 Protocol: Parsed header. Millis 95783 Type: 0 Size: 10
2025-11-30T12:58:50.719951+01:00 esp32 Main: Received motor move
2025-11-30T12:58:50.736754+01:00 esp32 Protocol: Motor DX: 253 -1.000000, SX: 255 1.000000
2025-11-30T12:58:50.933326+01:00 esp32 Protocol: Parsed header. Millis 95883 Type: 0 Size: 10
2025-11-30T12:58:50.934981+01:00 esp32 Main: Received motor move
2025-11-30T12:58:50.948135+01:00 esp32 Protocol: Motor DX: 255 -1.000000, SX: 242 1.000000
2025-11-30T12:58:50.949946+01:00 esp32 Protocol: Parsed header. Millis 95983 Type: 0 Size: 10
2025-11-30T12:58:50.953904+01:00 esp32 Main: Received motor move
2025-11-30T12:58:50.961038+01:00 esp32 Protocol: Motor DX: 0 1.000000, SX: 2 1.000000
2025-11-30T12:58:51.651489+01:00 esp32 Protocol: Parsed header. Millis 96684 Type: 0 Size: 10
2025-11-30T12:58:51.653020+01:00 esp32 Main: Received motor move
2025-11-30T12:58:51.666994+01:00 esp32 Protocol: Motor DX: 2 -1.000000, SX: 24 1.000000
2025-11-30T12:58:51.683225+01:00 esp32 Protocol: Parsed header. Millis 96784 Type: 0 Size: 10
2025-11-30T12:58:51.686022+01:00 esp32 Main: Received motor move
2025-11-30T12:58:51.692989+01:00 esp32 Protocol: Motor DX: 66 1.000000, SX: 148 1.000000
2025-11-30T12:58:51.940394+01:00 esp32 Protocol: Parsed header. Millis 96884 Type: 0 Size: 10
2025-11-30T12:58:51.942081+01:00 esp32 Main: Received motor move
2025-11-30T12:58:51.955106+01:00 esp32 Protocol: Motor DX: 227 1.000000, SX: 255 1.000000
2025-11-30T12:58:51.957067+01:00 esp32 Protocol: Parsed header. Millis 96984 Type: 0 Size: 10
2025-11-30T12:58:51.959028+01:00 esp32 Main: Received motor move
2025-11-30T12:58:51.971081+01:00 esp32 Protocol: Motor DX: 229 1.000000, SX: 255 1.000000
2025-11-30T12:58:52.189866+01:00 esp32 Protocol: Parsed header. Millis 97084 Type: 0 Size: 10
2025-11-30T12:58:52.189866+01:00 esp32 Main: Received motor move
2025-11-30T12:58:52.193974+01:00 esp32 Protocol: Motor DX: 235 1.000000, SX: 255 1.000000
2025-11-30T12:58:52.207974+01:00 esp32 Protocol: Parsed header. Millis 97184 Type: 0 Size: 10
2025-11-30T12:58:52.211923+01:00 esp32 Main: Received motor move
2025-11-30T12:58:52.216936+01:00 esp32 Protocol: Motor DX: 253 1.000000, SX: 255 1.000000
2025-11-30T12:58:52.218936+01:00 esp32 Protocol: Parsed header. Millis 97284 Type: 0 Size: 10
2025-11-30T12:58:52.222923+01:00 esp32 Main: Received motor move
2025-11-30T12:58:52.234946+01:00 esp32 Protocol: Motor DX: 213 1.000000, SX: 255 1.000000
2025-11-30T12:58:52.442249+01:00 esp32 Protocol: Parsed header. Millis 97384 Type: 0 Size: 10
2025-11-30T12:58:52.450441+01:00 esp32 Main: Received motor move
2025-11-30T12:58:52.457040+01:00 esp32 Protocol: Motor DX: 127 1.000000, SX: 255 1.000000
2025-11-30T12:58:52.461001+01:00 esp32 Protocol: Parsed header. Millis 97484 Type: 0 Size: 10
2025-11-30T12:58:52.463945+01:00 esp32 Main: Received motor move
2025-11-30T12:58:52.476042+01:00 esp32 Protocol: Motor DX: 78 1.000000, SX: 255 1.000000
2025-11-30T12:58:52.693293+01:00 esp32 Protocol: Parsed header. Millis 97585 Type: 0 Size: 10
2025-11-30T12:58:52.694927+01:00 esp32 Main: Received motor move
2025-11-30T12:58:52.708961+01:00 esp32 Protocol: Motor DX: 20 1.000000, SX: 255 1.000000
2025-11-30T12:58:52.710929+01:00 esp32 Protocol: Parsed header. Millis 97685 Type: 0 Size: 10
2025-11-30T12:58:52.713957+01:00 esp32 Main: Received motor move
2025-11-30T12:58:52.730041+01:00 esp32 Protocol: Motor DX: 18 -1.000000, SX: 255 1.000000
2025-11-30T12:58:52.731996+01:00 esp32 Protocol: Parsed header. Millis 97785 Type: 0 Size: 10
2025-11-30T12:58:52.734083+01:00 esp32 Main: Received motor move
2025-11-30T12:58:52.746049+01:00 esp32 Protocol: Motor DX: 143 -1.000000, SX: 255 1.000000
2025-11-30T12:58:52.940332+01:00 esp32 Protocol: Parsed header. Millis 97885 Type: 0 Size: 10
2025-11-30T12:58:52.941941+01:00 esp32 Main: Received motor move
2025-11-30T12:58:52.954948+01:00 esp32 Protocol: Motor DX: 142 -1.000000, SX: 255 1.000000
2025-11-30T12:58:52.956937+01:00 esp32 Protocol: Parsed header. Millis 97985 Type: 0 Size: 10
2025-11-30T12:58:52.958917+01:00 esp32 Main: Received motor move
2025-11-30T12:58:52.971686+01:00 esp32 Protocol: Motor DX: 156 1.000000, SX: 234 1.000000
2025-11-30T12:58:53.192678+01:00 esp32 Protocol: Parsed header. Millis 98085 Type: 0 Size: 10
2025-11-30T12:58:53.193054+01:00 esp32 Main: Received motor move
2025-11-30T12:58:53.204991+01:00 esp32 Protocol: Motor DX: 195 1.000000, SX: 255 1.000000
2025-11-30T12:58:53.207000+01:00 esp32 Protocol: Parsed header. Millis 98185 Type: 0 Size: 10
2025-11-30T12:58:53.212709+01:00 esp32 Main: Received motor move
2025-11-30T12:58:53.215999+01:00 esp32 Protocol: Motor DX: 255 1.000000, SX: 94 1.000000
2025-11-30T12:58:53.228068+01:00 esp32 Protocol: Parsed header. Millis 98285 Type: 0 Size: 10
2025-11-30T12:58:53.230967+01:00 esp32 Main: Received motor move
2025-11-30T12:58:53.233042+01:00 esp32 Protocol: Motor DX: 255 1.000000, SX: 161 -1.000000
2025-11-30T12:58:53.442312+01:00 esp32 Protocol: Parsed header. Millis 98385 Type: 0 Size: 10
2025-11-30T12:58:53.443993+01:00 esp32 Main: Received motor move
2025-11-30T12:58:53.457142+01:00 esp32 Protocol: Motor DX: 228 1.000000, SX: 255 -1.000000
2025-11-30T12:58:53.460020+01:00 esp32 Protocol: Parsed header. Millis 98485 Type: 0 Size: 10
2025-11-30T12:58:53.461986+01:00 esp32 Main: Received motor move
2025-11-30T12:58:53.474110+01:00 esp32 Protocol: Motor DX: 130 1.000000, SX: 255 -1.000000
2025-11-30T12:58:53.691323+01:00 esp32 Protocol: Parsed header. Millis 98585 Type: 0 Size: 10
2025-11-30T12:58:53.694926+01:00 esp32 Main: Received motor move
2025-11-30T12:58:53.707063+01:00 esp32 Protocol: Motor DX: 22 1.000000, SX: 255 -1.000000
2025-11-30T12:58:53.708944+01:00 esp32 Protocol: Parsed header. Millis 98686 Type: 0 Size: 10
2025-11-30T12:58:53.711975+01:00 esp32 Main: Received motor move
2025-11-30T12:58:53.724990+01:00 esp32 Protocol: Motor DX: 18 1.000000, SX: 255 -1.000000
2025-11-30T12:58:53.727992+01:00 esp32 Protocol: Parsed header. Millis 98786 Type: 0 Size: 10
2025-11-30T12:58:53.729972+01:00 esp32 Main: Received motor move
2025-11-30T12:58:53.741970+01:00 esp32 Protocol: Motor DX: 70 1.000000, SX: 255 -1.000000
2025-11-30T12:58:53.936199+01:00 esp32 Protocol: Parsed header. Millis 98886 Type: 0 Size: 10
2025-11-30T12:58:53.938016+01:00 esp32 Main: Received motor move
2025-11-30T12:58:53.950047+01:00 esp32 Protocol: Motor DX: 255 1.000000, SX: 211 -1.000000
2025-11-30T12:58:53.954941+01:00 esp32 Protocol: Parsed header. Millis 98986 Type: 0 Size: 10
2025-11-30T12:58:53.956939+01:00 esp32 Main: Received motor move
2025-11-30T12:58:53.971006+01:00 esp32 Protocol: Motor DX: 255 1.000000, SX: 142 1.000000
2025-11-30T12:58:54.191276+01:00 esp32 Protocol: Parsed header. Millis 99086 Type: 0 Size: 10
2025-11-30T12:58:54.195963+01:00 esp32 Main: Received motor move
2025-11-30T12:58:54.199271+01:00 esp32 Protocol: Motor DX: 255 1.000000, SX: 230 1.000000
2025-11-30T12:58:54.211234+01:00 esp32 Protocol: Parsed header. Millis 99186 Type: 0 Size: 10
2025-11-30T12:58:54.213190+01:00 esp32 Main: Received motor move
2025-11-30T12:58:54.217076+01:00 esp32 Protocol: Motor DX: 243 1.000000, SX: 255 1.000000
2025-11-30T12:58:54.230056+01:00 esp32 Protocol: Parsed header. Millis 99286 Type: 0 Size: 10
2025-11-30T12:58:54.233982+01:00 esp32 Main: Received motor move
2025-11-30T12:58:54.236934+01:00 esp32 Protocol: Motor DX: 239 1.000000, SX: 255 1.000000
2025-11-30T12:58:54.434264+01:00 esp32 Protocol: Parsed header. Millis 99486 Type: 0 Size: 10
2025-11-30T12:58:54.442521+01:00 esp32 Main: Received motor move
2025-11-30T12:58:54.442521+01:00 esp32 Protocol: Motor DX: 241 1.000000, SX: 255 1.000000
2025-11-30T12:58:54.684245+01:00 esp32 Protocol: Parsed header. Millis 99686 Type: 0 Size: 10
2025-11-30T12:58:54.685021+01:00 esp32 Main: Received motor move
2025-11-30T12:58:54.699016+01:00 esp32 Protocol: Motor DX: 253 1.000000, SX: 255 1.000000
2025-11-30T12:58:54.701018+01:00 esp32 Protocol: Parsed header. Millis 99786 Type: 0 Size: 10
2025-11-30T12:58:54.702968+01:00 esp32 Main: Received motor move
2025-11-30T12:58:54.716103+01:00 esp32 Protocol: Motor DX: 202 1.000000, SX: 128 1.000000
2025-11-30T12:58:54.937355+01:00 esp32 Protocol: Parsed header. Millis 99887 Type: 0 Size: 10
2025-11-30T12:58:54.940058+01:00 esp32 Main: Received motor move
2025-11-30T12:58:54.953851+01:00 esp32 Protocol: Motor DX: 116 -1.000000, SX: 137 -1.000000
2025-11-30T12:58:54.955945+01:00 esp32 Protocol: Parsed header. Millis 99987 Type: 0 Size: 10
2025-11-30T12:58:54.957973+01:00 esp32 Main: Received motor move
2025-11-30T12:58:54.970109+01:00 esp32 Protocol: Motor DX: 255 -1.000000, SX: 253 -1.000000
2025-11-30T12:58:55.190651+01:00 esp32 Protocol: Parsed header. Millis 100087 Type: 0 Size: 10
2025-11-30T12:58:55.191985+01:00 esp32 Main: Received motor move
2025-11-30T12:58:55.203970+01:00 esp32 Protocol: Motor DX: 255 -1.000000, SX: 245 -1.000000
2025-11-30T12:58:55.205944+01:00 esp32 Protocol: Parsed header. Millis 100187 Type: 0 Size: 10
2025-11-30T12:58:55.207943+01:00 esp32 Main: Received motor move
2025-11-30T12:58:55.219994+01:00 esp32 Protocol: Motor DX: 255 -1.000000, SX: 247 -1.000000
2025-11-30T12:58:55.223000+01:00 esp32 Protocol: Parsed header. Millis 100287 Type: 0 Size: 10
2025-11-30T12:58:55.236161+01:00 esp32 Main: Received motor move
2025-11-30T12:58:55.240059+01:00 esp32 Protocol: Motor DX: 248 -1.000000, SX: 255 -1.000000
2025-11-30T12:58:55.435601+01:00 esp32 Protocol: Parsed header. Millis 100387 Type: 0 Size: 10
2025-11-30T12:58:55.438027+01:00 esp32 Main: Received motor move
2025-11-30T12:58:55.450093+01:00 esp32 Protocol: Motor DX: 242 -1.000000, SX: 255 -1.000000
2025-11-30T12:58:55.691295+01:00 esp32 Protocol: Parsed header. Millis 100587 Type: 0 Size: 10
2025-11-30T12:58:55.693931+01:00 esp32 Main: Received motor move
2025-11-30T12:58:55.705999+01:00 esp32 Protocol: Motor DX: 244 -1.000000, SX: 255 -1.000000
2025-11-30T12:58:55.968365+01:00 esp32 Protocol: Parsed header. Millis 101088 Type: 0 Size: 10
2025-11-30T12:58:55.970991+01:00 esp32 Main: Received motor move
2025-11-30T12:58:55.984962+01:00 esp32 Protocol: Motor DX: 78 -1.000000, SX: 16 1.000000
2025-11-30T12:58:56.196279+01:00 esp32 Protocol: Parsed header. Millis 101188 Type: 0 Size: 10
2025-11-30T12:58:56.198129+01:00 esp32 Main: Received motor move
2025-11-30T12:58:56.199934+01:00 esp32 Protocol: Motor DX: 255 1.000000, SX: 204 1.000000
2025-11-30T12:58:56.212993+01:00 esp32 Protocol: Parsed header. Millis 101288 Type: 0 Size: 10
2025-11-30T12:58:56.214949+01:00 esp32 Main: Received motor move
2025-11-30T12:58:56.219952+01:00 esp32 Protocol: Motor DX: 255 1.000000, SX: 208 1.000000
2025-11-30T12:58:56.436254+01:00 esp32 Protocol: Parsed header. Millis 101388 Type: 0 Size: 10
2025-11-30T12:58:56.437982+01:00 esp32 Main: Received motor move
2025-11-30T12:58:56.450016+01:00 esp32 Protocol: Motor DX: 255 1.000000, SX: 210 1.000000
2025-11-30T12:58:56.451944+01:00 esp32 Protocol: Parsed header. Millis 101488 Type: 0 Size: 10
2025-11-30T12:58:56.457987+01:00 esp32 Main: Received motor move
2025-11-30T12:58:56.463029+01:00 esp32 Protocol: Motor DX: 255 1.000000, SX: 212 1.000000
2025-11-30T12:58:56.694137+01:00 esp32 Protocol: Parsed header. Millis 101688 Type: 0 Size: 10
2025-11-30T12:58:56.697052+01:00 esp32 Main: Received motor move
2025-11-30T12:58:56.710075+01:00 esp32 Protocol: Motor DX: 255 1.000000, SX: 214 1.000000
2025-11-30T12:58:56.824147+01:00 esp32 Main: Battery: 9 , 12802 mV, 2305 raw
2025-11-30T12:58:56.837124+01:00 esp32 Protocol: Wifi 1, Server: 1, Latest millis: 101688, Used: 0, Read header: 0, Sensors count: 0
2025-11-30T12:58:56.943344+01:00 esp32 Protocol: Parsed header. Millis 101888 Type: 0 Size: 10
2025-11-30T12:58:56.945036+01:00 esp32 Main: Received motor move
2025-11-30T12:58:56.961094+01:00 esp32 Protocol: Motor DX: 255 1.000000, SX: 248 1.000000
2025-11-30T12:58:56.963112+01:00 esp32 Protocol: Parsed header. Millis 101988 Type: 0 Size: 10
2025-11-30T12:58:56.968034+01:00 esp32 Main: Received motor move
2025-11-30T12:58:56.973067+01:00 esp32 Protocol: Motor DX: 146 -1.000000, SX: 231 -1.000000
2025-11-30T12:58:57.192379+01:00 esp32 Protocol: Parsed header. Millis 102089 Type: 0 Size: 10
2025-11-30T12:58:57.194024+01:00 esp32 Main: Received motor move
2025-11-30T12:58:57.206220+01:00 esp32 Protocol: Motor DX: 242 -1.000000, SX: 255 -1.000000
2025-11-30T12:58:57.209005+01:00 esp32 Protocol: Parsed header. Millis 102189 Type: 0 Size: 10
2025-11-30T12:58:57.211947+01:00 esp32 Main: Received motor move
2025-11-30T12:58:57.223994+01:00 esp32 Protocol: Motor DX: 255 -1.000000, SX: 241 -1.000000
2025-11-30T12:58:57.443232+01:00 esp32 Protocol: Parsed header. Millis 102489 Type: 0 Size: 10
2025-11-30T12:58:57.444938+01:00 esp32 Main: Received motor move
2025-11-30T12:58:57.457918+01:00 esp32 Protocol: Motor DX: 255 -1.000000, SX: 235 -1.000000
2025-11-30T12:58:57.692239+01:00 esp32 Protocol: Parsed header. Millis 102589 Type: 0 Size: 10
2025-11-30T12:58:57.693948+01:00 esp32 Main: Received motor move
2025-11-30T12:58:57.706035+01:00 esp32 Protocol: Motor DX: 255 -1.000000, SX: 231 -1.000000
2025-11-30T12:58:57.707944+01:00 esp32 Protocol: Parsed header. Millis 102789 Type: 0 Size: 10
2025-11-30T12:58:57.710943+01:00 esp32 Main: Received motor move
2025-11-30T12:58:57.722978+01:00 esp32 Protocol: Motor DX: 242 -1.000000, SX: 255 -1.000000
2025-11-30T12:58:57.942240+01:00 esp32 Protocol: Parsed header. Millis 102889 Type: 0 Size: 10
2025-11-30T12:58:57.943954+01:00 esp32 Main: Received motor move
2025-11-30T12:58:57.959940+01:00 esp32 Protocol: Motor DX: 0 1.000000, SX: 2 1.000000
2025-11-30T12:58:58.193380+01:00 esp32 Protocol: Parsed header. Millis 103190 Type: 0 Size: 10
2025-11-30T12:58:58.197080+01:00 esp32 Main: Received motor move
2025-11-30T12:58:58.212856+01:00 esp32 Protocol: Motor DX: 2 1.000000, SX: 4 1.000000
2025-11-30T12:58:58.212856+01:00 esp32 Protocol: Parsed header. Millis 103290 Type: 0 Size: 10
2025-11-30T12:58:58.215939+01:00 esp32 Main: Received motor move
2025-11-30T12:58:58.220342+01:00 esp32 Protocol: Motor DX: 0 1.000000, SX: 2 1.000000
2025-11-30T12:59:00.152472+01:00 esp32 Protocol: Parsed header. Millis 105191 Type: 0 Size: 10
2025-11-30T12:59:00.157546+01:00 esp32 Main: Received motor move
2025-11-30T12:59:00.157989+01:00 esp32 Protocol: Motor DX: 10 1.000000, SX: 12 1.000000
2025-11-30T12:59:00.188187+01:00 esp32 Protocol: Parsed header. Millis 105291 Type: 0 Size: 10
2025-11-30T12:59:00.190940+01:00 esp32 Main: Received motor move
2025-11-30T12:59:00.193933+01:00 esp32 Protocol: Motor DX: 255 1.000000, SX: 238 1.000000
2025-11-30T12:59:00.447383+01:00 esp32 Protocol: Parsed header. Millis 105491 Type: 0 Size: 10
2025-11-30T12:59:00.450955+01:00 esp32 Main: Received motor move
2025-11-30T12:59:00.462972+01:00 esp32 Protocol: Motor DX: 255 1.000000, SX: 230 1.000000
2025-11-30T12:59:00.698450+01:00 esp32 Protocol: Parsed header. Millis 105592 Type: 0 Size: 10
2025-11-30T12:59:00.700037+01:00 esp32 Main: Received motor move
2025-11-30T12:59:00.713114+01:00 esp32 Protocol: Motor DX: 255 1.000000, SX: 224 1.000000
2025-11-30T12:59:00.716974+01:00 esp32 Protocol: Parsed header. Millis 105692 Type: 0 Size: 10
2025-11-30T12:59:00.719929+01:00 esp32 Main: Received motor move
2025-11-30T12:59:00.733009+01:00 esp32 Protocol: Motor DX: 255 1.000000, SX: 222 1.000000
2025-11-30T12:59:00.734985+01:00 esp32 Protocol: Parsed header. Millis 105792 Type: 0 Size: 10
2025-11-30T12:59:00.737974+01:00 esp32 Main: Received motor move
2025-11-30T12:59:00.754441+01:00 esp32 Protocol: Motor DX: 255 1.000000, SX: 30 1.000000
2025-11-30T12:59:00.946375+01:00 esp32 Protocol: Parsed header. Millis 105892 Type: 0 Size: 10
2025-11-30T12:59:00.948003+01:00 esp32 Main: Received motor move
2025-11-30T12:59:00.960160+01:00 esp32 Protocol: Motor DX: 4 -1.000000, SX: 6 1.000000
2025-11-30T12:59:00.961976+01:00 esp32 Protocol: Parsed header. Millis 105992 Type: 0 Size: 10
2025-11-30T12:59:00.963978+01:00 esp32 Main: Received motor move
2025-11-30T12:59:00.977247+01:00 esp32 Protocol: Motor DX: 130 -1.000000, SX: 127 -1.000000
2025-11-30T12:59:01.197186+01:00 esp32 Protocol: Parsed header. Millis 106092 Type: 0 Size: 10
2025-11-30T12:59:01.199574+01:00 esp32 Main: Received motor move
2025-11-30T12:59:01.203933+01:00 esp32 Protocol: Motor DX: 255 -1.000000, SX: 235 -1.000000
2025-11-30T12:59:01.217957+01:00 esp32 Protocol: Parsed header. Millis 106192 Type: 0 Size: 10
2025-11-30T12:59:01.220918+01:00 esp32 Main: Received motor move
2025-11-30T12:59:01.224891+01:00 esp32 Protocol: Motor DX: 255 -1.000000, SX: 217 -1.000000
2025-11-30T12:59:01.442162+01:00 esp32 Protocol: Parsed header. Millis 106392 Type: 0 Size: 10
2025-11-30T12:59:01.443942+01:00 esp32 Main: Received motor move
2025-11-30T12:59:01.456931+01:00 esp32 Protocol: Motor DX: 255 -1.000000, SX: 215 -1.000000
2025-11-30T12:59:01.459935+01:00 esp32 Protocol: Parsed header. Millis 106492 Type: 0 Size: 10
2025-11-30T12:59:01.463887+01:00 esp32 Main: Received motor move
2025-11-30T12:59:01.476122+01:00 esp32 Protocol: Motor DX: 255 -1.000000, SX: 211 -1.000000
2025-11-30T12:59:01.701207+01:00 esp32 Protocol: Parsed header. Millis 106592 Type: 0 Size: 10
2025-11-30T12:59:01.702945+01:00 esp32 Main: Received motor move
2025-11-30T12:59:01.705939+01:00 esp32 Protocol: Motor DX: 56 -1.000000, SX: 37 -1.000000
2025-11-30T12:59:01.719968+01:00 esp32 Protocol: Parsed header. Millis 106692 Type: 0 Size: 10
2025-11-30T12:59:01.721918+01:00 esp32 Main: Received motor move
2025-11-30T12:59:01.724929+01:00 esp32 Protocol: Motor DX: 2 -1.000000, SX: 4 1.000000
2025-11-30T12:59:01.737992+01:00 esp32 Protocol: Parsed header. Millis 106793 Type: 0 Size: 10
2025-11-30T12:59:01.740926+01:00 esp32 Main: Received motor move
2025-11-30T12:59:01.742922+01:00 esp32 Protocol: Motor DX: 92 1.000000, SX: 94 1.000000
2025-11-30T12:59:01.949774+01:00 esp32 Protocol: Parsed header. Millis 106893 Type: 0 Size: 10
2025-11-30T12:59:01.951020+01:00 esp32 Main: Received motor move
2025-11-30T12:59:01.965032+01:00 esp32 Protocol: Motor DX: 201 1.000000, SX: 255 1.000000
2025-11-30T12:59:01.966941+01:00 esp32 Protocol: Parsed header. Millis 106993 Type: 0 Size: 10
2025-11-30T12:59:01.968985+01:00 esp32 Main: Received motor move
2025-11-30T12:59:01.981084+01:00 esp32 Protocol: Motor DX: 155 -1.000000, SX: 255 1.000000
2025-11-30T12:59:02.205197+01:00 esp32 Protocol: Parsed header. Millis 107093 Type: 0 Size: 10
2025-11-30T12:59:02.205197+01:00 esp32 Main: Received motor move
2025-11-30T12:59:02.214989+01:00 esp32 Protocol: Motor DX: 243 -1.000000, SX: 255 1.000000
2025-11-30T12:59:02.218896+01:00 esp32 Protocol: Parsed header. Millis 107193 Type: 0 Size: 10
2025-11-30T12:59:02.223395+01:00 esp32 Main: Received motor move
2025-11-30T12:59:02.226879+01:00 esp32 Protocol: Motor DX: 255 -1.000000, SX: 198 1.000000
2025-11-30T12:59:02.238934+01:00 esp32 Protocol: Parsed header. Millis 107293 Type: 0 Size: 10
2025-11-30T12:59:02.242890+01:00 esp32 Main: Received motor move
2025-11-30T12:59:02.246882+01:00 esp32 Protocol: Motor DX: 255 -1.000000, SX: 128 1.000000
2025-11-30T12:59:02.262187+01:00 esp32 Protocol: Parsed header. Millis 107393 Type: 0 Size: 10
2025-11-30T12:59:02.263941+01:00 esp32 Main: Received motor move
2025-11-30T12:59:02.276464+01:00 esp32 Protocol: Motor DX: 88 1.000000, SX: 255 -1.000000
2025-11-30T12:59:02.449331+01:00 esp32 Protocol: Parsed header. Millis 107493 Type: 0 Size: 10
2025-11-30T12:59:02.453981+01:00 esp32 Main: Received motor move
2025-11-30T12:59:02.455989+01:00 esp32 Protocol: Motor DX: 244 1.000000, SX: 255 -1.000000
2025-11-30T12:59:02.701339+01:00 esp32 Protocol: Parsed header. Millis 107593 Type: 0 Size: 10
2025-11-30T12:59:02.704140+01:00 esp32 Main: Received motor move
2025-11-30T12:59:02.716673+01:00 esp32 Protocol: Motor DX: 250 1.000000, SX: 255 -1.000000
2025-11-30T12:59:02.720285+01:00 esp32 Protocol: Parsed header. Millis 107693 Type: 0 Size: 10
2025-11-30T12:59:02.722026+01:00 esp32 Main: Received motor move
2025-11-30T12:59:02.729093+01:00 esp32 Protocol: Motor DX: 138 1.000000, SX: 80 1.000000
2025-11-30T12:59:02.741149+01:00 esp32 Protocol: Parsed header. Millis 107793 Type: 0 Size: 10
2025-11-30T12:59:02.743006+01:00 esp32 Main: Received motor move
2025-11-30T12:59:02.745047+01:00 esp32 Protocol: Motor DX: 155 -1.000000, SX: 255 1.000000
2025-11-30T12:59:02.951336+01:00 esp32 Protocol: Parsed header. Millis 107893 Type: 0 Size: 10
2025-11-30T12:59:02.953953+01:00 esp32 Main: Received motor move
2025-11-30T12:59:02.966064+01:00 esp32 Protocol: Motor DX: 233 -1.000000, SX: 255 1.000000
2025-11-30T12:59:02.967989+01:00 esp32 Protocol: Parsed header. Millis 107994 Type: 0 Size: 10
2025-11-30T12:59:02.970068+01:00 esp32 Main: Received motor move
2025-11-30T12:59:02.982075+01:00 esp32 Protocol: Motor DX: 20 1.000000, SX: 17 -1.000000
2025-11-30T12:59:03.201244+01:00 esp32 Protocol: Parsed header. Millis 108094 Type: 0 Size: 10
2025-11-30T12:59:03.203132+01:00 esp32 Main: Received motor move
2025-11-30T12:59:03.215045+01:00 esp32 Protocol: Motor DX: 248 1.000000, SX: 255 -1.000000
2025-11-30T12:59:03.217955+01:00 esp32 Protocol: Parsed header. Millis 108194 Type: 0 Size: 10
2025-11-30T12:59:03.219923+01:00 esp32 Main: Received motor move
2025-11-30T12:59:03.231967+01:00 esp32 Protocol: Motor DX: 255 1.000000, SX: 251 -1.000000
2025-11-30T12:59:03.233927+01:00 esp32 Protocol: Parsed header. Millis 108294 Type: 0 Size: 10
2025-11-30T12:59:03.247525+01:00 esp32 Main: Received motor move
2025-11-30T12:59:03.251008+01:00 esp32 Protocol: Motor DX: 145 -1.000000, SX: 255 1.000000
2025-11-30T12:59:03.452749+01:00 esp32 Protocol: Parsed header. Millis 108394 Type: 0 Size: 10
2025-11-30T12:59:03.455952+01:00 esp32 Main: Received motor move
2025-11-30T12:59:03.468077+01:00 esp32 Protocol: Motor DX: 192 -1.000000, SX: 255 1.000000
2025-11-30T12:59:03.470009+01:00 esp32 Protocol: Parsed header. Millis 108494 Type: 0 Size: 10
2025-11-30T12:59:03.474035+01:00 esp32 Main: Received motor move
2025-11-30T12:59:03.479028+01:00 esp32 Protocol: Motor DX: 4 -1.000000, SX: 6 1.000000
2025-11-30T12:59:03.707244+01:00 esp32 Protocol: Parsed header. Millis 108594 Type: 0 Size: 10
2025-11-30T12:59:03.711464+01:00 esp32 Main: Received motor move
2025-11-30T12:59:03.715989+01:00 esp32 Protocol: Motor DX: 2 -1.000000, SX: 4 1.000000
2025-11-30T12:59:03.721034+01:00 esp32 Protocol: Parsed header. Millis 108694 Type: 0 Size: 10
2025-11-30T12:59:03.723894+01:00 esp32 Main: Received motor move
2025-11-30T12:59:03.736158+01:00 esp32 Protocol: Motor DX: 0 1.000000, SX: 2 1.000000
2025-11-30T12:59:06.824501+01:00 esp32 Main: Battery: 7 , 12890 mV, 2337 raw
2025-11-30T12:59:06.836271+01:00 esp32 Protocol: Wifi 1, Server: 1, Latest millis: 108694, Used: 0, Read header: 0, Sensors count: 0
2025-11-30T12:59:16.824566+01:00 esp32 Main: Battery: 13 , 12802 mV, 2353 raw
2025-11-30T12:59:16.837239+01:00 esp32 Protocol: Wifi 1, Server: 1, Latest millis: 108694, Used: 0, Read header: 0, Sensors count: 0
2025-11-30T12:59:17.969998+01:00 esp32 Main: Received motor move
2025-11-30T12:59:17.972519+01:00 esp32 Protocol: Parsed header. Millis 122905 Type: 0 Size: 10
2025-11-30T12:59:17.982049+01:00 esp32 Protocol: Motor DX: 8 -1.000000, SX: 5 -1.000000
2025-11-30T12:59:18.207443+01:00 esp32 Protocol: Parsed header. Millis 123005 Type: 0 Size: 10
2025-11-30T12:59:18.211005+01:00 esp32 Main: Received motor move
2025-11-30T12:59:18.223052+01:00 esp32 Protocol: Motor DX: 34 -1.000000, SX: 47 -1.000000
2025-11-30T12:59:18.224961+01:00 esp32 Protocol: Parsed header. Millis 123105 Type: 0 Size: 10
2025-11-30T12:59:18.231004+01:00 esp32 Main: Received motor move
2025-11-30T12:59:18.233023+01:00 esp32 Protocol: Motor DX: 108 -1.000000, SX: 149 -1.000000
2025-11-30T12:59:18.245060+01:00 esp32 Protocol: Parsed header. Millis 123205 Type: 0 Size: 10
2025-11-30T12:59:18.246983+01:00 esp32 Main: Received motor move
2025-11-30T12:59:18.259017+01:00 esp32 Protocol: Motor DX: 124 -1.000000, SX: 165 -1.000000
2025-11-30T12:59:18.263014+01:00 esp32 Protocol: Parsed header. Millis 123305 Type: 0 Size: 10
2025-11-30T12:59:18.264362+01:00 esp32 Main: Received motor move
2025-11-30T12:59:18.282176+01:00 esp32 Protocol: Motor DX: 114 -1.000000, SX: 155 -1.000000
2025-11-30T12:59:18.454350+01:00 esp32 Protocol: Parsed header. Millis 123405 Type: 0 Size: 10
2025-11-30T12:59:18.461052+01:00 esp32 Main: Received motor move
2025-11-30T12:59:18.462964+01:00 esp32 Protocol: Motor DX: 124 -1.000000, SX: 153 -1.000000
2025-11-30T12:59:18.475060+01:00 esp32 Protocol: Parsed header. Millis 123505 Type: 0 Size: 10
2025-11-30T12:59:18.477932+01:00 esp32 Main: Received motor move
2025-11-30T12:59:18.479912+01:00 esp32 Protocol: Motor DX: 180 -1.000000, SX: 173 -1.000000
2025-11-30T12:59:18.703491+01:00 esp32 Protocol: Parsed header. Millis 123605 Type: 0 Size: 10
2025-11-30T12:59:18.712002+01:00 esp32 Main: Received motor move
2025-11-30T12:59:18.712002+01:00 esp32 Protocol: Motor DX: 204 -1.000000, SX: 161 -1.000000
2025-11-30T12:59:18.715324+01:00 esp32 Protocol: Parsed header. Millis 123705 Type: 0 Size: 10
2025-11-30T12:59:18.727976+01:00 esp32 Main: Received motor move
2025-11-30T12:59:18.730894+01:00 esp32 Protocol: Motor DX: 172 -1.000000, SX: 149 -1.000000
2025-11-30T12:59:18.742987+01:00 esp32 Protocol: Parsed header. Millis 123805 Type: 0 Size: 10
2025-11-30T12:59:18.744903+01:00 esp32 Main: Received motor move
2025-11-30T12:59:18.747905+01:00 esp32 Protocol: Motor DX: 140 -1.000000, SX: 117 -1.000000
2025-11-30T12:59:18.950267+01:00 esp32 Protocol: Parsed header. Millis 123906 Type: 0 Size: 10
2025-11-30T12:59:18.955984+01:00 esp32 Main: Received motor move
2025-11-30T12:59:18.959878+01:00 esp32 Protocol: Motor DX: 126 -1.000000, SX: 111 -1.000000
2025-11-30T12:59:18.972068+01:00 esp32 Protocol: Parsed header. Millis 124006 Type: 0 Size: 10
2025-11-30T12:59:18.974961+01:00 esp32 Main: Received motor move
2025-11-30T12:59:18.976966+01:00 esp32 Protocol: Motor DX: 124 -1.000000, SX: 93 -1.000000
2025-11-30T12:59:19.208193+01:00 esp32 Protocol: Parsed header. Millis 124106 Type: 0 Size: 10
2025-11-30T12:59:19.209934+01:00 esp32 Main: Received motor move
2025-11-30T12:59:19.222261+01:00 esp32 Protocol: Motor DX: 142 -1.000000, SX: 55 -1.000000
2025-11-30T12:59:19.224921+01:00 esp32 Protocol: Parsed header. Millis 124206 Type: 0 Size: 10
2025-11-30T12:59:19.226873+01:00 esp32 Main: Received motor move
2025-11-30T12:59:19.238930+01:00 esp32 Protocol: Motor DX: 152 -1.000000, SX: 65 -1.000000
2025-11-30T12:59:19.240903+01:00 esp32 Protocol: Parsed header. Millis 124306 Type: 0 Size: 10
2025-11-30T12:59:19.243895+01:00 esp32 Main: Received motor move
2025-11-30T12:59:19.255939+01:00 esp32 Protocol: Motor DX: 156 -1.000000, SX: 69 -1.000000
2025-11-30T12:59:19.456397+01:00 esp32 Protocol: Parsed header. Millis 124406 Type: 0 Size: 10
2025-11-30T12:59:19.457950+01:00 esp32 Main: Received motor move
2025-11-30T12:59:19.471050+01:00 esp32 Protocol: Motor DX: 168 -1.000000, SX: 81 -1.000000
2025-11-30T12:59:19.473033+01:00 esp32 Protocol: Parsed header. Millis 124506 Type: 0 Size: 10
2025-11-30T12:59:19.475062+01:00 esp32 Main: Received motor move
2025-11-30T12:59:19.488107+01:00 esp32 Protocol: Motor DX: 180 -1.000000, SX: 69 -1.000000
2025-11-30T12:59:19.709553+01:00 esp32 Protocol: Parsed header. Millis 124606 Type: 0 Size: 10
2025-11-30T12:59:19.714548+01:00 esp32 Main: Received motor move
2025-11-30T12:59:19.716947+01:00 esp32 Protocol: Motor DX: 194 -1.000000, SX: 55 -1.000000
2025-11-30T12:59:19.730065+01:00 esp32 Protocol: Parsed header. Millis 124706 Type: 0 Size: 10
2025-11-30T12:59:19.734675+01:00 esp32 Main: Received motor move
2025-11-30T12:59:19.735335+01:00 esp32 Protocol: Motor DX: 198 -1.000000, SX: 59 -1.000000
2025-11-30T12:59:19.749019+01:00 esp32 Protocol: Parsed header. Millis 124806 Type: 0 Size: 10
2025-11-30T12:59:19.751866+01:00 esp32 Main: Received motor move
2025-11-30T12:59:19.754884+01:00 esp32 Protocol: Motor DX: 198 -1.000000, SX: 63 -1.000000
2025-11-30T12:59:19.951208+01:00 esp32 Protocol: Parsed header. Millis 125006 Type: 0 Size: 10
2025-11-30T12:59:19.954902+01:00 esp32 Main: Received motor move
2025-11-30T12:59:19.957911+01:00 esp32 Protocol: Motor DX: 222 -1.000000, SX: 231 -1.000000
2025-11-30T12:59:20.201183+01:00 esp32 Protocol: Parsed header. Millis 125107 Type: 0 Size: 10
2025-11-30T12:59:20.205955+01:00 esp32 Main: Received motor move
2025-11-30T12:59:20.210353+01:00 esp32 Protocol: Motor DX: 214 -1.000000, SX: 255 -1.000000
2025-11-30T12:59:20.226446+01:00 esp32 Protocol: Parsed header. Millis 125307 Type: 0 Size: 10
2025-11-30T12:59:20.226446+01:00 esp32 Main: Received motor move
2025-11-30T12:59:20.227956+01:00 esp32 Protocol: Motor DX: 224 -1.000000, SX: 255 -1.000000
2025-11-30T12:59:20.450304+01:00 esp32 Protocol: Parsed header. Millis 125407 Type: 0 Size: 10
2025-11-30T12:59:20.453974+01:00 esp32 Main: Received motor move
2025-11-30T12:59:20.466059+01:00 esp32 Protocol: Motor DX: 244 -1.000000, SX: 255 -1.000000
2025-11-30T12:59:20.470888+01:00 esp32 Protocol: Parsed header. Millis 125507 Type: 0 Size: 10
2025-11-30T12:59:20.472909+01:00 esp32 Main: Received motor move
2025-11-30T12:59:20.476985+01:00 esp32 Protocol: Motor DX: 255 -1.000000, SX: 253 -1.000000
2025-11-30T12:59:20.701190+01:00 esp32 Protocol: Parsed header. Millis 125707 Type: 0 Size: 10
2025-11-30T12:59:20.702915+01:00 esp32 Main: Received motor move
2025-11-30T12:59:20.716050+01:00 esp32 Protocol: Motor DX: 240 -1.000000, SX: 255 -1.000000
2025-11-30T12:59:20.719927+01:00 esp32 Protocol: Parsed header. Millis 125807 Type: 0 Size: 10
2025-11-30T12:59:20.723923+01:00 esp32 Main: Received motor move
2025-11-30T12:59:20.726860+01:00 esp32 Protocol: Motor DX: 210 -1.000000, SX: 255 -1.000000
2025-11-30T12:59:20.957320+01:00 esp32 Protocol: Parsed header. Millis 125907 Type: 0 Size: 10
2025-11-30T12:59:20.964628+01:00 esp32 Main: Received motor move
2025-11-30T12:59:20.972997+01:00 esp32 Protocol: Motor DX: 188 -1.000000, SX: 255 -1.000000
2025-11-30T12:59:20.977033+01:00 esp32 Protocol: Parsed header. Millis 126007 Type: 0 Size: 10
2025-11-30T12:59:20.978972+01:00 esp32 Main: Received motor move
2025-11-30T12:59:20.992053+01:00 esp32 Protocol: Motor DX: 176 -1.000000, SX: 255 -1.000000
2025-11-30T12:59:21.211457+01:00 esp32 Protocol: Parsed header. Millis 126107 Type: 0 Size: 10
2025-11-30T12:59:21.213938+01:00 esp32 Main: Received motor move
2025-11-30T12:59:21.226968+01:00 esp32 Protocol: Motor DX: 148 -1.000000, SX: 255 -1.000000
2025-11-30T12:59:21.228952+01:00 esp32 Protocol: Parsed header. Millis 126207 Type: 0 Size: 10
2025-11-30T12:59:21.230398+01:00 esp32 Main: Received motor move
2025-11-30T12:59:21.242956+01:00 esp32 Protocol: Motor DX: 136 -1.000000, SX: 255 -1.000000
2025-11-30T12:59:21.244971+01:00 esp32 Protocol: Parsed header. Millis 126308 Type: 0 Size: 10
2025-11-30T12:59:21.251608+01:00 esp32 Main: Received motor move
2025-11-30T12:59:21.263071+01:00 esp32 Protocol: Motor DX: 92 -1.000000, SX: 255 -1.000000
2025-11-30T12:59:21.461580+01:00 esp32 Protocol: Parsed header. Millis 126408 Type: 0 Size: 10
2025-11-30T12:59:21.464178+01:00 esp32 Main: Received motor move
2025-11-30T12:59:21.468895+01:00 esp32 Protocol: Motor DX: 78 -1.000000, SX: 255 -1.000000
2025-11-30T12:59:21.709423+01:00 esp32 Protocol: Parsed header. Millis 126608 Type: 0 Size: 10
2025-11-30T12:59:21.710939+01:00 esp32 Main: Received motor move
2025-11-30T12:59:21.724255+01:00 esp32 Protocol: Motor DX: 10 -1.000000, SX: 255 -1.000000
2025-11-30T12:59:21.727911+01:00 esp32 Protocol: Parsed header. Millis 126708 Type: 0 Size: 10
2025-11-30T12:59:21.729940+01:00 esp32 Main: Received motor move
2025-11-30T12:59:21.742001+01:00 esp32 Protocol: Motor DX: 12 1.000000, SX: 255 -1.000000
2025-11-30T12:59:21.746204+01:00 esp32 Protocol: Parsed header. Millis 126808 Type: 0 Size: 10
2025-11-30T12:59:21.748952+01:00 esp32 Main: Received motor move
2025-11-30T12:59:21.761910+01:00 esp32 Protocol: Motor DX: 0 1.000000, SX: 255 -1.000000
2025-11-30T12:59:21.959227+01:00 esp32 Protocol: Parsed header. Millis 127008 Type: 0 Size: 10
2025-11-30T12:59:21.962065+01:00 esp32 Main: Received motor move
2025-11-30T12:59:21.976071+01:00 esp32 Protocol: Motor DX: 138 -1.000000, SX: 255 -1.000000
2025-11-30T12:59:22.209189+01:00 esp32 Protocol: Parsed header. Millis 127108 Type: 0 Size: 10
2025-11-30T12:59:22.211926+01:00 esp32 Main: Received motor move
2025-11-30T12:59:22.225975+01:00 esp32 Protocol: Motor DX: 158 -1.000000, SX: 255 -1.000000
2025-11-30T12:59:22.229881+01:00 esp32 Protocol: Parsed header. Millis 127208 Type: 0 Size: 10
2025-11-30T12:59:22.231889+01:00 esp32 Main: Received motor move
2025-11-30T12:59:22.245914+01:00 esp32 Protocol: Motor DX: 176 -1.000000, SX: 255 -1.000000
2025-11-30T12:59:22.247918+01:00 esp32 Protocol: Parsed header. Millis 127308 Type: 0 Size: 10
2025-11-30T12:59:22.249905+01:00 esp32 Main: Received motor move
2025-11-30T12:59:22.262977+01:00 esp32 Protocol: Motor DX: 216 -1.000000, SX: 255 -1.000000
2025-11-30T12:59:22.463090+01:00 esp32 Protocol: Parsed header. Millis 127408 Type: 0 Size: 10
2025-11-30T12:59:22.465925+01:00 esp32 Main: Received motor move
2025-11-30T12:59:22.468883+01:00 esp32 Protocol: Motor DX: 230 -1.000000, SX: 255 -1.000000
2025-11-30T12:59:22.482073+01:00 esp32 Protocol: Parsed header. Millis 127509 Type: 0 Size: 10
2025-11-30T12:59:22.484957+01:00 esp32 Main: Received motor move
2025-11-30T12:59:22.486918+01:00 esp32 Protocol: Motor DX: 246 -1.000000, SX: 255 -1.000000
2025-11-30T12:59:22.708247+01:00 esp32 Protocol: Parsed header. Millis 127609 Type: 0 Size: 10
2025-11-30T12:59:22.709924+01:00 esp32 Main: Received motor move
2025-11-30T12:59:22.723044+01:00 esp32 Protocol: Motor DX: 255 -1.000000, SX: 241 -1.000000
2025-11-30T12:59:22.726970+01:00 esp32 Protocol: Parsed header. Millis 127709 Type: 0 Size: 10
2025-11-30T12:59:22.729051+01:00 esp32 Main: Received motor move
2025-11-30T12:59:22.741056+01:00 esp32 Protocol: Motor DX: 255 -1.000000, SX: 243 -1.000000
2025-11-30T12:59:22.744320+01:00 esp32 Protocol: Parsed header. Millis 127809 Type: 0 Size: 10
2025-11-30T12:59:22.746932+01:00 esp32 Main: Received motor move
2025-11-30T12:59:22.762016+01:00 esp32 Protocol: Motor DX: 255 -1.000000, SX: 251 -1.000000
2025-11-30T12:59:22.963344+01:00 esp32 Protocol: Parsed header. Millis 127909 Type: 0 Size: 10
2025-11-30T12:59:22.967896+01:00 esp32 Main: Received motor move
2025-11-30T12:59:22.973977+01:00 esp32 Protocol: Motor DX: 255 -1.000000, SX: 253 -1.000000
2025-11-30T12:59:23.805396+01:00 esp32 Protocol: Parsed header. Millis 128910 Type: 0 Size: 10
2025-11-30T12:59:23.810516+01:00 esp32 Main: Received motor move
2025-11-30T12:59:23.820979+01:00 esp32 Protocol: Motor DX: 248 -1.000000, SX: 255 -1.000000
2025-11-30T12:59:24.117639+01:00 esp32 Protocol: Parsed header. Millis 129210 Type: 0 Size: 10
2025-11-30T12:59:24.117639+01:00 esp32 Main: Received motor move
2025-11-30T12:59:24.129123+01:00 esp32 Protocol: Motor DX: 250 -1.000000, SX: 255 -1.000000
2025-11-30T12:59:24.205337+01:00 esp32 Protocol: Parsed header. Millis 129310 Type: 0 Size: 10
2025-11-30T12:59:24.208009+01:00 esp32 Main: Received motor move
2025-11-30T12:59:24.220914+01:00 esp32 Protocol: Motor DX: 248 -1.000000, SX: 255 -1.000000
2025-11-30T12:59:24.462310+01:00 esp32 Protocol: Parsed header. Millis 129410 Type: 0 Size: 10
2025-11-30T12:59:24.466207+01:00 esp32 Main: Received motor move
2025-11-30T12:59:24.477199+01:00 esp32 Protocol: Motor DX: 240 -1.000000, SX: 255 -1.000000
2025-11-30T12:59:24.712402+01:00 esp32 Protocol: Parsed header. Millis 129610 Type: 0 Size: 10
2025-11-30T12:59:24.718492+01:00 esp32 Main: Received motor move
2025-11-30T12:59:24.718868+01:00 esp32 Protocol: Motor DX: 174 -1.000000, SX: 191 -1.000000
2025-11-30T12:59:24.733534+01:00 esp32 Protocol: Parsed header. Millis 129710 Type: 0 Size: 10
2025-11-30T12:59:24.738957+01:00 esp32 Main: Received motor move
2025-11-30T12:59:24.740906+01:00 esp32 Protocol: Motor DX: 156 -1.000000, SX: 177 -1.000000
2025-11-30T12:59:24.755450+01:00 esp32 Protocol: Parsed header. Millis 129810 Type: 0 Size: 10
2025-11-30T12:59:24.758883+01:00 esp32 Main: Received motor move
2025-11-30T12:59:24.762866+01:00 esp32 Protocol: Motor DX: 112 -1.000000, SX: 129 -1.000000
2025-11-30T12:59:24.961228+01:00 esp32 Protocol: Parsed header. Millis 129910 Type: 0 Size: 10
2025-11-30T12:59:24.965941+01:00 esp32 Main: Received motor move
2025-11-30T12:59:24.968880+01:00 esp32 Protocol: Motor DX: 80 -1.000000, SX: 97 -1.000000
2025-11-30T12:59:24.982956+01:00 esp32 Protocol: Parsed header. Millis 130010 Type: 0 Size: 10
2025-11-30T12:59:24.984910+01:00 esp32 Main: Received motor move
2025-11-30T12:59:24.987904+01:00 esp32 Protocol: Motor DX: 2 1.000000, SX: 3 -1.000000
2025-11-30T12:59:25.217423+01:00 esp32 Protocol: Parsed header. Millis 130111 Type: 0 Size: 10
2025-11-30T12:59:25.218876+01:00 esp32 Main: Received motor move
2025-11-30T12:59:25.231102+01:00 esp32 Protocol: Motor DX: 18 1.000000, SX: 8 1.000000
2025-11-30T12:59:25.238413+01:00 esp32 Protocol: Parsed header. Millis 130211 Type: 0 Size: 10
2025-11-30T12:59:25.238787+01:00 esp32 Main: Received motor move
2025-11-30T12:59:25.251104+01:00 esp32 Protocol: Motor DX: 86 1.000000, SX: 68 1.000000
2025-11-30T12:59:25.252964+01:00 esp32 Protocol: Parsed header. Millis 130311 Type: 0 Size: 10
2025-11-30T12:59:25.256918+01:00 esp32 Main: Received motor move
2025-11-30T12:59:25.269018+01:00 esp32 Protocol: Motor DX: 184 1.000000, SX: 170 1.000000
2025-11-30T12:59:25.463396+01:00 esp32 Protocol: Parsed header. Millis 130411 Type: 0 Size: 10
2025-11-30T12:59:25.469402+01:00 esp32 Main: Received motor move
2025-11-30T12:59:25.469402+01:00 esp32 Protocol: Motor DX: 238 1.000000, SX: 228 1.000000
2025-11-30T12:59:25.481007+01:00 esp32 Protocol: Parsed header. Millis 130511 Type: 0 Size: 10
2025-11-30T12:59:25.485932+01:00 esp32 Main: Received motor move
2025-11-30T12:59:25.488920+01:00 esp32 Protocol: Motor DX: 220 1.000000, SX: 170 1.000000
2025-11-30T12:59:25.707271+01:00 esp32 Protocol: Parsed header. Millis 130611 Type: 0 Size: 10
2025-11-30T12:59:25.711221+01:00 esp32 Main: Received motor move
2025-11-30T12:59:25.724159+01:00 esp32 Protocol: Motor DX: 114 1.000000, SX: 64 1.000000
2025-11-30T12:59:25.725920+01:00 esp32 Protocol: Parsed header. Millis 130711 Type: 0 Size: 10
2025-11-30T12:59:25.732892+01:00 esp32 Main: Received motor move
2025-11-30T12:59:25.741887+01:00 esp32 Protocol: Motor DX: 122 1.000000, SX: 64 1.000000
2025-11-30T12:59:25.745750+01:00 esp32 Protocol: Parsed header. Millis 130811 Type: 0 Size: 10
2025-11-30T12:59:25.758993+01:00 esp32 Main: Received motor move
2025-11-30T12:59:25.758993+01:00 esp32 Protocol: Motor DX: 114 1.000000, SX: 56 1.000000
2025-11-30T12:59:25.962827+01:00 esp32 Protocol: Parsed header. Millis 130911 Type: 0 Size: 10
2025-11-30T12:59:25.963262+01:00 esp32 Main: Received motor move
2025-11-30T12:59:25.968237+01:00 esp32 Protocol: Motor DX: 86 1.000000, SX: 24 1.000000
2025-11-30T12:59:25.980575+01:00 esp32 Protocol: Parsed header. Millis 131011 Type: 0 Size: 10
2025-11-30T12:59:25.984105+01:00 esp32 Main: Received motor move
2025-11-30T12:59:25.985892+01:00 esp32 Protocol: Motor DX: 48 1.000000, SX: 21 -1.000000
2025-11-30T12:59:26.218272+01:00 esp32 Protocol: Parsed header. Millis 131111 Type: 0 Size: 10
2025-11-30T12:59:26.221660+01:00 esp32 Main: Received motor move
2025-11-30T12:59:26.226271+01:00 esp32 Protocol: Motor DX: 32 1.000000, SX: 37 -1.000000
2025-11-30T12:59:26.238476+01:00 esp32 Protocol: Parsed header. Millis 131211 Type: 0 Size: 10
2025-11-30T12:59:26.238776+01:00 esp32 Main: Received motor move
2025-11-30T12:59:26.241889+01:00 esp32 Protocol: Motor DX: 42 1.000000, SX: 11 -1.000000
2025-11-30T12:59:26.254114+01:00 esp32 Protocol: Parsed header. Millis 131312 Type: 0 Size: 10
2025-11-30T12:59:26.258016+01:00 esp32 Main: Received motor move
2025-11-30T12:59:26.261649+01:00 esp32 Protocol: Motor DX: 20 1.000000, SX: 5 -1.000000
2025-11-30T12:59:26.462411+01:00 esp32 Protocol: Parsed header. Millis 131412 Type: 0 Size: 10
2025-11-30T12:59:26.466196+01:00 esp32 Main: Received motor move
2025-11-30T12:59:26.468023+01:00 esp32 Protocol: Motor DX: 4 1.000000, SX: 1 -1.000000
2025-11-30T12:59:26.480961+01:00 esp32 Protocol: Parsed header. Millis 131512 Type: 0 Size: 10
2025-11-30T12:59:26.484407+01:00 esp32 Main: Received motor move
2025-11-30T12:59:26.485850+01:00 esp32 Protocol: Motor DX: 0 1.000000, SX: 2 1.000000
2025-11-30T12:59:26.709117+01:00 esp32 Protocol: Parsed header. Millis 131712 Type: 0 Size: 10
2025-11-30T12:59:26.710915+01:00 esp32 Main: Received motor move
2025-11-30T12:59:26.723830+01:00 esp32 Protocol: Motor DX: 6 1.000000, SX: 8 1.000000
2025-11-30T12:59:26.725913+01:00 esp32 Protocol: Parsed header. Millis 131812 Type: 0 Size: 10
2025-11-30T12:59:26.727880+01:00 esp32 Main: Received motor move
2025-11-30T12:59:26.741613+01:00 esp32 Protocol: Motor DX: 4 1.000000, SX: 6 1.000000
2025-11-30T12:59:26.785252+01:00 esp32 Protocol: Parsed header. Millis 131912 Type: 0 Size: 10
2025-11-30T12:59:26.789014+01:00 esp32 Main: Received motor move
2025-11-30T12:59:26.794322+01:00 esp32 Protocol: Motor DX: 16 -1.000000, SX: 38 1.000000
2025-11-30T12:59:26.822951+01:00 esp32 Main: Battery: 11 , 12979 mV, 2369 raw
2025-11-30T12:59:26.836076+01:00 esp32 Protocol: Wifi 1, Server: 1, Latest millis: 131912, Used: 0, Read header: 0, Sensors count: 0
2025-11-30T12:59:26.959250+01:00 esp32 Protocol: Parsed header. Millis 132012 Type: 0 Size: 10
2025-11-30T12:59:26.964113+01:00 esp32 Main: Received motor move
2025-11-30T12:59:26.967210+01:00 esp32 Protocol: Motor DX: 22 -1.000000, SX: 76 1.000000
2025-11-30T12:59:27.221375+01:00 esp32 Protocol: Parsed header. Millis 132112 Type: 0 Size: 10
2025-11-30T12:59:27.224487+01:00 esp32 Main: Received motor move
2025-11-30T12:59:27.237206+01:00 esp32 Protocol: Motor DX: 18 -1.000000, SX: 80 1.000000
2025-11-30T12:59:27.241248+01:00 esp32 Protocol: Parsed header. Millis 132212 Type: 0 Size: 10
2025-11-30T12:59:27.241789+01:00 esp32 Main: Received motor move
2025-11-30T12:59:27.256760+01:00 esp32 Protocol: Motor DX: 24 -1.000000, SX: 82 1.000000
2025-11-30T12:59:27.261118+01:00 esp32 Protocol: Parsed header. Millis 132312 Type: 0 Size: 10
2025-11-30T12:59:27.261931+01:00 esp32 Main: Received motor move
2025-11-30T12:59:27.274458+01:00 esp32 Protocol: Motor DX: 22 -1.000000, SX: 100 1.000000
2025-11-30T12:59:27.468398+01:00 esp32 Protocol: Parsed header. Millis 132412 Type: 0 Size: 10
2025-11-30T12:59:27.470945+01:00 esp32 Main: Received motor move
2025-11-30T12:59:27.483324+01:00 esp32 Protocol: Motor DX: 22 -1.000000, SX: 104 1.000000
2025-11-30T12:59:27.486293+01:00 esp32 Protocol: Parsed header. Millis 132513 Type: 0 Size: 10
2025-11-30T12:59:27.486746+01:00 esp32 Main: Received motor move
2025-11-30T12:59:27.501009+01:00 esp32 Protocol: Motor DX: 32 -1.000000, SX: 114 1.000000
2025-11-30T12:59:27.723297+01:00 esp32 Protocol: Parsed header. Millis 132613 Type: 0 Size: 10
2025-11-30T12:59:27.723297+01:00 esp32 Main: Received motor move
2025-11-30T12:59:27.733256+01:00 esp32 Protocol: Motor DX: 44 -1.000000, SX: 130 1.000000
2025-11-30T12:59:27.737904+01:00 esp32 Protocol: Parsed header. Millis 132713 Type: 0 Size: 10
2025-11-30T12:59:27.744180+01:00 esp32 Main: Received motor move
2025-11-30T12:59:27.745869+01:00 esp32 Protocol: Motor DX: 46 -1.000000, SX: 132 1.000000
2025-11-30T12:59:27.758034+01:00 esp32 Protocol: Parsed header. Millis 132813 Type: 0 Size: 10
2025-11-30T12:59:27.761111+01:00 esp32 Main: Received motor move
2025-11-30T12:59:27.761580+01:00 esp32 Protocol: Motor DX: 52 -1.000000, SX: 110 1.000000
2025-11-30T12:59:27.968269+01:00 esp32 Protocol: Parsed header. Millis 132913 Type: 0 Size: 10
2025-11-30T12:59:27.970158+01:00 esp32 Main: Received motor move
2025-11-30T12:59:27.984235+01:00 esp32 Protocol: Motor DX: 48 -1.000000, SX: 102 1.000000
2025-11-30T12:59:27.985865+01:00 esp32 Protocol: Parsed header. Millis 133013 Type: 0 Size: 10
2025-11-30T12:59:27.988851+01:00 esp32 Main: Received motor move
2025-11-30T12:59:28.001001+01:00 esp32 Protocol: Motor DX: 26 -1.000000, SX: 48 1.000000
2025-11-30T12:59:28.218203+01:00 esp32 Protocol: Parsed header. Millis 133113 Type: 0 Size: 10
2025-11-30T12:59:28.220167+01:00 esp32 Main: Received motor move
2025-11-30T12:59:28.232590+01:00 esp32 Protocol: Motor DX: 0 1.000000, SX: 2 1.000000
2025-11-30T12:59:28.235108+01:00 esp32 Protocol: Parsed header. Millis 133213 Type: 0 Size: 10
2025-11-30T12:59:28.240880+01:00 esp32 Main: Received motor move
2025-11-30T12:59:28.243132+01:00 esp32 Protocol: Motor DX: 14 1.000000, SX: 11 -1.000000
2025-11-30T12:59:28.255263+01:00 esp32 Protocol: Parsed header. Millis 133313 Type: 0 Size: 10
2025-11-30T12:59:28.256745+01:00 esp32 Main: Received motor move
2025-11-30T12:59:28.258897+01:00 esp32 Protocol: Motor DX: 58 1.000000, SX: 83 -1.000000
2025-11-30T12:59:28.462261+01:00 esp32 Protocol: Parsed header. Millis 133413 Type: 0 Size: 10
2025-11-30T12:59:28.464074+01:00 esp32 Main: Received motor move
2025-11-30T12:59:28.476017+01:00 esp32 Protocol: Motor DX: 72 1.000000, SX: 93 -1.000000
2025-11-30T12:59:28.477906+01:00 esp32 Protocol: Parsed header. Millis 133513 Type: 0 Size: 10
2025-11-30T12:59:28.480164+01:00 esp32 Main: Received motor move
2025-11-30T12:59:28.491979+01:00 esp32 Protocol: Motor DX: 76 1.000000, SX: 89 -1.000000
2025-11-30T12:59:28.714390+01:00 esp32 Protocol: Parsed header. Millis 133613 Type: 0 Size: 10
2025-11-30T12:59:28.718027+01:00 esp32 Main: Received motor move
2025-11-30T12:59:28.731088+01:00 esp32 Protocol: Motor DX: 74 1.000000, SX: 83 -1.000000
2025-11-30T12:59:28.734349+01:00 esp32 Protocol: Parsed header. Millis 133714 Type: 0 Size: 10
2025-11-30T12:59:28.737040+01:00 esp32 Main: Received motor move
2025-11-30T12:59:28.749149+01:00 esp32 Protocol: Motor DX: 74 1.000000, SX: 75 -1.000000
2025-11-30T12:59:28.751020+01:00 esp32 Protocol: Parsed header. Millis 133814 Type: 0 Size: 10
2025-11-30T12:59:28.754289+01:00 esp32 Main: Received motor move
2025-11-30T12:59:28.768255+01:00 esp32 Protocol: Motor DX: 70 1.000000, SX: 67 -1.000000
2025-11-30T12:59:28.968409+01:00 esp32 Protocol: Parsed header. Millis 133914 Type: 0 Size: 10
2025-11-30T12:59:28.970316+01:00 esp32 Main: Received motor move
2025-11-30T12:59:28.983357+01:00 esp32 Protocol: Motor DX: 68 1.000000, SX: 61 -1.000000
2025-11-30T12:59:28.985099+01:00 esp32 Protocol: Parsed header. Millis 134014 Type: 0 Size: 10
2025-11-30T12:59:28.987206+01:00 esp32 Main: Received motor move
2025-11-30T12:59:29.000287+01:00 esp32 Protocol: Motor DX: 74 1.000000, SX: 75 -1.000000
2025-11-30T12:59:29.220149+01:00 esp32 Protocol: Parsed header. Millis 134114 Type: 0 Size: 10
2025-11-30T12:59:29.225856+01:00 esp32 Main: Received motor move
2025-11-30T12:59:29.227878+01:00 esp32 Protocol: Motor DX: 72 1.000000, SX: 73 -1.000000
2025-11-30T12:59:29.240075+01:00 esp32 Protocol: Parsed header. Millis 134214 Type: 0 Size: 10
2025-11-30T12:59:29.241852+01:00 esp32 Main: Received motor move
2025-11-30T12:59:29.248843+01:00 esp32 Protocol: Motor DX: 72 1.000000, SX: 69 -1.000000
2025-11-30T12:59:29.469171+01:00 esp32 Protocol: Parsed header. Millis 134414 Type: 0 Size: 10
2025-11-30T12:59:29.470949+01:00 esp32 Main: Received motor move
2025-11-30T12:59:29.483113+01:00 esp32 Protocol: Motor DX: 74 1.000000, SX: 71 -1.000000
2025-11-30T12:59:29.485294+01:00 esp32 Protocol: Parsed header. Millis 134514 Type: 0 Size: 10
2025-11-30T12:59:29.490823+01:00 esp32 Main: Received motor move
2025-11-30T12:59:29.493100+01:00 esp32 Protocol: Motor DX: 74 1.000000, SX: 75 -1.000000
2025-11-30T12:59:29.711317+01:00 esp32 Protocol: Parsed header. Millis 134614 Type: 0 Size: 10
2025-11-30T12:59:29.713145+01:00 esp32 Main: Received motor move
2025-11-30T12:59:29.726013+01:00 esp32 Protocol: Motor DX: 76 1.000000, SX: 77 -1.000000
2025-11-30T12:59:29.728120+01:00 esp32 Protocol: Parsed header. Millis 134714 Type: 0 Size: 10
2025-11-30T12:59:29.729742+01:00 esp32 Main: Received motor move
2025-11-30T12:59:29.742052+01:00 esp32 Protocol: Motor DX: 74 1.000000, SX: 71 -1.000000
2025-11-30T12:59:29.968303+01:00 esp32 Protocol: Parsed header. Millis 134915 Type: 0 Size: 10
2025-11-30T12:59:29.974186+01:00 esp32 Main: Received motor move
2025-11-30T12:59:29.984196+01:00 esp32 Protocol: Motor DX: 76 1.000000, SX: 65 -1.000000
2025-11-30T12:59:30.214417+01:00 esp32 Protocol: Parsed header. Millis 135115 Type: 0 Size: 10
2025-11-30T12:59:30.217138+01:00 esp32 Main: Received motor move
2025-11-30T12:59:30.229170+01:00 esp32 Protocol: Motor DX: 80 1.000000, SX: 69 -1.000000
2025-11-30T12:59:30.230924+01:00 esp32 Protocol: Parsed header. Millis 135215 Type: 0 Size: 10
2025-11-30T12:59:30.234048+01:00 esp32 Main: Received motor move
2025-11-30T12:59:30.252466+01:00 esp32 Protocol: Motor DX: 90 1.000000, SX: 59 -1.000000
2025-11-30T12:59:30.252466+01:00 esp32 Protocol: Parsed header. Millis 135315 Type: 0 Size: 10
2025-11-30T12:59:30.252717+01:00 esp32 Main: Received motor move
2025-11-30T12:59:30.266045+01:00 esp32 Protocol: Motor DX: 88 1.000000, SX: 61 -1.000000
2025-11-30T12:59:30.472241+01:00 esp32 Protocol: Parsed header. Millis 135415 Type: 0 Size: 10
2025-11-30T12:59:30.474052+01:00 esp32 Main: Received motor move
2025-11-30T12:59:30.486006+01:00 esp32 Protocol: Motor DX: 68 1.000000, SX: 37 -1.000000
2025-11-30T12:59:30.490224+01:00 esp32 Protocol: Parsed header. Millis 135515 Type: 0 Size: 10
2025-11-30T12:59:30.493213+01:00 esp32 Main: Received motor move
2025-11-30T12:59:30.507213+01:00 esp32 Protocol: Motor DX: 0 1.000000, SX: 2 1.000000
2025-11-30T12:59:31.178328+01:00 esp32 Protocol: Parsed header. Millis 136216 Type: 0 Size: 10
2025-11-30T12:59:31.184853+01:00 esp32 Main: Received motor move
2025-11-30T12:59:31.194236+01:00 esp32 Protocol: Motor DX: 2 -1.000000, SX: 0 1.000000
2025-11-30T12:59:31.219162+01:00 esp32 Protocol: Parsed header. Millis 136316 Type: 0 Size: 10
2025-11-30T12:59:31.220986+01:00 esp32 Main: Received motor move
2025-11-30T12:59:31.223381+01:00 esp32 Protocol: Motor DX: 0 1.000000, SX: 2 1.000000
2025-11-30T12:59:31.894372+01:00 esp32 Protocol: Parsed header. Millis 136916 Type: 0 Size: 10
2025-11-30T12:59:31.900705+01:00 esp32 Main: Received motor move
2025-11-30T12:59:31.901264+01:00 esp32 Protocol: Motor DX: 16 -1.000000, SX: 38 1.000000
2025-11-30T12:59:31.965176+01:00 esp32 Protocol: Parsed header. Millis 137016 Type: 0 Size: 10
2025-11-30T12:59:31.967044+01:00 esp32 Main: Received motor move
2025-11-30T12:59:31.980140+01:00 esp32 Protocol: Motor DX: 24 -1.000000, SX: 62 1.000000
2025-11-30T12:59:32.216464+01:00 esp32 Protocol: Parsed header. Millis 137116 Type: 0 Size: 10
2025-11-30T12:59:32.217102+01:00 esp32 Main: Received motor move
2025-11-30T12:59:32.228985+01:00 esp32 Protocol: Motor DX: 32 -1.000000, SX: 74 1.000000
2025-11-30T12:59:32.233149+01:00 esp32 Protocol: Parsed header. Millis 137216 Type: 0 Size: 10
2025-11-30T12:59:32.235843+01:00 esp32 Main: Received motor move
2025-11-30T12:59:32.247952+01:00 esp32 Protocol: Motor DX: 38 -1.000000, SX: 80 1.000000
2025-11-30T12:59:32.250918+01:00 esp32 Protocol: Parsed header. Millis 137317 Type: 0 Size: 10
2025-11-30T12:59:32.255090+01:00 esp32 Main: Received motor move
2025-11-30T12:59:32.258906+01:00 esp32 Protocol: Motor DX: 34 -1.000000, SX: 68 1.000000
2025-11-30T12:59:32.468493+01:00 esp32 Protocol: Parsed header. Millis 137417 Type: 0 Size: 10
2025-11-30T12:59:32.470138+01:00 esp32 Main: Received motor move
2025-11-30T12:59:32.481951+01:00 esp32 Protocol: Motor DX: 0 1.000000, SX: 2 1.000000
2025-11-30T12:59:33.220489+01:00 esp32 Protocol: Parsed header. Millis 138317 Type: 0 Size: 10
2025-11-30T12:59:33.226338+01:00 esp32 Main: Received motor move
2025-11-30T12:59:33.231590+01:00 esp32 Protocol: Motor DX: 44 1.000000, SX: 49 -1.000000
2025-11-30T12:59:33.468210+01:00 esp32 Protocol: Parsed header. Millis 138417 Type: 0 Size: 10
2025-11-30T12:59:33.470071+01:00 esp32 Main: Received motor move
2025-11-30T12:59:33.481970+01:00 esp32 Protocol: Motor DX: 114 1.000000, SX: 171 -1.000000
2025-11-30T12:59:33.483987+01:00 esp32 Protocol: Parsed header. Millis 138517 Type: 0 Size: 10
2025-11-30T12:59:33.488861+01:00 esp32 Main: Received motor move
2025-11-30T12:59:33.500978+01:00 esp32 Protocol: Motor DX: 120 1.000000, SX: 181 -1.000000
2025-11-30T12:59:33.719427+01:00 esp32 Protocol: Parsed header. Millis 138618 Type: 0 Size: 10
2025-11-30T12:59:33.720969+01:00 esp32 Main: Received motor move
2025-11-30T12:59:33.734068+01:00 esp32 Protocol: Motor DX: 98 1.000000, SX: 151 -1.000000
2025-11-30T12:59:33.735961+01:00 esp32 Protocol: Parsed header. Millis 138718 Type: 0 Size: 10
2025-11-30T12:59:33.737905+01:00 esp32 Main: Received motor move
2025-11-30T12:59:33.751435+01:00 esp32 Protocol: Motor DX: 6 1.000000, SX: 3 -1.000000
2025-11-30T12:59:33.754253+01:00 esp32 Protocol: Parsed header. Millis 138818 Type: 0 Size: 10
2025-11-30T12:59:33.754676+01:00 esp32 Main: Received motor move
2025-11-30T12:59:33.768931+01:00 esp32 Protocol: Motor DX: 0 1.000000, SX: 2 1.000000
2025-11-30T12:59:34.449481+01:00 esp32 Protocol: Parsed header. Millis 139518 Type: 0 Size: 10
2025-11-30T12:59:34.450911+01:00 esp32 Main: Received motor move
2025-11-30T12:59:34.463916+01:00 esp32 Protocol: Motor DX: 8 -1.000000, SX: 6 1.000000
2025-11-30T12:59:34.495365+01:00 esp32 Protocol: Parsed header. Millis 139618 Type: 0 Size: 10
2025-11-30T12:59:34.500067+01:00 esp32 Main: Received motor move
2025-11-30T12:59:34.503037+01:00 esp32 Protocol: Motor DX: 64 -1.000000, SX: 94 1.000000
2025-11-30T12:59:34.726319+01:00 esp32 Protocol: Parsed header. Millis 139718 Type: 0 Size: 10
2025-11-30T12:59:34.728959+01:00 esp32 Main: Received motor move
2025-11-30T12:59:34.741995+01:00 esp32 Protocol: Motor DX: 106 -1.000000, SX: 164 1.000000
2025-11-30T12:59:34.744063+01:00 esp32 Protocol: Parsed header. Millis 139819 Type: 0 Size: 10
2025-11-30T12:59:34.745962+01:00 esp32 Main: Received motor move
2025-11-30T12:59:34.757956+01:00 esp32 Protocol: Motor DX: 78 -1.000000, SX: 104 1.000000
2025-11-30T12:59:34.968270+01:00 esp32 Protocol: Parsed header. Millis 139919 Type: 0 Size: 10
2025-11-30T12:59:34.975410+01:00 esp32 Main: Received motor move
2025-11-30T12:59:34.983075+01:00 esp32 Protocol: Motor DX: 0 1.000000, SX: 2 1.000000
2025-11-30T12:59:35.581393+01:00 esp32 Protocol: Parsed header. Millis 140619 Type: 0 Size: 10
2025-11-30T12:59:35.587235+01:00 esp32 Main: Received motor move
2025-11-30T12:59:35.597275+01:00 esp32 Protocol: Motor DX: 6 1.000000, SX: 3 -1.000000
2025-11-30T12:59:35.739345+01:00 esp32 Protocol: Parsed header. Millis 140719 Type: 0 Size: 10
2025-11-30T12:59:35.743253+01:00 esp32 Main: Received motor move
2025-11-30T12:59:35.755239+01:00 esp32 Protocol: Motor DX: 142 1.000000, SX: 211 -1.000000
2025-11-30T12:59:35.756673+01:00 esp32 Protocol: Parsed header. Millis 140819 Type: 0 Size: 10
2025-11-30T12:59:35.760979+01:00 esp32 Main: Received motor move
2025-11-30T12:59:35.773262+01:00 esp32 Protocol: Motor DX: 184 1.000000, SX: 255 -1.000000
2025-11-30T12:59:35.978280+01:00 esp32 Protocol: Parsed header. Millis 140919 Type: 0 Size: 10
2025-11-30T12:59:35.979588+01:00 esp32 Main: Received motor move
2025-11-30T12:59:35.981967+01:00 esp32 Protocol: Motor DX: 0 1.000000, SX: 2 1.000000
2025-11-30T12:59:36.810518+01:00 esp32 Protocol: Parsed header. Millis 141920 Type: 0 Size: 10
2025-11-30T12:59:36.811919+01:00 esp32 Main: Received motor move
2025-11-30T12:59:36.825306+01:00 esp32 Protocol: Motor DX: 126 -1.000000, SX: 228 1.000000
2025-11-30T12:59:36.825845+01:00 esp32 Main: Battery: 3 , 12543 mV, 2257 raw
2025-11-30T12:59:36.838090+01:00 esp32 Protocol: Wifi 1, Server: 1, Latest millis: 141920, Used: 0, Read header: 0, Sensors count: 0
2025-11-30T12:59:36.989163+01:00 esp32 Protocol: Parsed header. Millis 142020 Type: 0 Size: 10
2025-11-30T12:59:36.990891+01:00 esp32 Main: Received motor move
2025-11-30T12:59:37.003542+01:00 esp32 Protocol: Motor DX: 4 1.000000, SX: 1 -1.000000
2025-11-30T12:59:37.223113+01:00 esp32 Protocol: Parsed header. Millis 142120 Type: 0 Size: 10
2025-11-30T12:59:37.228934+01:00 esp32 Main: Received motor move
2025-11-30T12:59:37.232647+01:00 esp32 Protocol: Motor DX: 0 1.000000, SX: 2 1.000000
2025-11-30T12:59:37.724330+01:00 esp32 Protocol: Parsed header. Millis 142821 Type: 0 Size: 10
2025-11-30T12:59:37.732757+01:00 esp32 Main: Received motor move
2025-11-30T12:59:37.740052+01:00 esp32 Protocol: Motor DX: 196 1.000000, SX: 255 -1.000000
2025-11-30T12:59:37.978230+01:00 esp32 Protocol: Parsed header. Millis 142921 Type: 0 Size: 10
2025-11-30T12:59:37.980222+01:00 esp32 Main: Received motor move
2025-11-30T12:59:37.994205+01:00 esp32 Protocol: Motor DX: 2 -1.000000, SX: 4 1.000000
2025-11-30T12:59:37.996077+01:00 esp32 Protocol: Parsed header. Millis 143021 Type: 0 Size: 10
2025-11-30T12:59:37.998981+01:00 esp32 Main: Received motor move
2025-11-30T12:59:38.013106+01:00 esp32 Protocol: Motor DX: 0 1.000000, SX: 2 1.000000
2025-11-30T12:59:38.761084+01:00 esp32 Protocol: Parsed header. Millis 143822 Type: 0 Size: 10
2025-11-30T12:59:38.761084+01:00 esp32 Main: Received motor move
2025-11-30T12:59:38.764085+01:00 esp32 Protocol: Motor DX: 14 1.000000, SX: 11 -1.000000
2025-11-30T12:59:38.970260+01:00 esp32 Protocol: Parsed header. Millis 143922 Type: 0 Size: 10
2025-11-30T12:59:38.977214+01:00 esp32 Main: Received motor move
2025-11-30T12:59:38.978860+01:00 esp32 Protocol: Motor DX: 240 1.000000, SX: 255 -1.000000
2025-11-30T12:59:38.990894+01:00 esp32 Protocol: Parsed header. Millis 144022 Type: 0 Size: 10
2025-11-30T12:59:38.995807+01:00 esp32 Main: Received motor move
2025-11-30T12:59:38.997868+01:00 esp32 Protocol: Motor DX: 36 1.000000, SX: 33 -1.000000
2025-11-30T12:59:39.221145+01:00 esp32 Protocol: Parsed header. Millis 144122 Type: 0 Size: 10
2025-11-30T12:59:39.223994+01:00 esp32 Main: Received motor move
2025-11-30T12:59:39.235922+01:00 esp32 Protocol: Motor DX: 0 1.000000, SX: 2 1.000000
2025-11-30T12:59:39.498311+01:00 esp32 Protocol: Parsed header. Millis 144622 Type: 0 Size: 10
2025-11-30T12:59:39.500101+01:00 esp32 Main: Received motor move
2025-11-30T12:59:39.511967+01:00 esp32 Protocol: Motor DX: 2 -1.000000, SX: 0 1.000000
2025-11-30T12:59:39.721283+01:00 esp32 Protocol: Parsed header. Millis 144722 Type: 0 Size: 10
2025-11-30T12:59:39.725125+01:00 esp32 Main: Received motor move
2025-11-30T12:59:39.738055+01:00 esp32 Protocol: Motor DX: 50 1.000000, SX: 47 -1.000000
2025-11-30T12:59:39.745893+01:00 esp32 Protocol: Parsed header. Millis 144822 Type: 0 Size: 10
2025-11-30T12:59:39.746026+01:00 esp32 Main: Received motor move
2025-11-30T12:59:39.755185+01:00 esp32 Protocol: Motor DX: 68 1.000000, SX: 65 -1.000000
2025-11-30T12:59:39.970454+01:00 esp32 Protocol: Parsed header. Millis 144923 Type: 0 Size: 10
2025-11-30T12:59:39.973289+01:00 esp32 Main: Received motor move
2025-11-30T12:59:39.986043+01:00 esp32 Protocol: Motor DX: 74 1.000000, SX: 63 -1.000000
2025-11-30T12:59:39.990553+01:00 esp32 Protocol: Parsed header. Millis 145023 Type: 0 Size: 10
2025-11-30T12:59:39.990553+01:00 esp32 Main: Received motor move
2025-11-30T12:59:40.002047+01:00 esp32 Protocol: Motor DX: 70 1.000000, SX: 59 -1.000000
2025-11-30T12:59:40.223284+01:00 esp32 Protocol: Parsed header. Millis 145123 Type: 0 Size: 10
2025-11-30T12:59:40.228949+01:00 esp32 Main: Received motor move
2025-11-30T12:59:40.234980+01:00 esp32 Protocol: Motor DX: 12 1.000000, SX: 1 -1.000000
2025-11-30T12:59:40.237012+01:00 esp32 Protocol: Parsed header. Millis 145223 Type: 0 Size: 10
2025-11-30T12:59:40.240023+01:00 esp32 Main: Received motor move
2025-11-30T12:59:40.254002+01:00 esp32 Protocol: Motor DX: 0 1.000000, SX: 2 1.000000
2025-11-30T12:59:40.702318+01:00 esp32 Protocol: Parsed header. Millis 145723 Type: 0 Size: 10
2025-11-30T12:59:40.706268+01:00 esp32 Main: Received motor move
2025-11-30T12:59:40.709017+01:00 esp32 Protocol: Motor DX: 90 1.000000, SX: 91 -1.000000
2025-11-30T12:59:40.725909+01:00 esp32 Protocol: Parsed header. Millis 145823 Type: 0 Size: 10
2025-11-30T12:59:40.726027+01:00 esp32 Main: Received motor move
2025-11-30T12:59:40.728029+01:00 esp32 Protocol: Motor DX: 98 1.000000, SX: 103 -1.000000
2025-11-30T12:59:40.981315+01:00 esp32 Protocol: Parsed header. Millis 145923 Type: 0 Size: 10
2025-11-30T12:59:40.985062+01:00 esp32 Main: Received motor move
2025-11-30T12:59:40.986950+01:00 esp32 Protocol: Motor DX: 96 1.000000, SX: 101 -1.000000
2025-11-30T12:59:41.000236+01:00 esp32 Protocol: Parsed header. Millis 146023 Type: 0 Size: 10
2025-11-30T12:59:41.001946+01:00 esp32 Main: Received motor move
2025-11-30T12:59:41.005075+01:00 esp32 Protocol: Motor DX: 98 1.000000, SX: 103 -1.000000
2025-11-30T12:59:41.230318+01:00 esp32 Protocol: Parsed header. Millis 146124 Type: 0 Size: 10
2025-11-30T12:59:41.245701+01:00 esp32 Main: Received motor move
2025-11-30T12:59:41.245701+01:00 esp32 Protocol: Motor DX: 96 1.000000, SX: 101 -1.000000
2025-11-30T12:59:41.245826+01:00 esp32 Protocol: Parsed header. Millis 146224 Type: 0 Size: 10
2025-11-30T12:59:41.251443+01:00 esp32 Main: Received motor move
2025-11-30T12:59:41.253874+01:00 esp32 Protocol: Motor DX: 52 1.000000, SX: 49 -1.000000
2025-11-30T12:59:41.268951+01:00 esp32 Protocol: Parsed header. Millis 146324 Type: 0 Size: 10
2025-11-30T12:59:41.270895+01:00 esp32 Main: Received motor move
2025-11-30T12:59:41.272955+01:00 esp32 Protocol: Motor DX: 6 1.000000, SX: 0 1.000000
2025-11-30T12:59:41.477404+01:00 esp32 Protocol: Parsed header. Millis 146424 Type: 0 Size: 10
2025-11-30T12:59:41.480159+01:00 esp32 Main: Received motor move
2025-11-30T12:59:41.491898+01:00 esp32 Protocol: Motor DX: 4 1.000000, SX: 1 -1.000000
2025-11-30T12:59:41.493877+01:00 esp32 Protocol: Parsed header. Millis 146524 Type: 0 Size: 10
2025-11-30T12:59:41.495833+01:00 esp32 Main: Received motor move
2025-11-30T12:59:41.507947+01:00 esp32 Protocol: Motor DX: 0 1.000000, SX: 2 1.000000
2025-11-30T12:59:41.730759+01:00 esp32 Protocol: Parsed header. Millis 146824 Type: 0 Size: 10
2025-11-30T12:59:41.732654+01:00 esp32 Main: Received motor move
2025-11-30T12:59:41.743973+01:00 esp32 Protocol: Motor DX: 38 1.000000, SX: 23 -1.000000
2025-11-30T12:59:41.979132+01:00 esp32 Protocol: Parsed header. Millis 146924 Type: 0 Size: 10
2025-11-30T12:59:41.981868+01:00 esp32 Main: Received motor move
2025-11-30T12:59:41.993940+01:00 esp32 Protocol: Motor DX: 64 1.000000, SX: 49 -1.000000
2025-11-30T12:59:42.002117+01:00 esp32 Protocol: Parsed header. Millis 147124 Type: 0 Size: 10
2025-11-30T12:59:42.003894+01:00 esp32 Main: Received motor move
2025-11-30T12:59:42.015948+01:00 esp32 Protocol: Motor DX: 62 1.000000, SX: 51 -1.000000
2025-11-30T12:59:42.222375+01:00 esp32 Protocol: Parsed header. Millis 147224 Type: 0 Size: 10
2025-11-30T12:59:42.228123+01:00 esp32 Main: Received motor move
2025-11-30T12:59:42.230881+01:00 esp32 Protocol: Motor DX: 68 1.000000, SX: 57 -1.000000
2025-11-30T12:59:42.480279+01:00 esp32 Protocol: Parsed header. Millis 147525 Type: 0 Size: 10
2025-11-30T12:59:42.481893+01:00 esp32 Main: Received motor move
2025-11-30T12:59:42.493966+01:00 esp32 Protocol: Motor DX: 76 1.000000, SX: 69 -1.000000
2025-11-30T12:59:42.722215+01:00 esp32 Protocol: Parsed header. Millis 147625 Type: 0 Size: 10
2025-11-30T12:59:42.725021+01:00 esp32 Main: Received motor move
2025-11-30T12:59:42.738053+01:00 esp32 Protocol: Motor DX: 88 1.000000, SX: 81 -1.000000
2025-11-30T12:59:42.740864+01:00 esp32 Protocol: Parsed header. Millis 147725 Type: 0 Size: 10
2025-11-30T12:59:42.743910+01:00 esp32 Main: Received motor move
2025-11-30T12:59:42.756952+01:00 esp32 Protocol: Motor DX: 94 1.000000, SX: 87 -1.000000
2025-11-30T12:59:42.764445+01:00 esp32 Protocol: Parsed header. Millis 147825 Type: 0 Size: 10
2025-11-30T12:59:42.764500+01:00 esp32 Main: Received motor move
2025-11-30T12:59:42.766978+01:00 esp32 Protocol: Motor DX: 96 1.000000, SX: 89 -1.000000
2025-11-30T12:59:42.980284+01:00 esp32 Protocol: Parsed header. Millis 147925 Type: 0 Size: 10
2025-11-30T12:59:42.982911+01:00 esp32 Main: Received motor move
2025-11-30T12:59:42.996011+01:00 esp32 Protocol: Motor DX: 68 1.000000, SX: 65 -1.000000
2025-11-30T12:59:42.997882+01:00 esp32 Protocol: Parsed header. Millis 148025 Type: 0 Size: 10
2025-11-30T12:59:42.999986+01:00 esp32 Main: Received motor move
2025-11-30T12:59:43.013932+01:00 esp32 Protocol: Motor DX: 18 1.000000, SX: 19 -1.000000
2025-11-30T12:59:43.230233+01:00 esp32 Protocol: Parsed header. Millis 148125 Type: 0 Size: 10
2025-11-30T12:59:43.231898+01:00 esp32 Main: Received motor move
2025-11-30T12:59:43.245934+01:00 esp32 Protocol: Motor DX: 0 1.000000, SX: 2 1.000000
2025-11-30T12:59:43.248878+01:00 esp32 Protocol: Parsed header. Millis 148325 Type: 0 Size: 10
2025-11-30T12:59:43.250295+01:00 esp32 Main: Received motor move
2025-11-30T12:59:43.266709+01:00 esp32 Protocol: Motor DX: 24 1.000000, SX: 17 -1.000000
2025-11-30T12:59:43.474181+01:00 esp32 Protocol: Parsed header. Millis 148425 Type: 0 Size: 10
2025-11-30T12:59:43.477042+01:00 esp32 Main: Received motor move
2025-11-30T12:59:43.481909+01:00 esp32 Protocol: Motor DX: 36 1.000000, SX: 33 -1.000000
2025-11-30T12:59:43.494967+01:00 esp32 Protocol: Parsed header. Millis 148526 Type: 0 Size: 10
2025-11-30T12:59:43.498877+01:00 esp32 Main: Received motor move
2025-11-30T12:59:43.500891+01:00 esp32 Protocol: Motor DX: 40 1.000000, SX: 37 -1.000000
2025-11-30T12:59:43.724217+01:00 esp32 Protocol: Parsed header. Millis 148626 Type: 0 Size: 10
2025-11-30T12:59:43.725915+01:00 esp32 Main: Received motor move
2025-11-30T12:59:43.738970+01:00 esp32 Protocol: Motor DX: 8 1.000000, SX: 5 -1.000000
2025-11-30T12:59:43.742994+01:00 esp32 Protocol: Parsed header. Millis 148726 Type: 0 Size: 10
2025-11-30T12:59:43.744961+01:00 esp32 Main: Received motor move
2025-11-30T12:59:43.757026+01:00 esp32 Protocol: Motor DX: 4 1.000000, SX: 1 -1.000000
2025-11-30T12:59:44.002835+01:00 esp32 Protocol: Parsed header. Millis 149126 Type: 0 Size: 10
2025-11-30T12:59:44.004957+01:00 esp32 Main: Received motor move
2025-11-30T12:59:44.017042+01:00 esp32 Protocol: Motor DX: 0 1.000000, SX: 2 1.000000
2025-11-30T12:59:46.436444+01:00 esp32 Protocol: Parsed header. Millis 151528 Type: 0 Size: 10
2025-11-30T12:59:46.440866+01:00 esp32 Main: Received motor move
2025-11-30T12:59:46.444849+01:00 esp32 Protocol: Motor DX: 36 -1.000000, SX: 38 1.000000
2025-11-30T12:59:46.507314+01:00 esp32 Protocol: Parsed header. Millis 151628 Type: 0 Size: 10
2025-11-30T12:59:46.508914+01:00 esp32 Main: Received motor move
2025-11-30T12:59:46.520942+01:00 esp32 Protocol: Motor DX: 60 -1.000000, SX: 86 1.000000
2025-11-30T12:59:46.724271+01:00 esp32 Protocol: Parsed header. Millis 151728 Type: 0 Size: 10
2025-11-30T12:59:46.726880+01:00 esp32 Main: Received motor move
2025-11-30T12:59:46.740164+01:00 esp32 Protocol: Motor DX: 70 -1.000000, SX: 100 1.000000
2025-11-30T12:59:46.743892+01:00 esp32 Protocol: Parsed header. Millis 151828 Type: 0 Size: 10
2025-11-30T12:59:46.748296+01:00 esp32 Main: Received motor move
2025-11-30T12:59:46.758943+01:00 esp32 Protocol: Motor DX: 68 -1.000000, SX: 102 1.000000
2025-11-30T12:59:46.825372+01:00 esp32 Main: Battery: 20 , 13249 mV, 2369 raw
2025-11-30T12:59:46.838227+01:00 esp32 Protocol: Wifi 1, Server: 1, Latest millis: 151828, Used: 0, Read header: 0, Sensors count: 0
2025-11-30T12:59:46.997330+01:00 esp32 Protocol: Parsed header. Millis 152128 Type: 0 Size: 10
2025-11-30T12:59:46.998922+01:00 esp32 Main: Received motor move
2025-11-30T12:59:47.012069+01:00 esp32 Protocol: Motor DX: 50 -1.000000, SX: 80 1.000000
2025-11-30T12:59:47.232228+01:00 esp32 Protocol: Parsed header. Millis 152228 Type: 0 Size: 10
2025-11-30T12:59:47.234081+01:00 esp32 Main: Received motor move
2025-11-30T12:59:47.246014+01:00 esp32 Protocol: Motor DX: 0 1.000000, SX: 2 1.000000
2025-11-30T12:59:47.485357+01:00 esp32 Protocol: Parsed header. Millis 152429 Type: 0 Size: 10
2025-11-30T12:59:47.485357+01:00 esp32 Main: Received motor move
2025-11-30T12:59:47.497038+01:00 esp32 Protocol: Motor DX: 4 1.000000, SX: 1 -1.000000
2025-11-30T12:59:47.732295+01:00 esp32 Protocol: Parsed header. Millis 152629 Type: 0 Size: 10
2025-11-30T12:59:47.734087+01:00 esp32 Main: Received motor move
2025-11-30T12:59:47.746099+01:00 esp32 Protocol: Motor DX: 0 1.000000, SX: 2 1.000000
2025-11-30T12:59:48.792543+01:00 esp32 Protocol: Parsed header. Millis 153830 Type: 0 Size: 10
2025-11-30T12:59:48.795411+01:00 esp32 Main: Received motor move
2025-11-30T12:59:48.808117+01:00 esp32 Protocol: Motor DX: 26 1.000000, SX: 20 1.000000
2025-11-30T12:59:48.975280+01:00 esp32 Protocol: Parsed header. Millis 153930 Type: 0 Size: 10
2025-11-30T12:59:48.980109+01:00 esp32 Main: Received motor move
2025-11-30T12:59:48.981902+01:00 esp32 Protocol: Motor DX: 56 1.000000, SX: 38 1.000000
2025-11-30T12:59:48.994291+01:00 esp32 Protocol: Parsed header. Millis 154030 Type: 0 Size: 10
2025-11-30T12:59:48.996345+01:00 esp32 Main: Received motor move
2025-11-30T12:59:49.000974+01:00 esp32 Protocol: Motor DX: 58 1.000000, SX: 40 1.000000
2025-11-30T12:59:49.234220+01:00 esp32 Protocol: Parsed header. Millis 154330 Type: 0 Size: 10
2025-11-30T12:59:49.237872+01:00 esp32 Main: Received motor move
2025-11-30T12:59:49.249942+01:00 esp32 Protocol: Motor DX: 56 1.000000, SX: 42 1.000000
2025-11-30T12:59:49.476135+01:00 esp32 Protocol: Parsed header. Millis 154430 Type: 0 Size: 10
2025-11-30T12:59:49.479887+01:00 esp32 Main: Received motor move
2025-11-30T12:59:49.482188+01:00 esp32 Protocol: Motor DX: 52 1.000000, SX: 34 1.000000
2025-11-30T12:59:49.496505+01:00 esp32 Protocol: Parsed header. Millis 154530 Type: 0 Size: 10
2025-11-30T12:59:49.498882+01:00 esp32 Main: Received motor move
2025-11-30T12:59:49.500875+01:00 esp32 Protocol: Motor DX: 20 1.000000, SX: 6 1.000000
2025-11-30T12:59:49.727285+01:00 esp32 Protocol: Parsed header. Millis 154630 Type: 0 Size: 10
2025-11-30T12:59:49.729053+01:00 esp32 Main: Received motor move
2025-11-30T12:59:49.741042+01:00 esp32 Protocol: Motor DX: 4 1.000000, SX: 1 -1.000000
2025-11-30T12:59:49.743078+01:00 esp32 Protocol: Parsed header. Millis 154731 Type: 0 Size: 10
2025-11-30T12:59:49.745926+01:00 esp32 Main: Received motor move
2025-11-30T12:59:49.758030+01:00 esp32 Protocol: Motor DX: 0 1.000000, SX: 2 1.000000
2025-11-30T12:59:56.825737+01:00 esp32 Main: Battery: 13 , 13067 mV, 2401 raw
2025-11-30T12:59:56.838991+01:00 esp32 Protocol: Wifi 1, Server: 1, Latest millis: 154731, Used: 0, Read header: 0, Sensors count: 0
2025-11-30T13:00:06.825911+01:00 esp32 Main: Battery: 22 , 13332 mV, 2416 raw
2025-11-30T13:00:06.839406+01:00 esp32 Protocol: Wifi 1, Server: 1, Latest millis: 154731, Used: 0, Read header: 0, Sensors count: 0
